key,text,tag,file,type,protected_text,translated
TM_NotEnoughMana,{0} needs more mana to cast this spell.,TM_NotEnoughMana,TM_English.xml,keyed,<ALIMT >(PH_1)</ALIMT> needs more mana to cast this spell.,{0}施展此法术需要更多的法力值。
TM_NotEnoughBlood,{0} has not sacrificed enough blood to cast this spell.,TM_NotEnoughBlood,TM_English.xml,keyed,<ALIMT >(PH_1)</ALIMT> has not sacrificed enough <ALIMT >blood</ALIMT> to cast this spell.,{0}没有足够的献祭血施展此咒。
TM_NotEnoughMaxMana,{0} does not have the mana reserves to sustain {1},TM_NotEnoughMaxMana,TM_English.xml,keyed,<ALIMT >(PH_2)</ALIMT> does not have the mana reserves to sustain <ALIMT >(PH_1)</ALIMT>,{0}没有法力储备{1}
TM_NotEnoughStamina,{0} does not have enough stamina to execute this ability.,TM_NotEnoughStamina,TM_English.xml,keyed,<ALIMT >(PH_1)</ALIMT> does not have enough stamina to execute this ability.,{0}没有足够的耐力来执行该能力。
TM_NotEnoughPsionicEnergy,{0} does not have enough psionic energy for {1}.,TM_NotEnoughPsionicEnergy,TM_English.xml,keyed,<ALIMT >(PH_2)</ALIMT> does not have enough psionic energy for <ALIMT >(PH_1)</ALIMT>.,{0}没有足够的灵能来{1}没有。
TM_NotEnoughChi,{0} does not have enough ch'i to execute this ability.,TM_NotEnoughChi,TM_English.xml,keyed,<ALIMT >(PH_1)</ALIMT> does not have enough ch'i to execute this ability.,{0}没有足够的 ch 'i 来执行此能力。
TM_NotEnoughEnergy,{0} does not have enough {1} to execute this ability.,TM_NotEnoughEnergy,TM_English.xml,keyed,<ALIMT >(PH_2)</ALIMT> does not have enough <ALIMT >(PH_1)</ALIMT> to execute this ability.,{0}没有足够的{1}来执行这个能力。
TM_NoRequiredNeed,{0} does not have the {1} need required to execute this ability.,TM_NoRequiredNeed,TM_English.xml,keyed,<ALIMT >(PH_2)</ALIMT> does not have the <ALIMT >(PH_1)</ALIMT> need required to execute this ability.,{0}没有{1}需要执行此能力。
TM_NoRequiredHediff,{0} does not have the {1} health effect required to execute this ability.,TM_NoRequiredHediff,TM_English.xml,keyed,<ALIMT >(PH_2)</ALIMT> does not have the <ALIMT >(PH_1)</ALIMT> health effect required to execute this ability.,{0}没有{1}执行此能力所需的健康效果。
TM_NoRequiredInspiration,{0} does not have the {1} inspiration required to execute this ability.,TM_NoRequiredInspiration,TM_English.xml,keyed,<ALIMT >(PH_2)</ALIMT> does not have the <ALIMT >(PH_1)</ALIMT> inspiration required to execute this ability.,{0}没有{1}执行此能力所需的灵感。
TM_NotInspired,{0} is not inspired.,TM_NotInspired,TM_English.xml,keyed,<ALIMT >(PH_1)</ALIMT> is not inspired.,{0}没有灵感。
MentalStateByPsyker,{0} overcome by a psychic assault.,MentalStateByPsyker,TM_English.xml,keyed,<ALIMT >(PH_1)</ALIMT> overcome by a psychic assault.,{0}被心灵攻击所征服。
TM_InvalidTarget,{0} found no valid target for ability {1}.,TM_InvalidTarget,TM_English.xml,keyed,<ALIMT >(PH_2)</ALIMT> found no valid target for ability <ALIMT >(PH_1)</ALIMT>.,{0}未找到适合能力的目标{1}没有。
InvalidPortal,"Invalid portal location - target position, and all adjacent positions, must be valid and free of debris.",InvalidPortal,TM_English.xml,keyed,"Invalid portal location - target position, and all adjacent positions, must be valid and free of debris.",无效的传送门位置-目标位置和所有相邻位置必须有效并且没有碎片。
InvalidMine,Invalid summoned mine location - target position must be valid and free of debris.,InvalidMine,TM_English.xml,keyed,Invalid summoned mine location - target position must be valid and free of debris.,无效的被召唤的矿址-目标位置必须有效并且没有碎片。
InvalidSummon,Attempted a summoning at an invalid location - target position must be valid and free of debris.,InvalidSummon,TM_English.xml,keyed,Attempted a summoning at an invalid location - target position must be valid and free of debris.,试图在无效地点召唤-目标位置必须有效并且没有碎片。
PylonDeSpawn,Mana cohesion holding a defensive pylon together has expired and the pylon has dissolved.,PylonDeSpawn,TM_English.xml,keyed,Mana cohesion holding a defensive pylon together has expired and the pylon has dissolved.,将防御塔连接在一起的法力凝聚力已经耗尽，塔也已溶解。
MineDeSpawn,Mana cohesion holding a mana mine together has deteriorated and the mana mine has safely dissolved.,MineDeSpawn,TM_English.xml,keyed,Mana cohesion holding a mana mine together has deteriorated and the mana mine has safely dissolved.,同一个法力矿的法力凝聚力已经下降，法力矿已经安全溶解。
MinionFled,One of your minions has fled back to its plane of existence.,MinionFled,TM_English.xml,keyed,One of your minions has fled back to its plane of existence.,你的一名仆从已经逃回了它的存在轨道。
NotArcaneBook,Book type not recognized as arcane script!,NotArcaneBook,TM_English.xml,keyed,Book type not recognized as arcane script!,书籍类型未识别为神秘剧本!
NotGiftedPawn,{0} does not have the Magically Gifted trait and cannot make use of this item.,NotGiftedPawn,TM_English.xml,keyed,<ALIMT >(PH_1)</ALIMT> does not have the Magically Gifted trait and cannot make use of this item.,{0}不具有神奇的天赋特性，无法利用此物品。
NotCombatBook,Book type not recognized as a combat form!,NotCombatBook,TM_English.xml,keyed,Book type not recognized as a combat form!,书籍类型未识别为战斗形式!
NotPhyAdeptPawn,Pawn does not possess the Physically Adept trait and cannot learn this combat form.,NotPhyAdeptPawn,TM_English.xml,keyed,Pawn does not possess the Physically Adept trait and cannot learn this combat form.,Pawn 不具备此战斗形态的身体熟练特性，因此无法学习此战斗形态。
CannotLearnSpell,Spell cannot be applied to this pawn.,CannotLearnSpell,TM_English.xml,keyed,Spell cannot be applied to this <ALIMT >(PH_1)</ALIMT>.,无法对此应用法术pawn没有。
CannotLearnSkill,Skill cannot be applied to this pawn.,CannotLearnSkill,TM_English.xml,keyed,Skill cannot be applied to this <ALIMT >(PH_1)</ALIMT>.,技能不能应用于此pawn没有。
NotMageToLearnSpell,Pawn is not attuned to with arcane forces and cannot learn the contents of this scroll.,NotMageToLearnSpell,TM_English.xml,keyed,Pawn is not attuned to with arcane forces and cannot learn the contents of this scroll.,Pawn 无法与神秘力量进行调谐，也无法学习此卷轴的内容。
NotFighterToLearnSkill,Pawn is not trained in a combat form and cannot apply the techniques from this scroll.,NotFighterToLearnSkill,TM_English.xml,keyed,Pawn is not trained in a combat form and cannot apply the techniques from this scroll.,Pawn 没有经过战斗训练，因此无法应用此卷轴上的技术。
InvalidBattery,"The spell failed, could not detect a common ground with the building (not a battery).",InvalidBattery,TM_English.xml,keyed,"The spell failed, could not detect a common ground with the building (not a battery).",咒语失败了，无法侦测到与建筑的共同点 (不是蓄电池)。
NotABuilding,Spell failed: target was not a building.,NotABuilding,TM_English.xml,keyed,Spell failed: target was not a building.,拼写失败: 目标不是建筑。
NotRightTerrainType,Unable to transform this type of land.,NotRightTerrainType,TM_English.xml,keyed,Unable to transform this type of land.,无法改造这种类型的土地。
TerraformFailed,Unable to transform land.,TerraformFailed,TM_English.xml,keyed,Unable to transform land.,无法改造土地。
TerraformNotSandOrGravel,"Unable to transform land, must be sand or gravel.",TerraformNotSandOrGravel,TM_English.xml,keyed,"Unable to transform land, must be sand or gravel.",无法改造土地的，必须是沙子或砾石。
PortalCollapseFinal,Portal has collapsed!,PortalCollapseFinal,TM_English.xml,keyed,Portal has collapsed!,传送门坍塌了!
PortalCollapseIn,Portal collapses in {0} seconds.,PortalCollapseIn,TM_English.xml,keyed,Portal collapses in <ALIMT >(PH_1)</ALIMT> seconds.,传送门坍塌于{0}秒。
InvalidTargetLocation,Invalid target location.,InvalidTargetLocation,TM_English.xml,keyed,Invalid target location.,无效的目标位置。
MustHaveRangedWeapon,{0} does not have a valid ranged weapon equipped. {0} must equip a ranged weapon to use this skill.,MustHaveRangedWeapon,TM_English.xml,keyed,<ALIMT >(PH_2)</ALIMT> does not have a valid ranged weapon equipped. <ALIMT >(PH_1)</ALIMT> must equip a ranged weapon to use this skill.,{0}没有装备有效的远程武器。{0}必须装备远程武器才能使用此技能。
MustBeUnarmed,{0} must be unarmed to execute {1},MustBeUnarmed,TM_English.xml,keyed,<ALIMT >(PH_2)</ALIMT> must be unarmed to execute <ALIMT >(PH_1)</ALIMT>,{0}必须没有武器才能处决{1}
MustHaveGunpowderWeapon,{0} does not have a valid ranged weapon equipped. {0} must equip a more advanced weapon to use this skill.,MustHaveGunpowderWeapon,TM_English.xml,keyed,<ALIMT >(PH_2)</ALIMT> does not have a valid ranged weapon equipped. <ALIMT >(PH_1)</ALIMT> must equip a more advanced weapon to use this skill.,{0}没有装备有效的远程武器。{0}必须装备更先进的武器才能使用此技能。
MustHaveMeleeWeapon,{0} does not have a valid melee weapon equipped. {0} must equip a melee weapon to use this skill.,MustHaveMeleeWeapon,TM_English.xml,keyed,<ALIMT >(PH_2)</ALIMT> does not have a valid melee weapon equipped. <ALIMT >(PH_1)</ALIMT> must equip a melee weapon to use this skill.,{0}没有装备有效的近战武器。{0}必须装备近战武器才能使用此技能。
TM_ShieldBlockingPowers,{0} must unequip {1} to use this ability.,TM_ShieldBlockingPowers,TM_English.xml,keyed,<ALIMT >(PH_2)</ALIMT> must unequip <ALIMT >(PH_1)</ALIMT> to use this ability.,{0}必须装备{1}使用此能力。
TM_OutOfRange,Target location is out of range.,TM_OutOfRange,TM_English.xml,keyed,Target location is out of range.,目标位置超出范围。
TM_OutOfLOS,"Ability failed, target was not visible to {0}.",TM_OutOfLOS,TM_English.xml,keyed,"Ability failed, target was not visible to <ALIMT >(PH_1)</ALIMT>.",能力失败，目标不可见{0}没有。
TM_CureDiseaseTypeFail,Unable to cure this type of disease.,TM_CureDiseaseTypeFail,TM_English.xml,keyed,Unable to cure this type of disease.,无法治愈这类疾病。
TM_NothingToRegenerate,No valid target found for Regeneration.,TM_NothingToRegenerate,TM_English.xml,keyed,No valid target found for Regeneration.,找不到用于再生的有效目标。
TM_CantSummonSelf,Cannot summon self.,TM_CantSummonSelf,TM_English.xml,keyed,Cannot summon self.,无法召唤自己。
TM_UndeadCollapsed,{0} does not have the mana to sustain {1}. {1} has disintegrated into mana to replenish {0}.,TM_UndeadCollapsed,TM_English.xml,keyed,<ALIMT >(PH_4)</ALIMT> does not have the mana to sustain <ALIMT >(PH_3)</ALIMT>. <ALIMT >(PH_2)</ALIMT> has disintegrated into mana to replenish <ALIMT >(PH_1)</ALIMT>.,{0}没有法力维持{1}没有。{1}已解化为法力补充{0}没有。
TM_ResistedSpell,Resisted!,TM_ResistedSpell,TM_English.xml,keyed,Resisted!,抵抗!
TM_CannotUseOnLiving,This spell cannot be used on the living.,TM_CannotUseOnLiving,TM_English.xml,keyed,This spell cannot be used on the living.,此咒语不能对活人使用。
TM_CannontConsumeCorpseType,Cannot consume this type of corpse.,TM_CannontConsumeCorpseType,TM_English.xml,keyed,Cannot consume this type of corpse.,不能食用这种类型的尸体。
TM_InvalidCorpseType,Corpse type is invalid for Consume Corpse.,TM_InvalidCorpseType,TM_English.xml,keyed,Corpse type is invalid for Consume Corpse.,尸体类型对于消耗尸体无效。
TM_Learn,Learn {0},TM_Learn,TM_English.xml,keyed,Learn <ALIMT >(PH_1)</ALIMT>,学习{0}
TM_GatewayBeyondMaximumRange,Target tile is beyond reach of Gateway.,TM_GatewayBeyondMaximumRange,TM_English.xml,keyed,Target tile is beyond reach of Gateway.,目标区格距离 Gateway 很远。
TM_InvalidGatewaySelection,Invalid target tile for Gateway.,TM_InvalidGatewaySelection,TM_English.xml,keyed,Invalid target tile for Gateway.,Gateway 的目标区格无效。
TM_InvalidGatewayNotOccupied,Gateway can only be used on map tiles occupied by colonists.,TM_InvalidGatewayNotOccupied,TM_English.xml,keyed,Gateway can only be used on map tiles occupied by colonists.,Gateway 只能在殖民者占用的地图格上使用。
TM_Exception,An exception has been throw by {0} while trying to cast {1} - restoring mana and exiting ability attempt.,TM_Exception,TM_English.xml,keyed,An exception has been throw by <ALIMT >(PH_2)</ALIMT> while trying to cast <ALIMT >(PH_1)</ALIMT> - restoring mana and exiting ability attempt.,抛出一个异常{0}尝试施放时{1}-恢复法力并尝试退出能力。
TM_ExceptionClose,An exception has been thrown while trying to close {0} - ending ability.,TM_ExceptionClose,TM_English.xml,keyed,An exception has been thrown while trying to close <ALIMT >(PH_1)</ALIMT> - ending ability.,试图关闭时引发了一个异常{0}-结束能力。
TM_ExceptionTick,An exception has been thrown during {0} - ending ability immediately.,TM_ExceptionTick,TM_English.xml,keyed,An exception has been thrown during <ALIMT >(PH_1)</ALIMT> - ending ability immediately.,期间引发了一个异常{0}-立即结束能力。
TM_InvalidResurrection,{0} was unable to find a valid target for Resurrection.,TM_InvalidResurrection,TM_English.xml,keyed,<ALIMT >(PH_1)</ALIMT> was unable to find a valid target for Resurrection.,{0}找不到有效的复活目标。
TM_ResurrectionTargetExpired,"Resurrection cannot restore this body, it has expired and can no longer sustain life.",TM_ResurrectionTargetExpired,TM_English.xml,keyed,"Resurrection cannot restore this body, it has expired and can no longer sustain life.",复活不能恢复这个身体，它已经过期，不能再维持生命了。
MustHaveBow,"{0} is armed with a {1}, {0} must use a bow to use this ability.",MustHaveBow,TM_English.xml,keyed,"<ALIMT >(PH_3)</ALIMT> is armed with a <ALIMT >(PH_2)</ALIMT>, <ALIMT >(PH_1)</ALIMT> must use a bow to use this ability.","{0}装备了{1},{0}必须使用弓使用此能力。"
TM_BondedAnimalRelease,The bond between {0} and {1} has ended and {0} has disappeared into the wild.,TM_BondedAnimalRelease,TM_English.xml,keyed,The bond between <ALIMT >(PH_3)</ALIMT> and <ALIMT >(PH_2)</ALIMT> has ended and <ALIMT >(PH_1)</ALIMT> has disappeared into the wild.,之间的纽带{0}和{1}已结束且{0}已消失在野外。
TM_BondedAnimalReleaseToColony,The bond between {0} and {1} has ended but {0} has chosen to remain in the colony.,TM_BondedAnimalReleaseToColony,TM_English.xml,keyed,The bond between <ALIMT >(PH_3)</ALIMT> and <ALIMT >(PH_2)</ALIMT> has ended but <ALIMT >(PH_1)</ALIMT> has chosen to remain in the colony.,之间的纽带{0}和{1}已结束但{0}已选择留在殖民地。
TM_AnimalIncapableOfBond,{0} does not have the intelligence to form a bond with {1}.,TM_AnimalIncapableOfBond,TM_English.xml,keyed,<ALIMT >(PH_2)</ALIMT> does not have the intelligence to form a bond with <ALIMT >(PH_1)</ALIMT>.,{0}没有可以建立纽带的智力{1}没有。
TM_AnimalAlreadyHasBond,{0} has already formed a bond with another ranger.,TM_AnimalAlreadyHasBond,TM_English.xml,keyed,<ALIMT >(PH_1)</ALIMT> has already formed a bond with another ranger.,{0}已经和另一个护林人建立了纽带。
TM_FailedRangerBond,{1} has failed to bond with {0} - {2}% chance,TM_FailedRangerBond,TM_English.xml,keyed,<ALIMT >(PH_3)</ALIMT> has failed to bond with <ALIMT >(PH_2)</ALIMT> - <ALIMT >(PH_1)</ALIMT> chance,{1}未能绑定{0}X{2}%几率
TM_RangerNotExperienced,"{1} is unable to establish a bond with {0}. {0} has a wildness of {2}% and {1} can only bond with a creature with {3}% or lower. This can be increased by investing points in ""Animal Empathy"".",TM_RangerNotExperienced,TM_English.xml,keyed,"<ALIMT >(PH_6)</ALIMT> is unable to establish a bond with <ALIMT >(PH_5)</ALIMT>. <ALIMT >(PH_4)</ALIMT> has a wildness of <ALIMT >(PH_3)</ALIMT> and <ALIMT >(PH_2)</ALIMT> can only bond with a creature with <ALIMT >(PH_1)</ALIMT> or lower. This can be increased by investing points in ""Animal Empathy"".",{1}无法与建立纽带{0}没有。{0}有野性{2}%和{1}只能与一个生物绑定{3}%或更低。这可以通过在 “动物同理心” 上投资点数来增加。
TM_TooManyTraps,"{0} is limited to {1} traps, removing oldest trap.",TM_TooManyTraps,TM_English.xml,keyed,"<ALIMT >(PH_2)</ALIMT> is limited to <ALIMT >(PH_1)</ALIMT> traps, removing oldest trap.",{0}限于{1}陷阱，移除最旧的陷阱。
TM_SummonedCreatureLimitExceeded,"{0} has exceeded the max number of summoned creatures, dismissing oldest summon.",TM_SummonedCreatureLimitExceeded,TM_English.xml,keyed,"<ALIMT >(PH_1)</ALIMT> has exceeded the max number of summoned creatures, dismissing oldest summon.",{0}已超过召唤的最大数量，解散最老的召唤者。
TM_NoMinionToDismiss,{0} has no summoned minions.,TM_NoMinionToDismiss,TM_English.xml,keyed,<ALIMT >(PH_1)</ALIMT> has no summoned minions.,{0}没有被召唤的仆从。
TM_NoGuardianSpiritToDismiss,{0} has no guardian spirit to dismiss.,TM_NoGuardianSpiritToDismiss,TM_English.xml,keyed,<ALIMT >(PH_1)</ALIMT> has no guardian spirit to dismiss.,{0}没有可以忽视的守护者。
TM_NoValidUndeadToDismiss,Target is not a valid target for dismiss undead.,TM_NoValidUndeadToDismiss,TM_English.xml,keyed,Target is not a valid target for dismiss undead.,目标不是消灭不死生物的有效目标。
TM_CannotUseGemOfInsight,"{0} already possesses an arcane or combat trait, or is an undead, and cannot make use of this gemstone.",TM_CannotUseGemOfInsight,TM_English.xml,keyed,"<ALIMT >(PH_1)</ALIMT> already possesses an arcane or combat trait, or is an undead, and cannot make use of this gemstone.",{0}已经拥有神秘或战斗的特性，或者是不死生物，并且无法利用这种宝石。
TM_ItemUseFailed,"Attempted to use an item and failed, reason: {0}",TM_ItemUseFailed,TM_English.xml,keyed,"Attempted to use an item and failed, reason: <ALIMT >(PH_1)</ALIMT>",试图使用物品但失败，原因:{0}
TM_SunlightCollapse,"A sun light has collapsed, {0} was unable to sustain it.",TM_SunlightCollapse,TM_English.xml,keyed,"A sun light has collapsed, <ALIMT >(PH_1)</ALIMT> was unable to sustain it.","一盏太阳灯落下了,{0}无法承受。"
TM_DamageAbsorbedAll,Absorbed,TM_DamageAbsorbedAll,TM_English.xml,keyed,Absorbed,已吸收
TM_DamageAbsorbed,Absorbed ({0} - {1}),TM_DamageAbsorbed,TM_English.xml,keyed,Absorbed (<ALIMT >(PH_2)</ALIMT> - <ALIMT >(PH_1)</ALIMT>),被吸收 ({0}X{1})
TM_NotSocialCapable,{0} is incapable of social activity and cannot become a bard.,TM_NotSocialCapable,TM_English.xml,keyed,<ALIMT >(PH_1)</ALIMT> is incapable of social activity and cannot become a bard.,{0}无法进行社交活动，也无法成为吟游诗人。
TM_CleaveChance,Cleave chance {0}%,TM_CleaveChance,TM_English.xml,keyed,Cleave chance <ALIMT >(PH_1)</ALIMT>,裂解几率{0}%
TM_WhirlwindDamage,Whirlwind damage per hit: {0},TM_WhirlwindDamage,TM_English.xml,keyed,Whirlwind damage per hit: <ALIMT >(PH_1)</ALIMT>,每击暴走伤害:{0}
TM_WeaponDamage,{0} damage: {1},TM_WeaponDamage,TM_English.xml,keyed,<ALIMT >(PH_2)</ALIMT> damage: <ALIMT >(PH_1)</ALIMT>,{0}伤害:{1}
TM_CritChance,{0} critical hit: {1},TM_CritChance,TM_English.xml,keyed,<ALIMT >(PH_2)</ALIMT> critical hit: <ALIMT >(PH_1)</ALIMT>,{0}暴击:{1}
TM_AntiArmorDamage,{0} damage: {1}; additional damage to mechanoids: {2},TM_AntiArmorDamage,TM_English.xml,keyed,<ALIMT >(PH_3)</ALIMT> damage: <ALIMT >(PH_2)</ALIMT>; additional damage to mechanoids: <ALIMT >(PH_1)</ALIMT>,{0}伤害:{1}; 对机械体的附加伤害:{2}
TM_ArrowStormDamage,{0} damage: {1}; accuracy: {2}%,TM_ArrowStormDamage,TM_English.xml,keyed,<ALIMT >(PH_3)</ALIMT> damage: <ALIMT >(PH_2)</ALIMT>; accuracy: <ALIMT >(PH_1)</ALIMT>,{0}伤害:{1}; 精度:{2}%
TM_LastManaGainPct,Mana Gain: {0}/5s,TM_LastManaGainPct,TM_English.xml,keyed,Mana Gain: <ALIMT >(PH_1)</ALIMT>/5s,法力加成:{0}/5 秒
TM_LastStaminaGainPct,Stamina Gain: {0}/5s,TM_LastStaminaGainPct,TM_English.xml,keyed,Stamina Gain: <ALIMT >(PH_1)</ALIMT>/5s,耐力增益:{0}/5 秒
TM_AssaultPending,Elementals are coming through the rift!,TM_AssaultPending,TM_English.xml,keyed,Elementals are coming through the rift!,元素正在穿过裂谷!
TM_MimicFailed,{0} is unable to copy an ability from this target.,TM_MimicFailed,TM_English.xml,keyed,<ALIMT >(PH_1)</ALIMT> is unable to copy an ability from this target.,{0}无法从此目标复制能力。
TM_CannotPossess,It is not possible for {0} to possess a {1}.,TM_CannotPossess,TM_English.xml,keyed,It is not possible for <ALIMT >(PH_2)</ALIMT> to possess a <ALIMT >(PH_1)</ALIMT>.,不能为{0}拥有一个{1}没有。
TM_CannotPossessNow,It is not possible for {0} to possess {1} in its current state.,TM_CannotPossessNow,TM_English.xml,keyed,It is not possible for <ALIMT >(PH_2)</ALIMT> to possess <ALIMT >(PH_1)</ALIMT> in its current state.,不能为{0}拥有{1}处于当前状态。
TM_PossessedCaughtStealing,{0} is blaming you for trying to steal from {1}! \n\nThey have condemned your vile manipulation and thievery and are now hostile to your faction.,TM_PossessedCaughtStealing,TM_English.xml,keyed,<ALIMT >(PH_4)</ALIMT> is blaming you for trying to steal from <ALIMT >(PH_3)</ALIMT>! <ALIMT >(PH_2)</ALIMT><ALIMT >(PH_1)</ALIMT>They have condemned your vile manipulation and thievery and are now hostile to your faction.,"{0}怪你偷东西{1}不!

他们谴责你卑鄙的操纵和盗窃，现在与你的派系敌对。"
TM_LetterLabelPossessedCaughtStealing,Caught Stealing!,TM_LetterLabelPossessedCaughtStealing,TM_English.xml,keyed,<ALIMT >caught</ALIMT> Stealing!,被发现偷窃!
TM_CannotSoulBondUndead,{0} cannot create a soul bond with the undead.,TM_CannotSoulBondUndead,TM_English.xml,keyed,<ALIMT >(PH_1)</ALIMT> cannot create a soul bond with the undead.,{0}无法与亡灵建立灵魂纽带。
TM_CannotSoulBondThing,Unable to create a soul bond with the target. {0} is only able to benefit from a soul bond with a living pawn possessing a familiar soul.,TM_CannotSoulBondThing,TM_English.xml,keyed,Unable to create a soul bond with the target. <ALIMT >(PH_2)</ALIMT> is only able to benefit from a soul bond with a living <ALIMT >(PH_1)</ALIMT> possessing a familiar soul.,无法与目标建立灵魂纽带。{0}只能从与活人的灵魂纽带中受益pawn拥有一个熟悉的灵魂。
TM_NothingToDominate,No valid target found for Dominate.,TM_NothingToDominate,TM_English.xml,keyed,No valid target found for Dominate.,找不到有效的支配目标。
TM_CannotSoulBondUnwilling,Unable to create a soul bond with {1}. {0} can only form a soul bond with a willing pawn (same faction).,TM_CannotSoulBondUnwilling,TM_English.xml,keyed,Unable to create a soul bond with <ALIMT >(PH_3)</ALIMT>. <ALIMT >(PH_2)</ALIMT> can only form a soul bond with a willing <ALIMT >(PH_1)</ALIMT> (same faction).,无法与建立灵魂纽带{1}没有。{0}只能与意志者建立灵魂纽带pawn(同一个派系)。
TM_CannotSoulBondAnother,{0} cannot form a soul bond with {1}. {1} already sustains this type of bond with another.,TM_CannotSoulBondAnother,TM_English.xml,keyed,<ALIMT >(PH_3)</ALIMT> cannot form a soul bond with <ALIMT >(PH_2)</ALIMT>. <ALIMT >(PH_1)</ALIMT> already sustains this type of bond with another.,{0}无法与建立灵魂纽带{1}没有。{1}已经与另一个人维系了这种类型的纽带。
TM_PsychicSensitivity,Psychic sensitivity: {0},TM_PsychicSensitivity,TM_English.xml,keyed,Psychic sensitivity: <ALIMT >(PH_1)</ALIMT>,心灵敏感度:{0}
TM_WarlockEmpathyDesc,I can feel the emotions of those around me.,TM_WarlockEmpathyDesc,TM_English.xml,keyed,I can feel the emotions of those around me.,我能感受到周围人的情绪。
TM_WarlockEmpathyOverwhelmed,"The emotions of those around me are overwhelming, I need to get away from all these people or find a way to mute these emotions.",TM_WarlockEmpathyOverwhelmed,TM_English.xml,keyed,"The emotions of those around me are overwhelming, I need to get away from all these people or find a way to mute these emotions.",我周围人的情绪是压倒性的，我需要远离所有这些人，或者想办法抑制这些情绪。
TM_Icon_Undead,Animated Undead,TM_Icon_Undead,TM_English.xml,keyed,Animated Undead,蹒跚怪形
TM_Icon_Mage,Magic Class,TM_Icon_Mage,TM_English.xml,keyed,Magic <ALIMT >class</ALIMT>,神奇班级
TM_Icon_Fighter,Combat Class,TM_Icon_Fighter,TM_English.xml,keyed,Combat <ALIMT >class</ALIMT>,战斗班级
TM_Icon_Custom,Custom Class,TM_Icon_Custom,TM_English.xml,keyed,Custom <ALIMT >class</ALIMT>,自定义班级
TM_NotPsychicSensitive,{0} attempted to become a psionic but does not seem to have the psychic sensitivity required to manifest psionic power.,TM_NotPsychicSensitive,TM_English.xml,keyed,<ALIMT >(PH_1)</ALIMT> attempted to become a psionic but does not seem to have the psychic sensitivity required to manifest psionic power.,{0}试图成为灵能者，但似乎没有显现灵能所需的心灵敏感度。
TM_TooManyStoneskins,{0} can only sustain stoneskin defenses on {1} pawns. {0} is currently defending {2} with stoneskin.,TM_TooManyStoneskins,TM_English.xml,keyed,<ALIMT >(PH_4)</ALIMT> can only sustain stoneskin defenses on <ALIMT >(PH_3)</ALIMT> pawns. <ALIMT >(PH_2)</ALIMT> is currently defending <ALIMT >(PH_1)</ALIMT> with stoneskin.,{0}只能维持石肤防御{1}爪子。{0}正在辩护{2}用石肤。
TM_NoSpritesToDismiss,{0} has no detected earth sprites - resetting ability parameters.,TM_NoSpritesToDismiss,TM_English.xml,keyed,<ALIMT >(PH_1)</ALIMT> has no detected earth sprites - resetting ability parameters.,{0}未检测到地球精灵-重置能力参数。
TM_SentinelDeSpawn,{0} has crumbled to dust without mana to sustain it.,TM_SentinelDeSpawn,TM_English.xml,keyed,<ALIMT >(PH_1)</ALIMT> has crumbled to dust without mana to sustain it.,{0}已经崩毁为尘埃，没有法力支持。
TM_TooManySentinels,"{0} is limited to {1} sentinels, removing oldest sentinel.",TM_TooManySentinels,TM_English.xml,keyed,"<ALIMT >(PH_2)</ALIMT> is limited to <ALIMT >(PH_1)</ALIMT> sentinels, removing oldest sentinel.",{0}限于{1}哨兵，移除最老的哨兵。
TM_NoSpawnSentinelOnBuilding,{0} cannot create a sentinel on top of an existing building.,TM_NoSpawnSentinelOnBuilding,TM_English.xml,keyed,<ALIMT >(PH_1)</ALIMT> cannot create a sentinel on top of an existing building.,{0}不能在现有建筑之上创建哨兵。
TM_SentinelCannotReturn,"The sentinel belonging to {0} could not return to its designated position, it is no longer reachable. The sentinel has dissolved into dust.",TM_SentinelCannotReturn,TM_English.xml,keyed,"The sentinel belonging to <ALIMT >(PH_1)</ALIMT> could not return to its designated position, it is no longer reachable. The sentinel has dissolved into dust.",哨兵所属{0}无法回到指定位置，无法再到达。哨兵已溶解进尘埃中。
TM_AugmentationsToggleDesc,"Enables or disables the automatic use of augmentations. If disabled, the psionic will never use augmentation skills.",TM_AugmentationsToggleDesc,TM_English.xml,keyed,"Enables or disables the automatic use of augmentations. If disabled, the psionic will never use augmentation skills.",启用或禁用强化的自动使用。如果禁用，灵能将永远不会使用强化技能。
TM_AugmentationsEnabled,Augments Enabled,TM_AugmentationsEnabled,TM_English.xml,keyed,Augments Enabled,强化启用
TM_AugmentationsDisabled,Augments Disabled,TM_AugmentationsDisabled,TM_English.xml,keyed,Augments Disabled,强化禁用
TM_MindAttackToggleDesc,Enables or disables the automatic use of mental attacks.,TM_MindAttackToggleDesc,TM_English.xml,keyed,Enables or disables the automatic use of mental attacks.,启用或禁用自动使用精神攻击。
TM_MindAttackEnabled,Mental Attack Enabled,TM_MindAttackEnabled,TM_English.xml,keyed,Mental Attack Enabled,精神攻击启用
TM_MindAttackDisabled,Mental Attack Disabled,TM_MindAttackDisabled,TM_English.xml,keyed,Mental Attack Disabled,精神攻击禁用
TM_CleaveToggleDesc,Enables or disables the automatic use of gladiator Cleave; this ability only triggers in melee combat.,TM_CleaveToggleDesc,TM_English.xml,keyed,Enables or disables the automatic use of gladiator Cleave; this ability only triggers in melee combat.,启用或禁用自动使用角斗士击刃; 该能力仅在近战中触发。
TM_CleaveEnabled,Cleave Enabled,TM_CleaveEnabled,TM_English.xml,keyed,Cleave Enabled,裂解开关
TM_CleaveDisabled,Cleave Disabled,TM_CleaveDisabled,TM_English.xml,keyed,Cleave Disabled,裂解被禁用
TM_CQCToggleDesc,Enables or disables the automatic use of CQC; this ability only triggers in melee combat.,TM_CQCToggleDesc,TM_English.xml,keyed,Enables or disables the automatic use of CQC; this ability only triggers in melee combat.,启用或禁用 CQC 的自动使用; 该能力仅在近战中触发。
TM_CQCEnabled,CQC Enabled,TM_CQCEnabled,TM_English.xml,keyed,CQC Enabled,CQC 启用
TM_CQCDisabled,CQC Disabled,TM_CQCDisabled,TM_English.xml,keyed,CQC Disabled,CQC 禁用
TM_CanNotTeachMagic,{0} is unable to mentor {1} in magic since {1} is not a mage.,TM_CanNotTeachMagic,TM_English.xml,keyed,<ALIMT >(PH_3)</ALIMT> is unable to mentor <ALIMT >(PH_2)</ALIMT> in magic since <ALIMT >(PH_1)</ALIMT> is not a mage.,{0}无法培养{1}身经百战{1}不是巫师。
TM_CanNotTeachCombat,{0} is unable to train {1} in combat since {1} is not a fighter.,TM_CanNotTeachCombat,TM_English.xml,keyed,<ALIMT >(PH_3)</ALIMT> is unable to train <ALIMT >(PH_2)</ALIMT> in combat since <ALIMT >(PH_1)</ALIMT> is not a fighter.,{0}无法训练{1}战斗中{1}不是斗士。
TM_CanNotTeachMagicDislike,{0} refuses to mentor {1} in magic due to the opinion {0} has of {1}.,TM_CanNotTeachMagicDislike,TM_English.xml,keyed,<ALIMT >(PH_4)</ALIMT> refuses to mentor <ALIMT >(PH_3)</ALIMT> in magic due to the opinion <ALIMT >(PH_2)</ALIMT> has of <ALIMT >(PH_1)</ALIMT>.,{0}拒绝教化{1}因意见而神奇{0}具有{1}没有。
TM_CanNotTeachCombatDislike,{0} refuses to train {1} in combat due to the opinion {0} has of {1}.,TM_CanNotTeachCombatDislike,TM_English.xml,keyed,<ALIMT >(PH_4)</ALIMT> refuses to train <ALIMT >(PH_3)</ALIMT> in combat due to the opinion <ALIMT >(PH_2)</ALIMT> has of <ALIMT >(PH_1)</ALIMT>.,{0}拒绝训练{1}在战斗中由于意见{0}具有{1}没有。
TM_TechnoBitToggleDesc,"Enables or disables the techno-bit, when disabled, the techno-bit will not perform any action.",TM_TechnoBitToggleDesc,TM_English.xml,keyed,"Enables or disables the techno-bit, when disabled, the techno-bit will not perform any action.",启用或禁用技术位，当禁用时，技术位将不执行任何操作。
TM_TechnoBitEnabled,Techno-Bit Enabled,TM_TechnoBitEnabled,TM_English.xml,keyed,Techno-Bit Enabled,技术位已启用
TM_TechnoBitDisabled,Techno-Bit Disabled,TM_TechnoBitDisabled,TM_English.xml,keyed,Techno-Bit Disabled,技术位禁用
TM_ElementalShotToggleDesc,"Enables or disables the elemental shot. When enabled, weapon projectiles will occasionally have elemental properties attached to the projectile. Elemental rounds consume small amounts of mana.",TM_ElementalShotToggleDesc,TM_English.xml,keyed,"Enables or disables the elemental shot. When enabled, weapon projectiles will occasionally have elemental properties attached to the projectile. Elemental rounds consume small amounts of mana.",启用或禁用元素射击。启用时，武器炮弹偶尔会附带元素属性。元素回合消耗少量法力。
TM_AnimalHasAllegience,This animal is already committed to another cause.,TM_AnimalHasAllegience,TM_English.xml,keyed,This animal is already committed to another cause.,这只动物已经在致力于另一项事业。
TM_TechnoBitRepair,Repair,TM_TechnoBitRepair,TM_English.xml,keyed,Repair,修理
TM_TechnoBitRepairDesc,Toggles the repair function of the techno-bit.,TM_TechnoBitRepairDesc,TM_English.xml,keyed,Toggles the repair function of the techno-bit.,切换技术位的维修功能。
TM_FoundNoReplicateTarget,Unable to detect a valid item to replicate.,TM_FoundNoReplicateTarget,TM_English.xml,keyed,Unable to detect a valid item to replicate.,无法检测到要复制的有效物品。
TM_FoundNoReplicateRecipe,Unable to determine a design or recipe for {0}.,TM_FoundNoReplicateRecipe,TM_English.xml,keyed,Unable to determine a design or recipe for <ALIMT >(PH_1)</ALIMT>.,无法确定的设计或配方{0}没有。
TM_NotEnoughHate,{0} does not have enough Hate to use {1}.,TM_NotEnoughHate,TM_English.xml,keyed,<ALIMT >(PH_2)</ALIMT> does not have enough Hate to use <ALIMT >(PH_1)</ALIMT>.,{0}没有足够的仇恨来使用{1}没有。
TM_ReplicatedUnrecognizedIngredient,{0} contains an unspecified ingredient and cannot be replicated.,TM_ReplicatedUnrecognizedIngredient,TM_English.xml,keyed,<ALIMT >(PH_1)</ALIMT> contains an unspecified ingredient and cannot be replicated.,{0}包含未指定的原料，无法复制。
TM_NoExternalBodyPartsCanBleed,{0} has no body part to draw blood from.,TM_NoExternalBodyPartsCanBleed,TM_English.xml,keyed,<ALIMT >(PH_1)</ALIMT> has no body part to draw <ALIMT >blood</ALIMT> from.,{0}没有身体部位血从这里。
TM_NoThingToTransmutate,{0} found no resources to transmutate at the target location.,TM_NoThingToTransmutate,TM_English.xml,keyed,<ALIMT >(PH_1)</ALIMT> found no resources to transmutate at the target location.,{0}在目标位置找不到可转化的资源。
TM_UnableToTransmutate,{0} is unable to transmutate {1}.,TM_UnableToTransmutate,TM_English.xml,keyed,<ALIMT >(PH_2)</ALIMT> is unable to transmutate <ALIMT >(PH_1)</ALIMT>.,{0}无法转化{1}没有。
TM_TransmutationLostCohesion,The material of {0} lost cohesion during transmutation and disintegrated.,TM_TransmutationLostCohesion,TM_English.xml,keyed,The material of <ALIMT >(PH_1)</ALIMT> lost cohesion during transmutation and disintegrated.,材料{0}在突变和崩解过程中失去了凝聚力。
TM_CancelPolymorph,Cancel Shapeshift,TM_CancelPolymorph,TM_English.xml,keyed,Cancel Shapeshift,取消变形
TM_CancelPolymorphDesc,Returns the caster to their original form prior to shape shifting.,TM_CancelPolymorphDesc,TM_English.xml,keyed,Returns the caster to their original form prior to shape shifting.,在移动形状之前让施法者恢复到原来的形态。
TM_NoMeleeWeaponToEnchant,No melee weapon found on {0} to enchant.,TM_NoMeleeWeaponToEnchant,TM_English.xml,keyed,No melee weapon found on <ALIMT >(PH_1)</ALIMT> to enchant.,未发现近战武器{0}去附魔。
TM_CannotEnchantArtifact,"{0} is unable to enchant {1}, this item cannot be enchanted further.",TM_CannotEnchantArtifact,TM_English.xml,keyed,"<ALIMT >(PH_2)</ALIMT> is unable to enchant <ALIMT >(PH_1)</ALIMT>, this item cannot be enchanted further.","{0}无法附魔{1},此物品无法再被附魔。"
TM_BrokenOutOfMentalState,{0} has broken out of mental state {1} with help from a mind ward.,TM_BrokenOutOfMentalState,TM_English.xml,keyed,<ALIMT >(PH_2)</ALIMT> has <ALIMT >broken</ALIMT> out of mental state <ALIMT >(PH_1)</ALIMT> with help from a mind ward.,{0}有破碎的精神崩溃{1}在心灵病房的帮助下。
TM_InsufficientMaterialForArtifact,Not enough {0} to create an enchanters stone.,TM_InsufficientMaterialForArtifact,TM_English.xml,keyed,Not enough <ALIMT >(PH_1)</ALIMT> to create an enchanters stone.,不够{0}解锁建造「魔石」。
TM_CannotCreateStone,{0} is not yet able to create an artifact from {1}.,TM_CannotCreateStone,TM_English.xml,keyed,<ALIMT >(PH_2)</ALIMT> is not yet able to create an artifact from <ALIMT >(PH_1)</ALIMT>.,{0}还不能创建神器{1}没有。
TM_CannotMimicBloodMage,Blood mage abilities can not be copied.,TM_CannotMimicBloodMage,TM_English.xml,keyed,<ALIMT >blood</ALIMT> mage abilities can not be copied.,血法师能力无法复制。
TM_ViolentCannotEquip,{0} is capable of violence and cannot equip {1},TM_ViolentCannotEquip,TM_English.xml,keyed,<ALIMT >(PH_2)</ALIMT> is capable of violence and cannot equip <ALIMT >(PH_1)</ALIMT>,{0}能够制造暴力并且不能装备{1}
TM_TraitorOrbRecruit,{0} has successfully convicted {1} to join your cause using the Orb of the Traitor.\n\nThe use of vile magic against {2} has angered {3} and reduced your standing with them by {4} by {5}.,TM_TraitorOrbRecruit,TM_English.xml,keyed,<ALIMT >(PH_8)</ALIMT> has successfully convicted <ALIMT >(PH_7)</ALIMT> to join your cause using the Orb of the Traitor.<ALIMT >(PH_6)</ALIMT><ALIMT >(PH_5)</ALIMT>The use of vile magic against <ALIMT >(PH_4)</ALIMT> has angered <ALIMT >(PH_3)</ALIMT> and reduced your standing with them by <ALIMT >(PH_2)</ALIMT> by <ALIMT >(PH_1)</ALIMT>.,"{0}已成功定罪{1}利用叛国者的星球加入你的事业。

邪恶魔术的使用{2}已激怒{3}并降低你与他们的地位{4}由{5}没有。"
TM_InsufficientManaForJob,"Not enough mana to start job: need 50, have {0}",TM_InsufficientManaForJob,TM_English.xml,keyed,"Not enough mana to start job: need 50, have <ALIMT >(PH_1)</ALIMT>",没有足够的法力值来开始工作: 需要 50，有{0}
TM_NoTraitsApplied,"Unable to apply any traits to {0}, the Orb of Souls can only apply traits that do not conflict with pre-existing traits.",TM_NoTraitsApplied,TM_English.xml,keyed,"Unable to apply any traits to <ALIMT >(PH_1)</ALIMT>, the Orb of Souls can only apply traits that do not conflict with pre-existing traits.","无法应用任何特性{0},则灵魂之球只能应用与先前的特性不冲突的特性。"
TM_NothingEnchanted,{0} was unable to improve the enchantments on {1} using a {2},TM_NothingEnchanted,TM_English.xml,keyed,<ALIMT >(PH_3)</ALIMT> was unable to improve the enchantments on <ALIMT >(PH_2)</ALIMT> using a <ALIMT >(PH_1)</ALIMT>,{0}无法改善{1}使用{2}
TM_Taunting,Taunting!,TM_Taunting,TM_English.xml,keyed,Taunting!,正在嘲弄!
TM_CeaseToExist,{0} has ceased to exist...,TM_CeaseToExist,TM_English.xml,keyed,<ALIMT >(PH_1)</ALIMT> has ceased to exist...,{0}已不复存在...
TM_EndingGameCondition,{0} has successfully ended the {1}.,TM_EndingGameCondition,TM_English.xml,keyed,<ALIMT >(PH_2)</ALIMT> has successfully ended the <ALIMT >(PH_1)</ALIMT>.,{0}已成功终止{1}没有。
TM_GameConditionChanged,{0} has inadvertently changed {1} into a {2}!,TM_GameConditionChanged,TM_English.xml,keyed,<ALIMT >(PH_3)</ALIMT> has inadvertently changed <ALIMT >(PH_2)</ALIMT> into a <ALIMT >(PH_1)</ALIMT>!,{0}无意中发生了变化{1}变成一个{2}不!
TM_GameConditionMadePermanent,The {0} has become permanent.,TM_GameConditionMadePermanent,TM_English.xml,keyed,The <ALIMT >(PH_1)</ALIMT> has become permanent.,该{0}已永久生效。
TM_GameConditionAdded,{0} has caused a(n) {1} while attempting to alter {2}.,TM_GameConditionAdded,TM_English.xml,keyed,<ALIMT >(PH_4)</ALIMT> has caused <ALIMT >(PH_3)</ALIMT> <ALIMT >(PH_2)</ALIMT> while attempting to alter <ALIMT >(PH_1)</ALIMT>.,{0}已导致a(n){1}试图改变时{2}没有。
TM_AlterGameConditionFailed,{0} has failed to alter the {1}.,TM_AlterGameConditionFailed,TM_English.xml,keyed,<ALIMT >(PH_2)</ALIMT> has failed to alter the <ALIMT >(PH_1)</ALIMT>.,{0}未能改变{1}没有。
TM_PredictionFeelsConfident,{0} feels confident that {1} has averted the {2}.,TM_PredictionFeelsConfident,TM_English.xml,keyed,<ALIMT >(PH_3)</ALIMT> feels confident that <ALIMT >(PH_2)</ALIMT> has averted the <ALIMT >(PH_1)</ALIMT>.,{0}确信{1}已避免{2}没有。
TM_PredictionFeelsUnsure,{0} is unsure if {1} has had any affect on the {2} prediction.,TM_PredictionFeelsUnsure,TM_English.xml,keyed,<ALIMT >(PH_3)</ALIMT> is unsure if <ALIMT >(PH_2)</ALIMT> has had any affect on the <ALIMT >(PH_1)</ALIMT> prediction.,{0}不确定是否{1}已影响{2}预言。
TM_PredictionUnease,"{0} feels uneasy about {1} changes made to the {2} prediction, perhaps something has gone awry...",TM_PredictionUnease,TM_English.xml,keyed,"<ALIMT >(PH_3)</ALIMT> feels uneasy about <ALIMT >(PH_2)</ALIMT> changes made to the <ALIMT >(PH_1)</ALIMT> prediction, perhaps something has gone awry...",{0}感到不安{1}对{2}预言，也许是出了什么差错...
TM_PredictionTerrified,"{0} is terrified, {1} feels sure something disastrous is about to happen...",TM_PredictionTerrified,TM_English.xml,keyed,"<ALIMT >(PH_2)</ALIMT> is terrified, <ALIMT >(PH_1)</ALIMT> feels sure something disastrous is about to happen...","{0}非常害怕,{1}确信即将发生灾难性的事情..."
TM_StatsReport_Undead,Undead: No Value,TM_StatsReport_Undead,TM_English.xml,keyed,Undead: No Value,不死: 没有值
TM_IncompatibleWeapon,Incompatible weapon for this ability.,TM_IncompatibleWeapon,TM_English.xml,keyed,Incompatible weapon for this ability.,该能力所使用的不相容武器。
TM_BondedPawnNotSpawned,"Unable to link to bonded pawn {0}, soul in transition.",TM_BondedPawnNotSpawned,TM_English.xml,keyed,"Unable to link to bonded <ALIMT >(PH_2)</ALIMT> <ALIMT >(PH_1)</ALIMT>, soul in transition.","无法链接至绑定pawn{0},灵魂正在转变。"
TM_WildSurge,Wild Surge: {0}!,TM_WildSurge,TM_English.xml,keyed,Wild Surge: <ALIMT >(PH_1)</ALIMT>!,狂暴:{0}不!
TM_CasterMute,{0} cannot cast spells while muted.,TM_CasterMute,TM_English.xml,keyed,<ALIMT >(PH_1)</ALIMT> cannot cast spells while muted.,{0}不能在静音状态下施法。
TM_IgnoredOrder,Ignored order,TM_IgnoredOrder,TM_English.xml,keyed,Ignored order,无视命令
TM_MustHaveWeaponType,"{0} is armed with a {1}, {0} must equip a {2} to use this ability.",TM_MustHaveWeaponType,TM_English.xml,keyed,"<ALIMT >(PH_4)</ALIMT> is armed with a <ALIMT >(PH_3)</ALIMT>, <ALIMT >(PH_2)</ALIMT> must equip a <ALIMT >(PH_1)</ALIMT> to use this ability.","{0}装备了{1},{0}必须装备{2}使用此能力。"
TM_SuppressingFireCount,Shots fired: {0},TM_SuppressingFireCount,TM_English.xml,keyed,Shots fired: <ALIMT >(PH_1)</ALIMT>,射击次数:{0}
TM_BuckshotFireCount,Buckshot pellets: {0},TM_BuckshotFireCount,TM_English.xml,keyed,Buckshot pellets: <ALIMT >(PH_1)</ALIMT>,炮弹颗粒:{0}
TM_LendColonist_UndeadFail,You're sending us dead bodies - Is this some kind of joke!?,TM_LendColonist_UndeadFail,TM_English.xml,keyed,You're sending us dead bodies - Is this some kind of joke!?,你要寄给我们死尸 -- 这是个笑话吗!？
TM_AlreadyLearnedAbility,{0} has already learned {1}.,TM_AlreadyLearnedAbility,TM_English.xml,keyed,<ALIMT >(PH_2)</ALIMT> has already learned <ALIMT >(PH_1)</ALIMT>.,{0}已经领悟了{1}没有。
TM_NotEnoughManaToSustain,{0} does not have enough mana to sustain {1}.,TM_NotEnoughManaToSustain,TM_English.xml,keyed,<ALIMT >(PH_2)</ALIMT> does not have enough mana to sustain <ALIMT >(PH_1)</ALIMT>.,{0}没有足够的法力维持{1}没有。
TM_CannotCastUnderRoof,{0} is unable to use {1} from under a roof.,TM_CannotCastUnderRoof,TM_English.xml,keyed,<ALIMT >(PH_2)</ALIMT> is unable to use <ALIMT >(PH_1)</ALIMT> from under a roof.,{0}无法使用{1}从屋顶下。
TM_UnableToTravel,Unable to travel to this destination.,TM_UnableToTravel,TM_English.xml,keyed,Unable to travel to this destination.,无法前往此目的地。
TM_SelectTargetOnMap,{0}: select target on map...,TM_SelectTargetOnMap,TM_English.xml,keyed,<ALIMT >(PH_1)</ALIMT>: select target on map...,{0}: 在地图上选择目标...
TM_AbandoningMap,"Your pawns are abandoning {0}, do you want to remove the map?",TM_AbandoningMap,TM_English.xml,keyed,"Your pawns are abandoning <ALIMT >(PH_1)</ALIMT>, do you want to remove the map?","你的爪牙正在遗弃{0},你想要移除当前地图吗？"
TM_IncompatibleWeaponType,{0} cannot use {1} - incompatible weapon.,TM_IncompatibleWeaponType,TM_English.xml,keyed,<ALIMT >(PH_2)</ALIMT> cannot use <ALIMT >(PH_1)</ALIMT> - incompatible weapon.,{0}无法使用{1}-不兼容的武器。
TM_SpiritAnimalChange,{0}'s spirit animal has changed from {1} to {2}.,TM_SpiritAnimalChange,TM_English.xml,keyed,<ALIMT >(PH_3)</ALIMT>'s spirit animal has changed from <ALIMT >(PH_2)</ALIMT> to <ALIMT >(PH_1)</ALIMT>.,{0}的灵兽已从{1}到{2}没有。
TM_InvalidAction,{0} cannot use {1} - invalid parameters.,TM_InvalidAction,TM_English.xml,keyed,<ALIMT >(PH_2)</ALIMT> cannot use <ALIMT >(PH_1)</ALIMT> - invalid parameters.,{0}无法使用{1}-无效参数。
TM_InvalidAbility,{0} was unable to use {1}.,TM_InvalidAbility,TM_English.xml,keyed,<ALIMT >(PH_2)</ALIMT> was unable to use <ALIMT >(PH_1)</ALIMT>.,{0}无法使用{1}没有。
TM_SlaveRefuses,{0} refuses to perform this action.,TM_SlaveRefuses,TM_English.xml,keyed,<ALIMT >(PH_1)</ALIMT> refuses to perform this action.,{0}拒绝执行此操作。
TM_SlaveScribeFail,{0} is unable to transcribe written lore as a slave.,TM_SlaveScribeFail,TM_English.xml,keyed,<ALIMT >(PH_1)</ALIMT> is unable to transcribe written lore as a <ALIMT >slave</ALIMT>.,{0}无法将书面知识转录为奴隶没有。
TM_MessageRitualRoleMustBeColonistOrPrisoner,{0} must be colonist or prisoner.,TM_MessageRitualRoleMustBeColonistOrPrisoner,TM_English.xml,keyed,<ALIMT >(PH_1)</ALIMT> must be colonist or prisoner.,{0}必须是殖民者或囚犯。
TM_MessageRitualRoleMustBeColonist,{0} must be a colonist.,TM_MessageRitualRoleMustBeColonist,TM_English.xml,keyed,<ALIMT >(PH_1)</ALIMT> must be a colonist.,{0}必须是殖民者。
TM_MessageRitualRoleMustBeVoidseeker,{0} must be a void seeker.,TM_MessageRitualRoleMustBeVoidseeker,TM_English.xml,keyed,<ALIMT >(PH_1)</ALIMT> must be a void seeker.,{0}必须是虚空探索者。
TM_MessageRitualRoleMustBeMage,{0} must be a mage.,TM_MessageRitualRoleMustBeMage,TM_English.xml,keyed,<ALIMT >(PH_1)</ALIMT> must be a mage.,{0}必须是一名巫师。
TM_MessageRitualRoleMustNotBeMage,{0} cannot already be a mage.,TM_MessageRitualRoleMustNotBeMage,TM_English.xml,keyed,<ALIMT >(PH_1)</ALIMT> cannot already be a mage.,{0}不能已经是巫师。
TM_MessageRitualRoleMustNotBeFighter,{0} cannot already be a fighter.,TM_MessageRitualRoleMustNotBeFighter,TM_English.xml,keyed,<ALIMT >(PH_1)</ALIMT> cannot already be a fighter.,{0}不能已经是战士。
TM_MessageRitualRoleCannotHaveTrait,{0} already has the {1} trait.,TM_MessageRitualRoleCannotHaveTrait,TM_English.xml,keyed,<ALIMT >(PH_2)</ALIMT> already has the <ALIMT >(PH_1)</ALIMT> trait.,{0}已经拥有{1}特性。
TM_MessageRitualRoleMustHaveTrait,{0} must have the {1} trait.,TM_MessageRitualRoleMustHaveTrait,TM_English.xml,keyed,<ALIMT >(PH_2)</ALIMT> must have the <ALIMT >(PH_1)</ALIMT> trait.,{0}必须拥有{1}特性。
TM_DoesNotHaveArcanePathwayInspiration,{0} no longer held an inspiration.,TM_DoesNotHaveArcanePathwayInspiration,TM_English.xml,keyed,<ALIMT >(PH_1)</ALIMT> no longer held an inspiration.,{0}不再有灵感了。
TM_MessageRitualRoleMustBeInspiredWith,{0} is not inspired with {1}.,TM_MessageRitualRoleMustBeInspiredWith,TM_English.xml,keyed,<ALIMT >(PH_2)</ALIMT> is not inspired with <ALIMT >(PH_1)</ALIMT>.,{0}未激发灵感{1}没有。
TM_MessageRitualRoleCannotBeUndead,{0} cannot be undead.,TM_MessageRitualRoleCannotBeUndead,TM_English.xml,keyed,<ALIMT >(PH_1)</ALIMT> cannot be undead.,{0}不能是亡灵。
TM_RuneCarving,rune engraving,TM_RuneCarving,TM_English.xml,keyed,rune engraving,符文雕刻
TM_ArcaneTatoo,arcane tattoo,TM_ArcaneTatoo,TM_English.xml,keyed,arcane tattoo,神秘纹身
TM_MaxGolemUpgradeReached,The max {0} upgrade has already been reached; resources have been returned,TM_MaxGolemUpgradeReached,TM_English.xml,keyed,The max <ALIMT >(PH_1)</ALIMT> upgrade has already been reached; resources have been returned,最大{0}升级已经达成，资源已回收
TM_NoGolemPartToRestore,There were no missing parts for {0} to replace; resources have been returned,TM_NoGolemPartToRestore,TM_English.xml,keyed,There were no missing parts for <ALIMT >(PH_1)</ALIMT> to replace; resources have been returned,没有零件缺失{0}以替换; 资源已被退回
TM_GolemBillUnsuccessful,Unable to complete golem recipe {0}; resources have been returned,TM_GolemBillUnsuccessful,TM_English.xml,keyed,Unable to complete golem recipe <ALIMT >(PH_1)</ALIMT>; resources have been returned,无法完成魔像配方{0}; 资源已回收
TM_GolemCannotReturn,"The golem could not return to its designated position, cell is unreachable or occupied.",TM_GolemCannotReturn,TM_English.xml,keyed,"The golem could not return to its designated position, cell is unreachable or occupied.",傀儡无法回到其指定位置，牢房无法到达或被占用。
TM_GolemPartReplaced,The {0} upgrade has replaced the {1} upgrade; only one upgrade of this type can occupy the {2}.,TM_GolemPartReplaced,TM_English.xml,keyed,The <ALIMT >(PH_3)</ALIMT> upgrade has replaced the <ALIMT >(PH_2)</ALIMT> upgrade; only one upgrade of this type can occupy the <ALIMT >(PH_1)</ALIMT>.,该{0}升级已取代{1}升级; 此类型的升级只能占用一次{2}没有。
TM_UnfinishedThingNoProduct,Unfinished {0},TM_UnfinishedThingNoProduct,TM_English.xml,keyed,Unfinished <ALIMT >(PH_1)</ALIMT>,未完成{0}
TM_NoPassionsToTransfer,No worthwhile passions found to transfer from {0} to {1}.,TM_NoPassionsToTransfer,TM_English.xml,keyed,No worthwhile passions found to transfer from <ALIMT >(PH_2)</ALIMT> to <ALIMT >(PH_1)</ALIMT>.,找不到有价值的兴趣来转移{0}到{1}没有。
TM_MustHaveInspiration,{0} must have an inspiration to use {1}.,TM_MustHaveInspiration,TM_English.xml,keyed,<ALIMT >(PH_2)</ALIMT> must have an inspiration to use <ALIMT >(PH_1)</ALIMT>.,{0}必须有一个灵感来使用{1}没有。
TM_BonusDamage,Bonus damage: {0},TM_BonusDamage,TM_English.xml,keyed,Bonus damage: <ALIMT >(PH_1)</ALIMT>,加成伤害:{0}
TM_NoRangedAttack,no ranged attack,TM_NoRangedAttack,TM_English.xml,keyed,no ranged attack,无远程攻击
TM_GolemLight,Light,TM_GolemLight,TM_English.xml,keyed,Light,点亮的
TM_GolemLightDesc,Toggle light,TM_GolemLightDesc,TM_English.xml,keyed,Toggle light,开关光源
TM_GolemMinimumToActivate,Insufficient energy to activate: {0} of {1},TM_GolemMinimumToActivate,TM_English.xml,keyed,Insufficient energy to activate: <ALIMT >(PH_2)</ALIMT> of <ALIMT >(PH_1)</ALIMT>,能量不足以激活:{0}来自{1}
TM_GolemChargesRemaining,{0} actions remaining,TM_GolemChargesRemaining,TM_English.xml,keyed,<ALIMT >(PH_1)</ALIMT> actions remaining,{0}行动剩余
TM_AlreadyHasSymbiote,{0} already has a symbiote.,TM_AlreadyHasSymbiote,TM_English.xml,keyed,<ALIMT >(PH_1)</ALIMT> already has a symbiote.,{0}已经有了一个共生体。
TM_CannotAlterWeatherType,Unable to create an alternate weather type from {0},TM_CannotAlterWeatherType,TM_English.xml,keyed,Unable to create an alternate weather type from <ALIMT >(PH_1)</ALIMT>,无法创建另一个天气类型{0}
TM_UnableToLearnAdvancedClass,{0} was unable to apply {1} because {2},TM_UnableToLearnAdvancedClass,TM_English.xml,keyed,<ALIMT >(PH_3)</ALIMT> was unable to apply <ALIMT >(PH_2)</ALIMT> because <ALIMT >(PH_1)</ALIMT>,{0}无法应用{1}因为{2}
TM_LearnFail_NotClass,no base class found,TM_LearnFail_NotClass,TM_English.xml,keyed,no base <ALIMT >class</ALIMT> found,无基地班级发现
TM_LearnFail_NoRequiredTrait,no required trait found,TM_LearnFail_NoRequiredTrait,TM_English.xml,keyed,no required trait found,未找到所需的特性
TM_LearnFail_DisallowedTrait,of a conflicting trait,TM_LearnFail_DisallowedTrait,TM_English.xml,keyed,of a conflicting trait,冲突特性
TM_IncitePassionSelection,{0} selected for Incite Passion,TM_IncitePassionSelection,TM_English.xml,keyed,<ALIMT >(PH_1)</ALIMT> selected for Incite <ALIMT >passion</ALIMT>,{0}选择鼓动激情
TM_SelectPassion,Select passion,TM_SelectPassion,TM_English.xml,keyed,Select <ALIMT >passion</ALIMT>,选择激情
TM_BookExperienceGrimoire,Magic class experience gain,TM_BookExperienceGrimoire,TM_English.xml,keyed,Magic <ALIMT >class</ALIMT> experience gain,神奇班级经验增长
TM_BookExperienceCombat,Combat class experience gain,TM_BookExperienceCombat,TM_English.xml,keyed,Combat <ALIMT >class</ALIMT> experience gain,战斗班级经验增长
TM_BookCausesWeakness,The reader will gain arcane weakness when studying this grimoire.,TM_BookCausesWeakness,TM_English.xml,keyed,The reader will gain arcane weakness when studying this grimoire.,读者在调查这本魔法书时会获得神秘的弱点。
TM_TooWeak,{0} has too much arcane weakness to study right now.,TM_TooWeak,TM_English.xml,keyed,<ALIMT >(PH_1)</ALIMT> has too much arcane weakness to study right now.,{0}有太多神秘的弱点需要现在学习。
TM_SpiritVerbatum,Spirit,TM_SpiritVerbatum,TM_English.xml,keyed,Spirit,灵
TM_AncientSpiritVerbatum,Ancient Spirit,TM_AncientSpiritVerbatum,TM_English.xml,keyed,Ancient Spirit,远古之灵
TM_VengefulSpiritVerbatum,Vengeful Spirit,TM_VengefulSpiritVerbatum,TM_English.xml,keyed,Vengeful Spirit,复仇之灵
TM_LostSpiritVerbatum,Lost Spirit,TM_LostSpiritVerbatum,TM_English.xml,keyed,Lost Spirit,失落的灵魂
TM_RegretSpiritVerbatum,Spirit of Regret,TM_RegretSpiritVerbatum,TM_English.xml,keyed,Spirit of Regret,悔悟精神
TM_BaseSpiritDesc,"A wandering spirit, anchored to this realm by some unknown force. The events surrounding the origins of this spirit are unknown, but powerful enough to cause the spirit to seek answers, justice, or redemption from the living.",TM_BaseSpiritDesc,TM_English.xml,keyed,"A wandering spirit, anchored to this realm by some unknown force. The events surrounding the origins of this spirit are unknown, but powerful enough to cause the spirit to seek answers, justice, or redemption from the living.",一个徘徊的灵魂，通过某种未知的力量锚定到这个领域。围绕这种精神起源的事件尚不清楚，但强大到足以导致精神从活人那里寻求答案、正义或赎回。
TM_AncientSpiritDesc,This spirit has existed for countless ages and it no longer remembers its purpose. Ancient spirits pursue their own ends and have become masters at controlling spirit energy. Maximum spirit energy is increased by 50.,TM_AncientSpiritDesc,TM_English.xml,keyed,This spirit has existed for countless ages and it no longer remembers its purpose. Ancient spirits pursue their own ends and have become masters at controlling spirit energy. Maximum spirit energy is increased by 50.,这种精神已经存在了无数时代，它不再记得它的目的了。远古神灵追求自己的目的，并成为控制精神能量的大师。最大灵能增加 50 个。
TM_VengefulSpiritDesc,"Vengeful spirits are full of spite and hatred, wishing only to inflict their misery onto the living. Vengeful spirits are able to exert more power during spirit distortion and spirit storm but are more difficult to harmonize with when possessing a living body. Increases attack rate of spirit storm by 25% and damage bonus of distort spirit by 6%. Reduces compatibility by 1.",TM_VengefulSpiritDesc,TM_English.xml,keyed,"Vengeful spirits are full of spite and hatred, wishing only to inflict their misery onto the living. Vengeful spirits are able to exert more power during spirit distortion and spirit storm but are more difficult to harmonize with when possessing a living body. Increases attack rate of spirit storm by 25% and damage bonus of distort spirit by 6%. Reduces compatibility by 1.",复仇的灵魂充满了怨恨和仇恨，只希望将他们的不幸降临到活着的人身上。复仇的灵魂能够在精神畸变和精神风暴中发挥更多的力量，但是当拥有一个生命体时就更难与之协调了。提高灵火风暴的攻击率 25%，扭曲灵的伤害加成 6%。兼容性降低 1。
TM_LostSpiritDesc,"Lost spirits wander the realm in a constant state of existential anguish, unable to perceive their purpose. The lost readily attach themselves to another's cause and more easily harmonize with kindred spirits. They are also able to strengthen the power of the rally spirit ability. Increase duration, radius, max targets, and bonuses of Spirit Rally by 10%. Increases compatibility by 2.",TM_LostSpiritDesc,TM_English.xml,keyed,"Lost spirits wander the realm in a constant state of existential anguish, unable to perceive their purpose. The lost readily attach themselves to another's cause and more easily harmonize with kindred spirits. They are also able to strengthen the power of the rally spirit ability. Increase duration, radius, max targets, and bonuses of Spirit Rally by 10%. Increases compatibility by 2.",失落的灵魂在持续的生存苦痛中游荡，无法察觉它们的意义。失神的人随遇而安，更容易与同道。他们还能够增强力量拉力赛精神能力。使心灵拉力赛的持续时间、半径、最大目标和加成增加 10%。提高兼容性 2。
TM_RegretSpiritDesc,"The spirit of regret is still able to remember their purpose as a spirit, but are were unable to right their wrongs before it was too late. Now they wander the world as a spirit, full of sadness and regret, still searching for a way to fulfill their purpose. Spirits of regret enhance the drain spirit ability by 20%.",TM_RegretSpiritDesc,TM_English.xml,keyed,"The spirit of regret is still able to remember their purpose as a spirit, but are were unable to right their wrongs before it was too late. Now they wander the world as a spirit, full of sadness and regret, still searching for a way to fulfill their purpose. Spirits of regret enhance the drain spirit ability by 20%.",悔悟之灵仍然能够记住他们作为灵魂的目的，但是在为时已晚之前无法纠正他们的错误。现在他们像一个灵魂一样在这个世界上徘徊，充满了悲伤和遗憾，仍然在寻找实现他们目标的方法。悔恨之灵使流失的灵质增强了 20%。
LetterLabelRegrowthSurgeryFail,Surgery Failed,LetterLabelRegrowthSurgeryFail,TM_English.xml,keyed,Surgery Failed,手术失败
LetterRegrowthSurgeryFail,"{0} just attempted to perform {1} on {2} but failed because {4} {3}.\n\nIn order to successfully perform this surgery, the following conditions must be met:\n\n1. Surgeon must be a Druid\n2. The druid must have learned the Regrow Limb spell.\n3. You must have a Seed of Life as an ingredient to perform the surgery.\n4. The druid must have 90 or more mana at the time of the surgery.\n5. After all these conditions are met, the druid must still perform the surgery successfully, which depends on their medical skill.\n\nGood luck, mage!",LetterRegrowthSurgeryFail,TM_English.xml,keyed,"<ALIMT >(PH_15)</ALIMT> just attempted to perform <ALIMT >(PH_14)</ALIMT> on <ALIMT >(PH_13)</ALIMT> but failed because <ALIMT >(PH_12)</ALIMT> <ALIMT >(PH_11)</ALIMT>.<ALIMT >(PH_10)</ALIMT><ALIMT >(PH_9)</ALIMT>In order to successfully perform this surgery, the following conditions must be met:<ALIMT >(PH_8)</ALIMT><ALIMT >(PH_7)</ALIMT>1. Surgeon must be a Druid<ALIMT >(PH_6)</ALIMT>2. The druid must have learned the Regrow Limb spell.<ALIMT >(PH_5)</ALIMT>3. You must have a Seed of Life as an ingredient to perform the surgery.<ALIMT >(PH_4)</ALIMT>4. The druid must have 90 or more mana at the time of the surgery.<ALIMT >(PH_3)</ALIMT>5. After all these conditions are met, the druid must still perform the surgery successfully, which depends on their medical skill.<ALIMT >(PH_2)</ALIMT><ALIMT >(PH_1)</ALIMT>Good luck, mage!","{0}刚刚试图表演{1}开{2}但失败了，因为{4}{3}没有。

要成功执行此手术，必须满足以下条件:

1.外科医生必须是药物
2.这个药物肯定已经学会了 “再生肢”。
3.你必须有一颗生命的种子作为进行手术的原料。
4.该药物在进行手术时必须拥有 90 点或更多的法力值。
5.在所有这些条件都得到满足后，药物必须仍然成功地进行手术，这取决于他们的医疗技能。

祝你好运，法师!"
TM_NotMagicUser,is not a magic user,TM_NotMagicUser,TM_English.xml,keyed,is not a magic user,不是施法者
TM_NoRegrowthSpell,has not learned the spell Regrow Limb,TM_NoRegrowthSpell,TM_English.xml,keyed,has not learned the spell Regrow Limb,尚未学会拼写
TM_InsufficientManaForSurgery,did not have enough mana to complete the operation - 90 or greater is required,TM_InsufficientManaForSurgery,TM_English.xml,keyed,did not have enough mana to complete the operation - 90 or greater is required,没有足够的法力来完成手术 -- 需要 90 或更多
LetterLabelRuneCarvingFail,Rune Carving Failed,LetterLabelRuneCarvingFail,TM_English.xml,keyed,Rune Carving Failed,符文雕刻失败
LetterRuneCarvingFail,"{0} just attempted to perform {1} on {2} but failed because {4} {3}.\n\nIn order to successfully perform a rune carving, the following conditions must be met:\n\n1. Surgeon must be a Mage\n2. The mage must have learned the Rune Carving ability.\n3. You must have at least {5} mana to complete carving a rune.\n4. The mage must be able to perform artistic and crafting.\n5.After all these conditions are met, the mage must still perform the carving successfully - rune carving success chance begins at 70% and increases based on crafting skill, artistic skill and rune carving skill.",LetterRuneCarvingFail,TM_English.xml,keyed,"<ALIMT >(PH_14)</ALIMT> just attempted to perform <ALIMT >(PH_13)</ALIMT> on <ALIMT >(PH_12)</ALIMT> but failed because <ALIMT >(PH_11)</ALIMT> <ALIMT >(PH_10)</ALIMT>.<ALIMT >(PH_9)</ALIMT><ALIMT >(PH_8)</ALIMT>In order to successfully perform a rune carving, the following conditions must be met:<ALIMT >(PH_7)</ALIMT><ALIMT >(PH_6)</ALIMT>1. Surgeon must be a Mage<ALIMT >(PH_5)</ALIMT>2. The mage must have learned the Rune Carving ability.<ALIMT >(PH_4)</ALIMT>3. You must have at least <ALIMT >(PH_3)</ALIMT> mana to complete carving a rune.<ALIMT >(PH_2)</ALIMT>4. The mage must be able to perform artistic and crafting.<ALIMT >(PH_1)</ALIMT>5.After all these conditions are met, the mage must still perform the carving successfully - rune carving success chance begins at 70% and increases based on crafting skill, artistic skill and rune carving skill.","{0}刚刚试图表演{1}开{2}但失败了，因为{4}{3}没有。

要成功执行符文雕刻，必须满足以下条件:

1.外科医生必须是巫师
2.巫师一定领悟了符文雕刻能力。
3.你必须至少拥有{5}法力值以完成雕刻一个符文。
4.法师必须能够进行艺术和手工工作。
5.在满足所有这些条件后，法师仍然必须成功地进行雕刻 -- 雕刻成功率从 70% 开始，并根据制作技能，艺术技能和雕刻技能提升。"
TM_NoRuneCarvingSpell,is unable to carve runes,TM_NoRuneCarvingSpell,TM_English.xml,keyed,is unable to carve runes,无法雕刻符文
TM_InsufficientManaForCarving,did not have enough mana to complete the rune carving - {0} requires {1} or more.,TM_InsufficientManaForCarving,TM_English.xml,keyed,did not have enough mana to complete the rune carving - <ALIMT >(PH_2)</ALIMT> requires <ALIMT >(PH_1)</ALIMT> or more.,没有足够的法力来完成符文雕刻-{0}需要{1}或更多。
TM_RuneCarvingFailed,{0} failed to successfully carve a rune for {1}'s {2} - success chance was {3}%,TM_RuneCarvingFailed,TM_English.xml,keyed,<ALIMT >(PH_4)</ALIMT> failed to successfully carve a rune for <ALIMT >(PH_3)</ALIMT>'s <ALIMT >(PH_2)</ALIMT> - success chance was <ALIMT >(PH_1)</ALIMT>,{0}未能成功雕刻一个符文给{1}的{2}-成功几率是{3}%
TM_CarvingFailedChance,Rune carving failed.,TM_CarvingFailedChance,TM_English.xml,keyed,Rune carving failed.,符文雕刻失败。
LetterLabelArcaneScriptCaravan,Caravan request,LetterLabelArcaneScriptCaravan,TM_English.xml,keyed,Caravan request,远行队请求
LetterArcaneScriptCaravan,"A nearby settlement, {0}, contacts you with a special trade request. They would like to purchase:\n\n  {1}\n\nIn return, they offer:\n\n  {2}\n\nThis request expires after: {3}\n\nIf you want to make the trade, send a caravan with the requested supplies. You can review this offer by selecting {0} on the world map.",LetterArcaneScriptCaravan,TM_English.xml,keyed,"A nearby settlement, <ALIMT >(PH_15)</ALIMT>, contacts you with a special trade request. They would like to purchase:<ALIMT >(PH_14)</ALIMT><ALIMT >(PH_13)</ALIMT>  <ALIMT >(PH_12)</ALIMT><ALIMT >(PH_11)</ALIMT><ALIMT >(PH_10)</ALIMT>In return, they offer:<ALIMT >(PH_9)</ALIMT><ALIMT >(PH_8)</ALIMT>  <ALIMT >(PH_7)</ALIMT><ALIMT >(PH_6)</ALIMT><ALIMT >(PH_5)</ALIMT>This request expires after: <ALIMT >(PH_4)</ALIMT><ALIMT >(PH_3)</ALIMT><ALIMT >(PH_2)</ALIMT>If you want to make the trade, send a caravan with the requested supplies. You can review this offer by selecting <ALIMT >(PH_1)</ALIMT> on the world map.","附近的定居点,{0},则会与您联系，并提出特殊的交易要求。他们想要购买:

{1}

作为回报，他们提供:

{2}

此请求在以下情况后过期:{3}

如果你想进行交易，请派遣一个远行队携带所需的物资。你可以通过选择来查看此提议{0}在世界地图上。"
LetterLabelRitualFail,Ritual failed,LetterLabelRitualFail,TM_English.xml,keyed,Ritual failed,仪式失败
LetterRitualFail,Your mages have failed to activate group ritual {0}. This ritual has a {1}% success chance. All resources were lost.,LetterRitualFail,TM_English.xml,keyed,Your mages have failed to activate group ritual <ALIMT >(PH_2)</ALIMT>. This ritual has a <ALIMT >(PH_1)</ALIMT> success chance. All resources were lost.,你的法师未能激活团体仪式{0}没有。这个仪式有一个{1}%成功率。所有资源都已丢失。
LetterRitualFailDamage,Your mages have failed to activate group ritual {0} and suffered from a backlash of magic for up to {2} damage. This ritual has a {1}% success chance. All resources were lost.,LetterRitualFailDamage,TM_English.xml,keyed,Your mages have failed to activate group ritual <ALIMT >(PH_3)</ALIMT> and suffered from a backlash of magic for up to <ALIMT >(PH_2)</ALIMT> damage. This ritual has a <ALIMT >(PH_1)</ALIMT> success chance. All resources were lost.,你的法师未能激活团体仪式{0}遭受近 20 年的神奇反冲{2}伤害。这个仪式有一个{1}%成功率。所有资源都已丢失。
TM_PredictionLetter,Prediction: {0},TM_PredictionLetter,TM_English.xml,keyed,Prediction: <ALIMT >(PH_1)</ALIMT>,预测:{0}
TM_PredictionText,{0} has predicted a {1} will occur within the next {2} hours.,TM_PredictionText,TM_English.xml,keyed,<ALIMT >(PH_3)</ALIMT> has predicted a <ALIMT >(PH_2)</ALIMT> will occur within the next <ALIMT >(PH_1)</ALIMT> hours.,{0}已预言一个{1}将在下一个{2}小时。
XPMultiplier,Mage XP gain multiplier,XPMultiplier,TM_English.xml,keyed,Mage XP gain multiplier,法师经验获取乘数
NeedMultiplier,Mana gain multiplier,NeedMultiplier,TM_English.xml,keyed,Mana gain multiplier,法力增益乘数
AICanCast,AI use abilities,AICanCast,TM_English.xml,keyed,AI use abilities,AI 使用能力
AIHardMode,AI hard mode,AIHardMode,TM_English.xml,keyed,AI hard mode,AI 硬核模式
DeathRadius,AI mage death retaliation radius,DeathRadius,TM_English.xml,keyed,AI mage death retaliation radius,AI 法师死亡报复半径
baseMageChance,Mage precursor commonality: ,baseMageChance,TM_English.xml,keyed,Mage precursor commonality: ,法师前体共性:
baseFighterChance,Fighter precursor commonality: ,baseFighterChance,TM_English.xml,keyed,Fighter precursor commonality: ,战机前体共性:
advMageChance,Mage commonality: ,advMageChance,TM_English.xml,keyed,Mage commonality: ,法师共性:
advFighterChance,Fighter commonality: ,advFighterChance,TM_English.xml,keyed,Fighter commonality: ,战机平民:
DeathExplosionMin,minimum damage,DeathExplosionMin,TM_English.xml,keyed,minimum damage,最低伤害
DeathExplosionMax,maximum damage,DeathExplosionMax,TM_English.xml,keyed,maximum damage,最大伤害
DeathExplosionField,{0},DeathExplosionField,TM_English.xml,keyed,<ALIMT >(PH_1)</ALIMT>,{0}
MagicyteChance,Magicyte Drop Chance,MagicyteChance,TM_English.xml,keyed,Magicyte Drop Chance,魔术师掉落几率
TM_enableAutocast,Enable auto-cast,TM_enableAutocast,TM_English.xml,keyed,Enable auto-cast,启用自动投射
TM_queueAutocast,Queue autocast jobs,TM_queueAutocast,TM_English.xml,keyed,Queue autocast jobs,队列自动投射工作
TM_queueAutocastDesc,"Non-violent and un-drafted autocast jobs will be queued as the next job to perform instead of interrupting the current job. Queued abilities may become invalid or sub-optimal, depending on the duration of the delay. Some abilities, like blink, phase strike, or 'zone' based jobs are exempt.",TM_queueAutocastDesc,TM_English.xml,keyed,"Non-violent and un-drafted autocast jobs will be queued as the next job to perform instead of interrupting the current job. Queued abilities may become invalid or sub-optimal, depending on the duration of the delay. Some abilities, like blink, phase strike, or 'zone' based jobs are exempt.",非暴力的和未被征召的自动投射工作将作为下一个要执行的工作排队，而不是打断当前的工作。排队的能力可能会变为无效或次最佳，这取决于延迟的持续时间。有些能力，比如眨眼、阶段打击或基于 “区域” 的工作是免税的。
TM_autocastUndraftedThreshold,Minimum energy % for auto-cast (undrafted),TM_autocastUndraftedThreshold,TM_English.xml,keyed,Minimum energy % for auto-cast (undrafted),自动施放 (未征召) 的最小能量 %
TM_autocastDraftedThreshold,Minimum energy % for auto-cast (drafted),TM_autocastDraftedThreshold,TM_English.xml,keyed,Minimum energy % for auto-cast (drafted),自动施放的最小能量 % (已征召)
TM_autocastEvaluationFrequency,Autocast evaluation frequency,TM_autocastEvaluationFrequency,TM_English.xml,keyed,Autocast evaluation frequency,自动投射评估频率
unrestrictedBloodTypesForBloodMagic,Unrestricted blood types for blood magic,unrestrictedBloodTypesForBloodMagic,TM_English.xml,keyed,Unrestricted <ALIMT >blood</ALIMT> types for <ALIMT >blood</ALIMT> magic,无限制血类型血神奇
TM_AggressiveAICasting,Aggressive AI Casting,TM_AggressiveAICasting,TM_English.xml,keyed,Aggressive AI Casting,好斗的 AI 施法
TM_ParacyteSoftCap,Paracyte Soft Cap: ,TM_ParacyteSoftCap,TM_English.xml,keyed,Paracyte Soft Cap: ,伞形软帽:
TM_ParacyteMagesCount,Mages count against soft cap (2ea),TM_ParacyteMagesCount,TM_English.xml,keyed,Mages count against soft cap (2ea),法师对软帽的计数 (2ea)
TM_UndeadUpkeepMultiplier,Undead upkeep cost,TM_UndeadUpkeepMultiplier,TM_English.xml,keyed,Undead upkeep cost,不死生物维持成本
TM_autocastAnimals,Autocast targets animals,TM_autocastAnimals,TM_English.xml,keyed,Autocast targets animals,自动投射目标为动物
TM_UnrestrictedWeaponCopy,Unrestricted Techno-Weapons,TM_UnrestrictedWeaponCopy,TM_English.xml,keyed,Unrestricted Techno-Weapons,无限制的科技武器
TM_DeathRetaliationIsLethal,Death retaliation always lethal,TM_DeathRetaliationIsLethal,TM_English.xml,keyed,Death retaliation always lethal,死亡报复总是致命的
TM_DeathRetaliationChance,Death retaliation chance,TM_DeathRetaliationChance,TM_English.xml,keyed,Death retaliation chance,死亡报复几率
TM_DeathRetaliationDelay,Death retaliation delay factor,TM_DeathRetaliationDelay,TM_English.xml,keyed,Death retaliation delay factor,死亡报复延迟系数
TM_CreateAreas,Create map areas,TM_CreateAreas,TM_English.xml,keyed,Create map areas,创建地图区域
TM_CreateAreasDesc,"Automatically creates zones for sprites, transmutation, and seed of regrowth. These zones are required for refined functionality of the associated abilities. Will note remove areas that have already been created. The player can manually create these zones at a later time, but they must be named exactly ""earth sprites"", ""transmutate"", and ""regrowth seed"". How they work: earth sprites will always select a new terraforming spot within the ""earth sprites"" area; when transmutate is set to autocast, an enchanter will only transmutate equipment in the ""transmutate"" area; a druid will automatically create a new seed of regrowth when the spell is available at the ""regrowth seed"" area (works best with a stockpile for seeds underneath the zone).",TM_CreateAreasDesc,TM_English.xml,keyed,"Automatically creates zones for sprites, transmutation, and seed of regrowth. These zones are required for refined functionality of the associated abilities. Will note remove areas that have already been created. The player can manually create these zones at a later time, but they must be named exactly ""earth sprites"", ""transmutate"", and ""regrowth seed"". How they work: earth sprites will always select a new terraforming spot within the ""earth sprites"" area; when transmutate is set to autocast, an enchanter will only transmutate equipment in the ""transmutate"" area; a druid will automatically create a new seed of regrowth when the spell is available at the ""regrowth seed"" area (works best with a stockpile for seeds underneath the zone).","自动为精灵、突变和种子的再生创建区域。这些区域是关联的能力的功能提炼所必需的。将注释删除已经创建的区域。玩家可以在以后手动创建这些区域，但是它们必须被准确地命名为 “大地灵能” 、 “转化” 和 “再生种子”。工作原理: 大地灵能者总是会在 “大地灵能” 区域内选择一个新的地形形成点; 当 transmutate 被设置为自动投射时, 一个附魔者只会在「突变」区域内的装备进行突变; 当该符咒位于「“再生种子” 区域 (在该区域下储存种子效果最好)。"
supportTraitChance,Supporting Trait Commonality,supportTraitChance,TM_English.xml,keyed,Supporting Trait Commonality,支持特性共性
TM_ClassWarning,**Change class settings only when starting a new game**,TM_ClassWarning,TM_English.xml,keyed,**Change <ALIMT >class</ALIMT> settings only when starting a new game**,* * 改变班级仅在开始新游戏时设置 * *
TM_RequiresRestart,**Any change requires a game restart**,TM_RequiresRestart,TM_English.xml,keyed,**Any change requires a game restart**,* * 任何改变都需要重启游戏 * *
TM_ClassOptions,Class Options,TM_ClassOptions,TM_English.xml,keyed,<ALIMT >class</ALIMT> Options,班级选项
TM_EnabledClasses,Enabled Classes,TM_EnabledClasses,TM_English.xml,keyed,Enabled Classes,已启用课程
TM_EnabledMages,Mages,TM_EnabledMages,TM_English.xml,keyed,Mages,佛教徒
TM_EnabledFighters,Fighters,TM_EnabledFighters,TM_English.xml,keyed,Fighters,角斗士
TM_Arcanist,Arcanist,TM_Arcanist,TM_English.xml,keyed,Arcanist,奥秘者
TM_FireMage,Fire Mage,TM_FireMage,TM_English.xml,keyed,Fire Mage,火焰骑士
TM_IceMage,Ice Mage,TM_IceMage,TM_English.xml,keyed,Ice Mage,冰面骑士
TM_LitMage,Lightning Mage,TM_LitMage,TM_English.xml,keyed,Lightning Mage,闪电骑士
TM_Geomancer,Geomancer,TM_Geomancer,TM_English.xml,keyed,Geomancer,风水
TM_Druid,Druid,TM_Druid,TM_English.xml,keyed,Druid,药物
TM_Paladin,Paladin,TM_Paladin,TM_English.xml,keyed,Paladin,圣骑士
TM_Priest,Priest,TM_Priest,TM_English.xml,keyed,<ALIMT >priest</ALIMT>,牧师服
TM_Bard,Bard,TM_Bard,TM_English.xml,keyed,Bard,吟游诗人
TM_Summoner,Summoner,TM_Summoner,TM_English.xml,keyed,Summoner,召唤师
TM_Necromancer,Necromancer,TM_Necromancer,TM_English.xml,keyed,Necromancer,死灵狂人
TM_Demonkin,Demonkin,TM_Demonkin,TM_English.xml,keyed,Demonkin,魔鬼种
TM_Gladiator,Gladiator,TM_Gladiator,TM_English.xml,keyed,Gladiator,角斗士
TM_Bladedancer,Bladedancer,TM_Bladedancer,TM_English.xml,keyed,Bladedancer,刀刃舞者
TM_Sniper,Sniper,TM_Sniper,TM_English.xml,keyed,Sniper,狙击手
TM_Ranger,Ranger,TM_Ranger,TM_English.xml,keyed,Ranger,护林人
TM_Faceless,Faceless,TM_Faceless,TM_English.xml,keyed,Faceless,无姓
TM_Psionic,Psionic,TM_Psionic,TM_English.xml,keyed,Psionic,灵能
TM_Technomancer,Technomancer,TM_Technomancer,TM_English.xml,keyed,Technomancer,科技狂人
TM_DeathKnight,Death Knight,TM_DeathKnight,TM_English.xml,keyed,Death Knight,死亡骑士
TM_BloodMage,Blood Mage,TM_BloodMage,TM_English.xml,keyed,<ALIMT >blood</ALIMT> Mage,血巫师
TM_Enchanter,Enchanter,TM_Enchanter,TM_English.xml,keyed,Enchanter,机械迷
TM_Chronomancer,Chronomancer,TM_Chronomancer,TM_English.xml,keyed,Chronomancer,计时仪
TM_Monk,Monk,TM_Monk,TM_English.xml,keyed,Monk,高僧
TM_Wanderer,Wanderer,TM_Wanderer,TM_English.xml,keyed,Wanderer,漫游者
TM_Wayfarer,Wayfarer,TM_Wayfarer,TM_English.xml,keyed,Wayfarer,旅行者
TM_ChaosMage,Chaos Mage,TM_ChaosMage,TM_English.xml,keyed,Chaos Mage,混乱巫师
TM_Commander,Commander,TM_Commander,TM_English.xml,keyed,Commander,指挥官
TM_SuperSoldier,Super Soldier,TM_SuperSoldier,TM_English.xml,keyed,Super Soldier,超级士兵
TM_ArcaneConduit,Arcane Conduit,TM_ArcaneConduit,TM_English.xml,keyed,Arcane Conduit,神秘电缆
TM_ManaWell,Mana Well,TM_ManaWell,TM_English.xml,keyed,Mana Well,法力井
TM_Boundless,Boundless,TM_Boundless,TM_English.xml,keyed,Boundless,无边无际
TM_Brightmage,Brightmage,TM_Brightmage,TM_English.xml,keyed,Brightmage,闪耀骑士
TM_Shaman,Shaman,TM_Shaman,TM_English.xml,keyed,Shaman,萨满
TM_Shadow,Shadow,TM_Shadow,TM_English.xml,keyed,Shadow,影
TM_Golemancer,Golemancer,TM_Golemancer,TM_English.xml,keyed,Golemancer,魔械猎人
TM_Apothecary,Apothecary,TM_Apothecary,TM_English.xml,keyed,Apothecary,药剂师
TM_Empath,Empath,TM_Empath,TM_English.xml,keyed,Empath,读心者
TM_Enlightened,Enlightened,TM_Enlightened,TM_English.xml,keyed,Enlightened,开明
TM_Cursed,Cursed,TM_Cursed,TM_English.xml,keyed,Cursed,被咒者
TM_FaeBlood,Fae Blood,TM_FaeBlood,TM_English.xml,keyed,Fae <ALIMT >blood</ALIMT>,异教徒血
TM_GiantsBlood,Giants Blood,TM_GiantsBlood,TM_English.xml,keyed,Giants <ALIMT >blood</ALIMT>,巨人血
TM_CustomClasses,Custom Classes,TM_CustomClasses,TM_English.xml,keyed,Custom Classes,自定义课程
TM_DisplayOptions,Display Options,TM_DisplayOptions,TM_English.xml,keyed,Display Options,显示选项
showLevelUpMessage,Show level up messages,showLevelUpMessage,TM_English.xml,keyed,Show level up messages,显示升级消息
TM_CameraSnap,Snap camera after teleport,TM_CameraSnap,TM_English.xml,keyed,Snap camera after teleport,传送后快速拍照
TM_CameraSnapDesc,"Snaps camera to selected pawn after teleporting (blink, phase strike, etc)",TM_CameraSnapDesc,TM_English.xml,keyed,"Snaps camera to selected <ALIMT >(PH_1)</ALIMT> after teleporting (blink, phase strike, etc)",将镜头对准选中的物体pawn传送后 (眨眼、相距冲击等)
AIMarking,AI mage marking,AIMarking,TM_English.xml,keyed,AI mage marking,AI 法师标记
AIMarkingDesc,Shows a small class icon next to an AI mage,AIMarkingDesc,TM_English.xml,keyed,Shows a small <ALIMT >class</ALIMT> icon next to an AI mage,显示一个小classAI 法师旁边的圣像
AIFighterMarking,AI fighter marking,AIFighterMarking,TM_English.xml,keyed,AI fighter marking,AI 战机标记
AIFighterMarkingDesc,Shows a small class icon next to an AI fighter,AIFighterMarkingDesc,TM_English.xml,keyed,Shows a small <ALIMT >class</ALIMT> icon next to an AI fighter,显示一个小classAI 战机旁边的圣像
AIFriendlyMarking,Mark controlled pawns,AIFriendlyMarking,TM_English.xml,keyed,Mark controlled pawns,标记受控制的 pawns
showClassIconOnColonistBar,Show class icon on colonist bar,showClassIconOnColonistBar,TM_English.xml,keyed,Show <ALIMT >class</ALIMT> icon on colonist bar,显示班级殖民者头像栏的头像
classIconSize,Class icon size,classIconSize,TM_English.xml,keyed,<ALIMT >class</ALIMT> icon size,班级图标大小
classIconSizeDesc,Changes the size of the class icon on the colonist bar,classIconSizeDesc,TM_English.xml,keyed,Changes the size of the <ALIMT >class</ALIMT> icon on the colonist bar,改变班级殖民者头像栏的头像
TM_shrinkIcons,Shrink Icons,TM_shrinkIcons,TM_English.xml,keyed,Shrink Icons,缩小图标
TM_shrinkIconsDesc,Shrinks the size of icons when selecting pawns with a large number of abilities,TM_shrinkIconsDesc,TM_English.xml,keyed,Shrinks the size of icons when selecting pawns with a large number of abilities,当选择具有大量能力的 pawns 时，缩小图标的大小
showAbilitiesOnMultiSelect,Show abilities when selecting multiple pawns,showAbilitiesOnMultiSelect,TM_English.xml,keyed,Show abilities when selecting multiple pawns,选择多个 pawns 时显示能力
showMagicGizmo,Show mana/stamina/psi energy as gizmo,showMagicGizmo,TM_English.xml,keyed,Show mana/stamina/psi energy as gizmo,将法力/耐力/磅级能量显示为小发明
showUndeadPawnChange,Change undead pawn appearance,showUndeadPawnChange,TM_English.xml,keyed,Change undead <ALIMT >(PH_1)</ALIMT> appearance,改变亡灵pawn外观
showUndeadPawnChangeDesc,"Undead pawns will show varying rot stages; if this is disabled, undead pawns will appear as they were when alive",showUndeadPawnChangeDesc,TM_English.xml,keyed,"Undead pawns will show varying rot stages; if this is disabled, undead pawns will appear as they were when alive",不死的 pawns 将显示不同的腐烂阶段; 如果此选项被禁用，不死的 pawns 将出现在他们活着的时候
showUndeadAnimalChange,Change undead animal appearance,showUndeadAnimalChange,TM_English.xml,keyed,Change undead animal appearance,改变不死动物外观
showUndeadAnimalChangeDesc,"Undead animals will show the first stage of rot (decayed); if this is disabled, undead animals will appear as they were when alive",showUndeadAnimalChangeDesc,TM_English.xml,keyed,"Undead animals will show the first stage of rot (decayed); if this is disabled, undead animals will appear as they were when alive",不死动物将进入腐烂 (衰竭) 的第一阶段; 如果禁用此选项，不死动物将照常出现。
TM_AlterClothingDepth,Adjust clothing draw depth,TM_AlterClothingDepth,TM_English.xml,keyed,Adjust clothing draw depth,调整衣物吸引深度
TM_AlterClothingDepthDesc,"When this is enabled, the following options will change the order in which clothing is drawn (on top of or underneath other clothes).",TM_AlterClothingDepthDesc,TM_English.xml,keyed,"When this is enabled, the following options will change the order in which clothing is drawn (on top of or underneath other clothes).",启用后，以下选项将改变衣服的绘制顺序 (在其他衣服的上面或下面)。
TM_offsetApplyAt,Offset threshold mark,TM_offsetApplyAt,TM_English.xml,keyed,Offset threshold mark,偏移临界值
TM_offsetApplyAtDesc,Applies offset to clothing when its total depth is greater than this value; use this threshold to adjust multilayer clothing if it appears above both cloaks and hair.,TM_offsetApplyAtDesc,TM_English.xml,keyed,Applies offset to clothing when its total depth is greater than this value; use this threshold to adjust multilayer clothing if it appears above both cloaks and hair.,当衣物的总深度大于此值时，对其应用偏移; 如果多层衣物同时出现在披风和头发的上方，使用此阈值可以调整多层衣物。
TM_offsetMultilayerClothing,Multi-layer offset,TM_offsetMultilayerClothing,TM_English.xml,keyed,Multi-layer offset,多层偏移
TM_offsetMultilayerClothingDesc,"Adjusts the display depth of multi-layered clothing, but only when the calculated offset is extreme (would appear on top of all other clothes). This is primarily intended to correct the draw depth for cloaks.",TM_offsetMultilayerClothingDesc,TM_English.xml,keyed,"Adjusts the display depth of multi-layered clothing, but only when the calculated offset is extreme (would appear on top of all other clothes). This is primarily intended to correct the draw depth for cloaks.",调整多层衣物的显示深度，但仅当计算的偏移值为最大值时 (会显示在其他所有衣物的顶部)。这主要用于校正披风的绘制深度。
TM_CloakDepth,Cloak draw depth,TM_CloakDepth,TM_English.xml,keyed,Cloak draw depth,披风吸引深度
TM_CloakDepthDesc,"Adjusts the draw depth of cloaks to appear on top of or underneath other clothing. If this value needs to be adjusted, it is usually very small (.001).",TM_CloakDepthDesc,TM_English.xml,keyed,"Adjusts the draw depth of cloaks to appear on top of or underneath other clothing. If this value needs to be adjusted, it is usually very small (.001).",调整披风的绘制深度，使其显示在其他衣物的顶部或下方。如果这个值需要调整，它通常是非常小的 (.001)。
TM_CloakDepthNorth,Cloak draw depth (north),TM_CloakDepthNorth,TM_English.xml,keyed,Cloak draw depth (north),披风吸引深度 (北)
TM_CloakDepthNorthDesc,"Adjusts the draw depth of cloaks to appear on top of or underneath other clothing when the character is facing north (up). If this value needs to be adjusted, it is usually very small (.001).",TM_CloakDepthNorthDesc,TM_English.xml,keyed,"Adjusts the draw depth of cloaks to appear on top of or underneath other clothing when the character is facing north (up). If this value needs to be adjusted, it is usually very small (.001).",当角色朝北时，调整披风的绘制深度以显示在其他衣物的顶部或下方。如果这个值需要调整，它通常是非常小的 (.001)。
TM_EventOptions,Event Options,TM_EventOptions,TM_English.xml,keyed,Event Options,事件选项
riftChallenge,Elemental Rift Difficulty:,riftChallenge,TM_English.xml,keyed,Elemental Rift Difficulty:,元素裂谷难度:
lichChallenge,Wandering Lich Difficulty:,lichChallenge,TM_English.xml,keyed,Wandering Lich Difficulty:,徘徊中的巫医难度:
demonChallenge,Demon Assault Difficulty:,demonChallenge,TM_English.xml,keyed,Demon Assault Difficulty:,恶魔突击难度:
TM_GolemOptions,Golem Options,TM_GolemOptions,TM_English.xml,keyed,Golem Options,魔像选项
TM_GolemShowDormantFrameWhileActive,Show dormant frame,TM_GolemShowDormantFrameWhileActive,TM_English.xml,keyed,Show dormant frame,显示休眠框架
TM_GolemShowDormantFrameWhileActiveDesc,Shows an outline of a dormant golem at their dormant position while the golem is active.,TM_GolemShowDormantFrameWhileActiveDesc,TM_English.xml,keyed,Shows an outline of a dormant golem at their dormant position while the golem is active.,显示了一个处于休眠状态的休眠傀儡的轮廓。
TM_GolemShowColonistBar,Show golems on colonist bar,TM_GolemShowColonistBar,TM_English.xml,keyed,Show golems on colonist bar,在殖民者酒吧展示傀儡
TM_GolemShowColonistBarDesc,"When enabled, golems will appear on the colonist bar along with other colonists. Applies to all golem types.",TM_GolemShowColonistBarDesc,TM_English.xml,keyed,"When enabled, golems will appear on the colonist bar along with other colonists. Applies to all golem types.",启用后，魔像将与其他殖民者一起出现在殖民者栏上。适用于所有傀儡类型。
TM_FactionOptions,Faction Options,TM_FactionOptions,TM_English.xml,keyed,Faction Options,派系选项
TM_ExtraOptions,Extra Options,TM_ExtraOptions,TM_English.xml,keyed,Extra Options,额外选项
TM_global_regen_pwr,Clarity,TM_global_regen_pwr,TM_English.xml,keyed,Clarity,澄清
TM_global_regen_pwr_desc,Increases the rate mana is recovered by 5% per level.,TM_global_regen_pwr_desc,TM_English.xml,keyed,Increases the rate mana is recovered by 5% per level.,提升速度，每等级恢复 5% 点法力值。
TM_global_eff_pwr,Focus,TM_global_eff_pwr,TM_English.xml,keyed,Focus,注意集中
TM_global_eff_pwr_desc,Decreases the mana cost of all abilities by an additional 2.5% per level.,TM_global_eff_pwr_desc,TM_English.xml,keyed,Decreases the mana cost of all abilities by an additional 2.5% per level.,每级降低所有能力的法力消耗 2.5%
TM_global_spirit_pwr,Spirit,TM_global_spirit_pwr,TM_English.xml,keyed,Spirit,灵
TM_global_spirit_pwr_desc,Increase maximum mana by 4 per skill level.,TM_global_spirit_pwr_desc,TM_English.xml,keyed,Increase maximum mana by 4 per skill level.,每技能等级增加最高法力 4 个。
TM_global_refresh_pwr,Fitness,TM_global_refresh_pwr,TM_English.xml,keyed,Fitness,体能
TM_global_refresh_pwr_desc,Increases the rate stamina is recovered by 5% per level.,TM_global_refresh_pwr_desc,TM_English.xml,keyed,Increases the rate stamina is recovered by 5% per level.,速度增加，耐力每一级恢复 5%。
TM_global_seff_pwr,Coordination,TM_global_seff_pwr,TM_English.xml,keyed,Coordination,协调性
TM_global_seff_pwr_desc,Decreases the stamina cost of all abilities by an additional 3% per level.,TM_global_seff_pwr_desc,TM_English.xml,keyed,Decreases the stamina cost of all abilities by an additional 3% per level.,每级减少所有能力的耐力消耗 3%
TM_global_strength_pwr,Strength,TM_global_strength_pwr,TM_English.xml,keyed,Strength,强度
TM_global_strength_pwr_desc,Increases the damage of combat abilities by 5% per level.,TM_global_strength_pwr_desc,TM_English.xml,keyed,Increases the damage of combat abilities by 5% per level.,等级增加 5% 的伤害。
TM_global_endurance_pwr,Endurance,TM_global_endurance_pwr,TM_English.xml,keyed,Endurance,耐久度
TM_global_endurance_pwr_desc,Increases maximum stamina by 4 per level.,TM_global_endurance_pwr_desc,TM_English.xml,keyed,Increases maximum stamina by 4 per level.,每级增加最大耐力 4 只。
TM_WandererCraft_pwr_desc,"Each skill point:
Ability power: +1%
Ability resistance: +2%",TM_WandererCraft_pwr_desc,TM_English.xml,keyed,Each skill point:<ALIMT >(PH_2)</ALIMT>Ability power: +1%<ALIMT >(PH_1)</ALIMT>Ability resistance: +2%,"每个技能点:
能力力量: + 1%
能力抵抗: + 2%"
TM_WandererCraft_eff_desc,"Each skill point:
Ability cost: -1%
XP gain: +2%",TM_WandererCraft_eff_desc,TM_English.xml,keyed,Each skill point:<ALIMT >(PH_2)</ALIMT>Ability cost: -1%<ALIMT >(PH_1)</ALIMT>XP gain: +2%,"每个技能点:
能力消耗:-1%
经验增益: + 2%"
TM_WandererCraft_ver_desc,"Each skill point:
Ability cooldown: -1%
Mana regeneration: +1%
Max mana: +2%",TM_WandererCraft_ver_desc,TM_English.xml,keyed,Each skill point:<ALIMT >(PH_3)</ALIMT>Ability cooldown: -1%<ALIMT >(PH_2)</ALIMT>Mana regeneration: +1%<ALIMT >(PH_1)</ALIMT>Max mana: +2%,"每个技能点:
能力冷却时间:-1%
法力再生: + 1%
最高法力: + 2%"
TM_Cantrips_pwr_desc,"Adds additional power to cantrips:
Level 1: Smokecloud causes blindness to enemies
Level 2: Arcane bolt minimum burst count increased to 2
Level 3: Dirt Devil moves 33% faster
Level 4: Extinguish causes damage to elementals and high damage to demons
Level 5: Teleport, Heal, and Summon Minion gain power level 1 class improvements
Level 6: Transfer mana and Siphon mana always apply buffs/debuffs 
Level 7: Arcane bolt minimum burst count increased to 3
Level 8: Spell Mending reparation speed increased by 25%
Level 9: Lightning Trap triggered effect lasts longer and creates a sheet of snow
Level 10: Teleport, Heal, and Summon Minion gain power level 2 class improvements
Level 11: Arcane Heater spits fire at enemies
Level 12: Arcane Cooler slows movement of nearby enemies
Level 13: Power Node shocks nearby enemies
Level 14: Rain causes a violent thunderstorm (instead of rain) where lightning strikes focus on enemies
Level 15: Teleport, Heal, and Summon Minion gain power level 3 class improvements",TM_Cantrips_pwr_desc,TM_English.xml,keyed,"Adds additional power to cantrips:<ALIMT >(PH_15)</ALIMT>Level 1: Smokecloud causes blindness to enemies<ALIMT >(PH_14)</ALIMT>Level 2: Arcane bolt minimum burst count increased to 2<ALIMT >(PH_13)</ALIMT>Level 3: Dirt Devil moves 33% faster<ALIMT >(PH_12)</ALIMT>Level 4: Extinguish causes damage to elementals and high damage to demons<ALIMT >(PH_11)</ALIMT>Level 5: Teleport, Heal, and Summon Minion gain power level 1 <ALIMT >class</ALIMT> improvements<ALIMT >(PH_10)</ALIMT>Level 6: Transfer mana and Siphon mana always apply buffs/debuffs <ALIMT >(PH_9)</ALIMT>Level 7: Arcane bolt minimum burst count increased to 3<ALIMT >(PH_8)</ALIMT>Level 8: Spell Mending reparation speed increased by 25%<ALIMT >(PH_7)</ALIMT>Level 9: Lightning Trap triggered effect lasts longer and creates a sheet of snow<ALIMT >(PH_6)</ALIMT>Level 10: Teleport, Heal, and Summon Minion gain power level 2 <ALIMT >class</ALIMT> improvements<ALIMT >(PH_5)</ALIMT>Level 11: Arcane Heater spits fire at enemies<ALIMT >(PH_4)</ALIMT>Level 12: Arcane Cooler slows movement of nearby enemies<ALIMT >(PH_3)</ALIMT>Level 13: Power Node shocks nearby enemies<ALIMT >(PH_2)</ALIMT>Level 14: Rain causes a violent thunderstorm (instead of rain) where lightning strikes focus on enemies<ALIMT >(PH_1)</ALIMT>Level 15: Teleport, Heal, and Summon Minion gain power level 3 <ALIMT >class</ALIMT> improvements","为旅行增加额外的电力:
等级 1: 烟雾会导致敌人致盲
等级 2: 奥术弹最小爆发次数增至 2 次
等级 3: 泥土魔鬼移动速度快 33%
等级 4: 灭火对元素造成伤害，对恶魔造成高伤害
等级 5: 传送、治愈并召唤仆从能量等级 1班级改进
等级 6: 移送法力并虹吸法力，会持续消耗/耗尽
等级 7: 奥术弹最小爆发次数增至 3 次
等级 8: 修复速度提升 25%
等级 9: 闪电触发效果持续时间更长，会产生一片雪
等级 10: 传送、治愈并召唤仆从能量等级 2班级改进
等级 11: 神秘加热器向敌人喷吐火焰
等级 12: 神秘制冷机减慢附近敌人的移动速度
等级 13: 能量节点冲击附近的敌人
等级 14: 雨会引发一场暴风雨 (而不是雨)，闪电会击中敌人
等级 15: 传送、治愈并召唤仆从能量等级 3班级改进"
TM_Cantrips_eff_desc,"Decrease max MP upkeep costs by 3% and energy regeneration penalties by 3% per skill point.
Level 15: Wanderer gains stamina and can learn Might classless abilities.",TM_Cantrips_eff_desc,TM_English.xml,keyed,Decrease max MP upkeep costs by 3% and energy regeneration penalties by 3% per skill point.<ALIMT >(PH_1)</ALIMT>Level 15: Wanderer gains stamina and can learn Might classless abilities.,"每技能点降低最高维护成本 3%，能量再生惩罚 3%。
等级 15: 漫游者能提高耐力并掌握可能无类的能力。"
TM_Cantrips_ver_desc,"Adds additional utility or versatility to cantrips:
Level 1: Blink stuns enemies around the target area
Level 2: Smokecloud radius is expanded by 2 cells
Level 3: Increases the efficiency of mana shield by 25%
Level 4: Dirt Devil lasts 25% longer
Level 5: Teleport, Heal, and Summon Minion gain versatility level 1 class improvements
Level 6: Arcane Cooler, Arcane Heater, and Power Node apply minor buffs
Level 7: Increases the efficiency of mana shield by 40%
Level 8: Spell Mending doesn't apply a debuff on the target
Level 9: Arcane Cooler, Arcane Heater, and Power Node apply additional buffs
Level 10: Teleport, Heal, and Summon Minion gain versatility level 2 class improvements
Level 11: Blur evasion chance increased from 20% to 30%
Level 12: Invisibility has 25% increased duration and applies a self heal when activated
Level 13: Magelight will fire a lightning bolt at enemies within 24 cells every 7-13 seconds
Level 14: EMP has a 40% chance to attempt Sabotage to robots and mechanoids
Level 15: Teleport, Heal, and Summon Minion gain versatility level 3 class improvements",TM_Cantrips_ver_desc,TM_English.xml,keyed,"Adds additional utility or versatility to cantrips:<ALIMT >(PH_15)</ALIMT>Level 1: Blink stuns enemies around the target area<ALIMT >(PH_14)</ALIMT>Level 2: Smokecloud radius is expanded by 2 cells<ALIMT >(PH_13)</ALIMT>Level 3: Increases the efficiency of mana shield by 25%<ALIMT >(PH_12)</ALIMT>Level 4: Dirt Devil lasts 25% longer<ALIMT >(PH_11)</ALIMT>Level 5: Teleport, Heal, and Summon Minion gain versatility level 1 <ALIMT >class</ALIMT> improvements<ALIMT >(PH_10)</ALIMT>Level 6: Arcane Cooler, Arcane Heater, and Power Node apply minor buffs<ALIMT >(PH_9)</ALIMT>Level 7: Increases the efficiency of mana shield by 40%<ALIMT >(PH_8)</ALIMT>Level 8: Spell Mending doesn't apply a debuff on the target<ALIMT >(PH_7)</ALIMT>Level 9: Arcane Cooler, Arcane Heater, and Power Node apply additional buffs<ALIMT >(PH_6)</ALIMT>Level 10: Teleport, Heal, and Summon Minion gain versatility level 2 <ALIMT >class</ALIMT> improvements<ALIMT >(PH_5)</ALIMT>Level 11: Blur evasion chance increased from 20% to 30%<ALIMT >(PH_4)</ALIMT>Level 12: Invisibility has 25% increased duration and applies a self heal when activated<ALIMT >(PH_3)</ALIMT>Level 13: Magelight will fire a lightning bolt at enemies within 24 cells every 7-13 seconds<ALIMT >(PH_2)</ALIMT>Level 14: EMP has a 40% chance to attempt Sabotage to robots and mechanoids<ALIMT >(PH_1)</ALIMT>Level 15: Teleport, Heal, and Summon Minion gain versatility level 3 <ALIMT >class</ALIMT> improvements","添加额外的实用或多功能性到 cantrips:
等级 1: 眨眼间眩晕目标区域周围的敌人
等级 2: 烟雾扩大半径 2 格
等级 3: 增加 25% 的法力护盾使用效率
等级 4: 土魔长 25%
等级 5: 传送，治愈，召唤仆从多功能等级 1班级改进
等级 6: 神秘制冷器，神秘加热器，和电力节点适用少量爱好者
等级 7: 增加 40% 的法力护盾使用效率
等级 8: 修咒不会对目标进行调试
等级 9: 神秘制冷器，神秘加热器，和电力节点应用额外的爱好者
等级 10: 传送，治疗和召唤仆从多功能 2 级班级改进
级别 11: 模糊闪避几率从 20% 增加到 30%
等级 12: 隐形效果增加了 25% 的时间，激活后会自动进行自我治疗
等级 13: 马甲每 7-13 秒将在 24 格内向敌人发射一道闪电
14 级: EMP 有 40% 的几率对机械体和机械体进行破坏
等级 15: 传送，治愈，召唤仆从多功能 3 级班级改进"
TM_WandererCraft_pwr,Experimentation,TM_WandererCraft_pwr,TM_English.xml,keyed,Experimentation,实验
TM_WandererCraft_eff,Prodigy,TM_WandererCraft_eff,TM_English.xml,keyed,Prodigy,天才
TM_WandererCraft_ver,Expanded Mind,TM_WandererCraft_ver,TM_English.xml,keyed,Expanded Mind,心智扩张
TM_Cantrips_pwr,Cantrips Power,TM_Cantrips_pwr,TM_English.xml,keyed,Cantrips Power,开关电源
TM_Cantrips_eff,Cantrips Efficiency,TM_Cantrips_eff,TM_English.xml,keyed,Cantrips Efficiency,Cantrips 效率
TM_Cantrips_ver,Cantrips Versatility,TM_Cantrips_ver,TM_English.xml,keyed,Cantrips Versatility,加拿大多功能
TM_RayofHope_eff,Inner Fire Efficiency,TM_RayofHope_eff,TM_English.xml,keyed,Inner Fire Efficiency,内火效率
TM_RayofHope_eff_desc,Decreases the mana and regeneration upkeep cost of Inner Fire by 10% per level.,TM_RayofHope_eff_desc,TM_English.xml,keyed,Decreases the mana and regeneration upkeep cost of Inner Fire by 10% per level.,每级减少 10% 的法力值消耗和内部火焰的再生维护成本。
TM_Firebolt_pwr_desc,Increases Firebolt damage by 5 per level.,TM_Firebolt_pwr_desc,TM_English.xml,keyed,Increases Firebolt damage by 5 per level.,每级增加 5 个火焰伤害。
TM_Firebolt_eff_desc,Decreases mana cost of Firebolt by 10% per level.,TM_Firebolt_eff_desc,TM_English.xml,keyed,Decreases mana cost of Firebolt by 10% per level.,降低火焰弹每级的法力消耗 10%
TM_Fireclaw_pwr_desc,"Increases damage done by each strand of Fireclaw by 4 per skill level.
Level 1: 4
Level 2: 8
Level 3: 12",TM_Fireclaw_pwr_desc,TM_English.xml,keyed,Increases damage done by each strand of Fireclaw by 4 per skill level.<ALIMT >(PH_3)</ALIMT>Level 1: 4<ALIMT >(PH_2)</ALIMT>Level 2: 8<ALIMT >(PH_1)</ALIMT>Level 3: 12,"每级技能伤害提升 4 个。
等级 1: 4
等级 2: 8
等级 3: 12"
TM_Fireclaw_eff_desc,Decrease mana cost by 10% per level.,TM_Fireclaw_eff_desc,TM_English.xml,keyed,Decrease mana cost by 10% per level.,每一级减少 10% 的法力消耗。
TM_Fireclaw_ver_desc,"Adds additional claws at levels 1 and 2, expands claw strike radius at level 3.",TM_Fireclaw_ver_desc,TM_English.xml,keyed,"Adds additional claws at levels 1 and 2, expands claw strike radius at level 3.",在第 1 级和第 2 级增加额外的爪，在第 3 级扩大爪击半径。
TM_Fireball_pwr_desc,Increases the number of secondary explosions by 3 per level.,TM_Fireball_pwr_desc,TM_English.xml,keyed,Increases the number of secondary explosions by 3 per level.,每级增加 3 次二次爆炸的次数。
TM_Fireball_eff_desc,Decrease mana cost by 8% per level.,TM_Fireball_eff_desc,TM_English.xml,keyed,Decrease mana cost by 8% per level.,每一级减少 8% 的法力消耗。
TM_Fireball_ver_desc,Fireball causes Terror at level 1; levels 2 and 3 increase Terror potency. Terror lowers the enemies ability to fight effectively and may cause them to flee in panic.,TM_Fireball_ver_desc,TM_English.xml,keyed,Fireball causes Terror at level 1; levels 2 and 3 increase Terror potency. Terror lowers the enemies ability to fight effectively and may cause them to flee in panic.,火球在 1 级时引发恐惧; 2 级和 3 级会增加恐惧强度。恐惧会降低敌人的有效战斗能力，并可能导致他们在恐慌中逃跑。
TM_Firestorm_pwr_desc,"Increases the frequency of all meteor types.
Increases Firestorm radius by .5c per skill level.",TM_Firestorm_pwr_desc,TM_English.xml,keyed,Increases the frequency of all meteor types.<ALIMT >(PH_1)</ALIMT>Increases Firestorm radius by .5c per skill level.,"增加所有类型的流星的频率。
每技能级别增加火焰风暴半径 0.5c。"
TM_Firestorm_eff_desc,Decrease mana cost by 5% per level.,TM_Firestorm_eff_desc,TM_English.xml,keyed,Decrease mana cost by 5% per level.,每一级减少 5% 的法力消耗。
TM_Firestorm_ver_desc,"Increases the duration of Firestorm by 1 second per skill level.
Increases Firestorm radius by .5c per skill level.
Increases amount of shrapnel create by meteor impacts.",TM_Firestorm_ver_desc,TM_English.xml,keyed,Increases the duration of Firestorm by 1 second per skill level.<ALIMT >(PH_2)</ALIMT>Increases Firestorm radius by .5c per skill level.<ALIMT >(PH_1)</ALIMT>Increases amount of shrapnel create by meteor impacts.,"每个技能级别增加 1 秒的火焰风暴持续时间。
每技能级别增加火焰风暴半径 0.5c。
增加流星撞击产生的弹片数量。"
TM_Firebolt_pwr,Firebolt Power,TM_Firebolt_pwr,TM_English.xml,keyed,Firebolt Power,火焰弹威力
TM_Firebolt_eff,Firebolt Efficiency,TM_Firebolt_eff,TM_English.xml,keyed,Firebolt Efficiency,火焰栓效率
TM_Fireclaw_pwr,Fireclaw Power,TM_Fireclaw_pwr,TM_English.xml,keyed,Fireclaw Power,火爪威力
TM_Fireclaw_eff,Fireclaw Efficiency,TM_Fireclaw_eff,TM_English.xml,keyed,Fireclaw Efficiency,灭爪效率
TM_Fireclaw_ver,Fireclaw Versatility,TM_Fireclaw_ver,TM_English.xml,keyed,Fireclaw Versatility,灭爪多功能
TM_Fireball_pwr,Fireball Power,TM_Fireball_pwr,TM_English.xml,keyed,Fireball Power,火球威力
TM_Fireball_eff,Fireball Efficiency,TM_Fireball_eff,TM_English.xml,keyed,Fireball Efficiency,火球攻击效率
TM_Fireball_ver,Fireball Versatility,TM_Fireball_ver,TM_English.xml,keyed,Fireball Versatility,火球多功能
TM_Firestorm_pwr,Firestorm Power,TM_Firestorm_pwr,TM_English.xml,keyed,Firestorm Power,火焰风暴威力
TM_Firestorm_eff,Firestorm Efficiency,TM_Firestorm_eff,TM_English.xml,keyed,Firestorm Efficiency,火焰风暴效率
TM_Firestorm_ver,Firestorm Versatility,TM_Firestorm_ver,TM_English.xml,keyed,Firestorm Versatility,火焰风暴多功能
TM_Soothe_eff_desc,Decreases the mana and regeneration upkeep cost of Soothe by 10% per level.,TM_Soothe_eff_desc,TM_English.xml,keyed,Decreases the mana and regeneration upkeep cost of Soothe by 10% per level.,每级降低 10% 的抚慰法力消耗和再生维持成本。
TM_Rainmaker_eff_desc,Decreases mana cost of Rainmaker by 15% per level of base mana cost.,TM_Rainmaker_eff_desc,TM_English.xml,keyed,Decreases mana cost of Rainmaker by 15% per level of base mana cost.,每减少一个等级的基础法力消耗，让造雨者的法力消耗减少 15%。
TM_Icebolt_pwr_desc,"Increases lethality of Icebolt by pre-fragmenting the bolt into razor sharp shards.
Level 0: 2 to 5 damage per shard
Level 1: 4 to 9 damage per shard
Level 2: 6 to 13 damage per shard
Level 3: 8 to 17 damage per shard",TM_Icebolt_pwr_desc,TM_English.xml,keyed,Increases lethality of Icebolt by pre-fragmenting the bolt into razor sharp shards.<ALIMT >(PH_4)</ALIMT>Level 0: 2 to 5 damage per shard<ALIMT >(PH_3)</ALIMT>Level 1: 4 to 9 damage per shard<ALIMT >(PH_2)</ALIMT>Level 2: 6 to 13 damage per shard<ALIMT >(PH_1)</ALIMT>Level 3: 8 to 17 damage per shard,"通过将冰棒预先碎裂成锋利的碎片来增加冰棒的致命性。
等级 0: 每碎片 2 到 5 点伤害
等级 1: 每碎片 4 到 9 点伤害
等级 2: 每碎片 6 到 13 点伤害
三级: 每片碎片 8 到 17 点伤害"
TM_Icebolt_eff_desc,Decreases mana cost of Icebolt by 8% per level of base mana cost.,TM_Icebolt_eff_desc,TM_English.xml,keyed,Decreases mana cost of Icebolt by 8% per level of base mana cost.,每提升一个等级的基础法力消耗，能够降低冰雪的法力消耗 8%
TM_Icebolt_ver_desc,"Increases the compression and size of Icebolt, each skill level increases the number of ice shards upon impact.
Level 0: 2 to 3 shards
Level 1: 3 to 8 shards
Level 2: 4 to 14 shards
Level 3: 5 to 20 shards",TM_Icebolt_ver_desc,TM_English.xml,keyed,"Increases the compression and size of Icebolt, each skill level increases the number of ice shards upon impact.<ALIMT >(PH_4)</ALIMT>Level 0: 2 to 3 shards<ALIMT >(PH_3)</ALIMT>Level 1: 3 to 8 shards<ALIMT >(PH_2)</ALIMT>Level 2: 4 to 14 shards<ALIMT >(PH_1)</ALIMT>Level 3: 5 to 20 shards","增加冰栓的压缩率和尺寸，每个技能等级都会在受到冲击时增加冰碎片的数量。
等级 0: 2 到 3 块暗黑超凡碎片
等级 1: 3 至 8 块暗黑超凡碎片
等级 2: 4 至 14 块暗黑超凡碎片
等级 3: 5 至 20 块暗黑超凡碎片"
TM_FrostRay_eff_desc,Decreases mana cost of Frost Ray by 8% of base mana cost.,TM_FrostRay_eff_desc,TM_English.xml,keyed,Decreases mana cost of Frost Ray by 8% of base mana cost.,降低霜射线带来的法力消耗相当于基础法力消耗的 8%
TM_Snowball_pwr_desc,"Increases the size of the Snowball, causing an increase in impact area by .7 cells per level and increases damage up to 3 per level.",TM_Snowball_pwr_desc,TM_English.xml,keyed,"Increases the size of the Snowball, causing an increase in impact area by .7 cells per level and increases damage up to 3 per level.",增加雪球的大小，导致撞击面积每一级增加 0.7 格，伤害最多增加 3 格。
TM_Snowball_eff_desc,Decreases mana cost of Snowball by 8% per level of base mana cost.,TM_Snowball_eff_desc,TM_English.xml,keyed,Decreases mana cost of Snowball by 8% per level of base mana cost.,每消耗基础点数减少雪球 8% 的法力消耗。
TM_Snowball_ver_desc,"Increases the compression of Snowball which amplifies the number and force of secondary fragments that are thrown nearby the impact point.
Level 0: None
Level 1: 4 fragments
Level 2: 8 fragments
Level 3: 12 fragments",TM_Snowball_ver_desc,TM_English.xml,keyed,Increases the compression of Snowball which amplifies the number and force of secondary fragments that are thrown nearby the impact point.<ALIMT >(PH_4)</ALIMT>Level 0: None<ALIMT >(PH_3)</ALIMT>Level 1: 4 fragments<ALIMT >(PH_2)</ALIMT>Level 2: 8 fragments<ALIMT >(PH_1)</ALIMT>Level 3: 12 fragments,"增加对雪球的压缩比，从而放大撞击点附近的二次碎片数量和力量。
等级 0: 无
等级 1: 4 块碎片
等级 2: 8 块碎片
三级: 12 块碎片"
TM_Blizzard_pwr_desc,"Increases the frequency of iceshards and snowballs.
Increases the radius of blizzard by .5c per skill level.",TM_Blizzard_pwr_desc,TM_English.xml,keyed,Increases the frequency of iceshards and snowballs.<ALIMT >(PH_1)</ALIMT>Increases the radius of blizzard by .5c per skill level.,"增加冰粒和雪球的出现频率。
每技能等级增加 0.5c 的暴风雪半径。"
TM_Blizzard_eff_desc,Decreases mana cost of Blizzard by 8% per level of base mana cost.,TM_Blizzard_eff_desc,TM_English.xml,keyed,Decreases mana cost of Blizzard by 8% per level of base mana cost.,每减少一个等级的基础法力消耗，减少暴风雪消耗的 8%。
TM_Blizzard_ver_desc,"Increases the duration of blizzard by 1.5 seconds per level.
Increases the radius of blizzard by .5c per skill level.",TM_Blizzard_ver_desc,TM_English.xml,keyed,Increases the duration of blizzard by 1.5 seconds per level.<ALIMT >(PH_1)</ALIMT>Increases the radius of blizzard by .5c per skill level.,"每级增加暴风雪持续时间 1.5 秒。
每技能等级增加 0.5c 的暴风雪半径。"
TM_Soothe_eff,Soothe Efficiency,TM_Soothe_eff,TM_English.xml,keyed,Soothe Efficiency,抚慰效率
TM_Rainmaker_eff,Rainmaker Efficiency,TM_Rainmaker_eff,TM_English.xml,keyed,Rainmaker Efficiency,造雨效率
TM_Icebolt_eff,Icebolt Efficiency,TM_Icebolt_eff,TM_English.xml,keyed,Icebolt Efficiency,冰雪效率
TM_Icebolt_pwr,Icebolt Power,TM_Icebolt_pwr,TM_English.xml,keyed,Icebolt Power,冰雪之火
TM_Icebolt_ver,Icebolt Versatility,TM_Icebolt_ver,TM_English.xml,keyed,Icebolt Versatility,冰雪盖多功能
TM_FrostRay_eff,Frost Ray Efficiency,TM_FrostRay_eff,TM_English.xml,keyed,Frost Ray Efficiency,霜射线效率
TM_Snowball_eff,Snowball Efficiency,TM_Snowball_eff,TM_English.xml,keyed,Snowball Efficiency,滚球效率
TM_Snowball_pwr,Snowball Power,TM_Snowball_pwr,TM_English.xml,keyed,Snowball Power,雪球能量
TM_Snowball_ver,Snowball Versatility,TM_Snowball_ver,TM_English.xml,keyed,Snowball Versatility,雪球多功能
TM_Blizzard_eff,Blizzard Efficiency,TM_Blizzard_eff,TM_English.xml,keyed,Blizzard Efficiency,极高等级
TM_Blizzard_pwr,Blizzard Power,TM_Blizzard_pwr,TM_English.xml,keyed,Blizzard Power,暴雪电源
TM_Blizzard_ver,Blizzard Versatility,TM_Blizzard_ver,TM_English.xml,keyed,Blizzard Versatility,风雪多功能
TM_AMP_eff_desc,Decreases mana cost of AMP by 8% per level of base mana cost.,TM_AMP_eff_desc,TM_English.xml,keyed,Decreases mana cost of AMP by 8% per level of base mana cost.,每提升一个等级的基础法力消耗会降低 8% 安培的法力消耗。
TM_LightningBolt_pwr_desc,Increases raw damage of Lightning Bolt by 6 per level.,TM_LightningBolt_pwr_desc,TM_English.xml,keyed,Increases raw damage of Lightning Bolt by 6 per level.,每级增加闪电伤害 6 点。
TM_LightningBolt_eff_desc,Decreases mana cost of Lightning Bolt by 8% of base mana cost.,TM_LightningBolt_eff_desc,TM_English.xml,keyed,Decreases mana cost of Lightning Bolt by 8% of base mana cost.,减少基础法力消耗 8% 的闪电消耗。
TM_LightningBolt_ver_desc,Increases the possibility of secondary lightning strikes by 1 to 4 per level.,TM_LightningBolt_ver_desc,TM_English.xml,keyed,Increases the possibility of secondary lightning strikes by 1 to 4 per level.,每级增加一次闪电的可能性 1 到 4。
TM_LightningCloud_eff_desc,Decreases mana cost of Lightning Cloud by 6% of base mana cost.,TM_LightningCloud_eff_desc,TM_English.xml,keyed,Decreases mana cost of Lightning Cloud by 6% of base mana cost.,闪电云的法力消耗减少基础法力消耗的 6%
TM_LightningCloud_pwr_desc,Increases the shock damage of Lightning Cloud by 1 per level.,TM_LightningCloud_pwr_desc,TM_English.xml,keyed,Increases the shock damage of Lightning Cloud by 1 per level.,每级增加闪电云的冲击伤害 1。
TM_LightningCloud_ver_desc,Increases duration of Lightning Cloud by 2 seconds and radius by 1 cell per level.,TM_LightningCloud_ver_desc,TM_English.xml,keyed,Increases duration of Lightning Cloud by 2 seconds and radius by 1 cell per level.,每级增加闪电云持续时间 2 秒，半径 1 格。
TM_LightningStorm_eff_desc,Decreases mana cost of Lightning Storm by 6% of base mana cost.,TM_LightningStorm_eff_desc,TM_English.xml,keyed,Decreases mana cost of Lightning Storm by 6% of base mana cost.,闪电风暴消耗的法力值减少基础法力值 6%
TM_LightningStorm_pwr_desc,Increases the frequency of lightning strikes by 20% per level and slightly increases the damage of each strike.,TM_LightningStorm_pwr_desc,TM_English.xml,keyed,Increases the frequency of lightning strikes by 20% per level and slightly increases the damage of each strike.,每级提升闪电的频率 20%，并略微提升每次打击的伤害。
TM_LightningStorm_ver_desc,Increases duration of Lightning Storm by 1s per level.,TM_LightningStorm_ver_desc,TM_English.xml,keyed,Increases duration of Lightning Storm by 1s per level.,每级增加 1 秒的闪电风暴持续时间。
TM_EyeOfTheStorm_eff_desc,Uses energy in the atmosphere to fuel creation of the storm.  Reduces mana cost by 5% per skill level.,TM_EyeOfTheStorm_eff_desc,TM_English.xml,keyed,Uses energy in the atmosphere to fuel creation of the storm.  Reduces mana cost by 5% per skill level.,利用大气层中的能量为风暴提供燃料。每个技能等级减少 5% 的法力值消耗。
TM_EyeOfTheStorm_pwr_desc,Increases the frequency the eye's lightning strikes by 20% per level and increases the damage of each strike by 20%.,TM_EyeOfTheStorm_pwr_desc,TM_English.xml,keyed,Increases the frequency the eye's lightning strikes by 20% per level and increases the damage of each strike by 20%.,每级增加眼睛遭受闪电攻击的频率 20%，每击一次伤害增加 20%。
TM_EyeOfTheStorm_ver_desc,Expands the strike radius by 1 for each skill level. Base radius is 5.,TM_EyeOfTheStorm_ver_desc,TM_English.xml,keyed,Expands the strike radius by 1 for each skill level. Base radius is 5.,每个技能等级将攻击半径扩大 1。基础半径为 5。
TM_AMP_eff,AMP Efficiency,TM_AMP_eff,TM_English.xml,keyed,AMP Efficiency,放大器效率
TM_LightningBolt_eff,Lightning Bolt Efficiency,TM_LightningBolt_eff,TM_English.xml,keyed,Lightning Bolt Efficiency,闪电效率
TM_LightningBolt_pwr,Lightning Bolt Power,TM_LightningBolt_pwr,TM_English.xml,keyed,Lightning Bolt Power,闪电电源
TM_LightningBolt_ver,Lightning Bolt Versatility,TM_LightningBolt_ver,TM_English.xml,keyed,Lightning Bolt Versatility,闪电多功能
TM_LightningCloud_eff,Lightning Cloud Efficiency,TM_LightningCloud_eff,TM_English.xml,keyed,Lightning Cloud Efficiency,闪电云效率
TM_LightningCloud_pwr,Lightning Cloud Power,TM_LightningCloud_pwr,TM_English.xml,keyed,Lightning Cloud Power,闪电云威力
TM_LightningCloud_ver,Lightning Cloud Versatility,TM_LightningCloud_ver,TM_English.xml,keyed,Lightning Cloud Versatility,闪电云多功能性
TM_LightningStorm_eff,Lightning Storm Efficiency,TM_LightningStorm_eff,TM_English.xml,keyed,Lightning Storm Efficiency,闪电风暴效率
TM_LightningStorm_pwr,Lightning Storm Power,TM_LightningStorm_pwr,TM_English.xml,keyed,Lightning Storm Power,闪电风暴威力
TM_LightningStorm_ver,Lightning Storm Versatility,TM_LightningStorm_ver,TM_English.xml,keyed,Lightning Storm Versatility,闪电风暴多功能
TM_EyeOfTheStorm_eff,Drain Atmosphere,TM_EyeOfTheStorm_eff,TM_English.xml,keyed,Drain Atmosphere,流失大气层
TM_EyeOfTheStorm_pwr,Rend Earth,TM_EyeOfTheStorm_pwr,TM_English.xml,keyed,Rend Earth,撕裂大地
TM_EyeOfTheStorm_ver,Perfect Storm,TM_EyeOfTheStorm_ver,TM_English.xml,keyed,Perfect Storm,完美风暴
TM_Shadow_eff_desc,Decreases the mana and regeneration upkeep cost of Shadow by 10% per level.,TM_Shadow_eff_desc,TM_English.xml,keyed,Decreases the mana and regeneration upkeep cost of Shadow by 10% per level.,每级降低阴影的法力值和再生维护消耗 10%
TM_Blink_eff_desc,Decreases mana cost of Blink by 10% per level of base mana cost.,TM_Blink_eff_desc,TM_English.xml,keyed,Decreases mana cost of Blink by 10% per level of base mana cost.,每个等级的基础法力消耗会降低 10% 的法力消耗。
TM_Summon_eff_desc,Decreases mana cost of Summon by 10% per level of base mana cost.,TM_Summon_eff_desc,TM_English.xml,keyed,Decreases mana cost of Summon by 10% per level of base mana cost.,每等级基础法力消耗降低 10% 的召唤法力消耗。
TM_MagicMissile_eff_desc,Decreases mana cost of Magic Missile by 8% of base mana cost.,TM_MagicMissile_eff_desc,TM_English.xml,keyed,Decreases mana cost of Magic Missile by 8% of base mana cost.,减少魔法导弹的法力消耗相当于基础法力消耗的 8%。
TM_Teleport_eff_desc,Decreases mana cost of Teleport by 10% per level of base mana cost.,TM_Teleport_eff_desc,TM_English.xml,keyed,Decreases mana cost of Teleport by 10% per level of base mana cost.,每等级法力消耗减少 10% 的传送法力消耗。
TM_Teleport_pwr_desc,"Draws more energy into the teleporter, allowing 33% further travel distance per level.
Allows the portal to be held open 20s longer per level.",TM_Teleport_pwr_desc,TM_English.xml,keyed,"Draws more energy into the teleporter, allowing 33% further travel distance per level.<ALIMT >(PH_1)</ALIMT>Allows the portal to be held open 20s longer per level.","为传送装置汲取更多能量，使其每级可以再行 33% 的距离。
允许传送门在每一水平时多保持 20 秒。"
TM_Teleport_ver_desc,"Refines the transport process, adding 400 transportation capacity per skill level, 600 at level 3.  
Allows the portal to be held open 20s longer per level.",TM_Teleport_ver_desc,TM_English.xml,keyed,"Refines the transport process, adding 400 transportation capacity per skill level, 600 at level 3.  <ALIMT >(PH_1)</ALIMT>Allows the portal to be held open 20s longer per level.","改进运输流程，每项技能增加 400 的运输能力，等级 3 增加 600 的运输能力。
允许传送门在每一水平时多保持 20 秒。"
TM_FoldReality_eff_desc,Decreases mana cost to Fold Reality by 6% per skill level.,TM_FoldReality_eff_desc,TM_English.xml,keyed,Decreases mana cost to Fold Reality by 6% per skill level.,降低法力消耗，使现实每技能等级降低 6% 倍。
TM_Shadow_eff,Shadow Efficiency,TM_Shadow_eff,TM_English.xml,keyed,Shadow Efficiency,影效
TM_MagicMissile_eff,Magic Missile Efficiency,TM_MagicMissile_eff,TM_English.xml,keyed,Magic Missile Efficiency,魔弹效率
TM_Blink_eff,Blink Efficiency,TM_Blink_eff,TM_English.xml,keyed,Blink Efficiency,闪烁效率
TM_Summon_eff,Summon Efficiency,TM_Summon_eff,TM_English.xml,keyed,Summon Efficiency,召唤效率
TM_Teleport_eff,Teleport Efficiency,TM_Teleport_eff,TM_English.xml,keyed,Teleport Efficiency,传送效率
TM_Teleport_pwr,Teleport Power,TM_Teleport_pwr,TM_English.xml,keyed,Teleport Power,传送能量
TM_Teleport_ver,Teleport Versatility,TM_Teleport_ver,TM_English.xml,keyed,Teleport Versatility,传送多功能
TM_FoldReality_eff,Fold Reality Efficiency,TM_FoldReality_eff,TM_English.xml,keyed,Fold Reality Efficiency,折实效率
TM_P_RayofHope_eff_desc,Decreases the mana and regeneration upkeep cost of Ray of Hope by 10% per level.,TM_P_RayofHope_eff_desc,TM_English.xml,keyed,Decreases the mana and regeneration upkeep cost of Ray of Hope by 10% per level.,每级减少 10% 的法力值和再生维持成本。
TM_Heal_eff_desc,Decreases mana cost of Heal by 7% of base mana cost.,TM_Heal_eff_desc,TM_English.xml,keyed,Decreases mana cost of Heal by 7% of base mana cost.,减少基础法力消耗的 7%。
TM_Heal_pwr_desc,Increases the amount each wound is healed by 2 points per level.,TM_Heal_pwr_desc,TM_English.xml,keyed,Increases the amount each wound is healed by 2 points per level.,每层伤口的治愈量增加 2 点。
TM_Heal_ver_desc,Increases the maximum number of wounds that can be healed per spell by 1 per level.,TM_Heal_ver_desc,TM_English.xml,keyed,Increases the maximum number of wounds that can be healed per spell by 1 per level.,每级提升 1 个技能可以治愈的伤口数量上限。
TM_Shield_eff_desc,Decreases mana cost of Shield by 8% of base mana cost.,TM_Shield_eff_desc,TM_English.xml,keyed,Decreases mana cost of Shield by 8% of base mana cost.,护盾的法力消耗减少基础法力消耗的 8%
TM_ValiantCharge_eff_desc,Decreases mana cost of Valiant Charge by 8% of base mana cost.,TM_ValiantCharge_eff_desc,TM_English.xml,keyed,Decreases mana cost of Valiant Charge by 8% of base mana cost.,大幅减少强力冲锋的法力消耗，减少基础法力消耗的 8%。
TM_ValiantCharge_pwr_desc,Increases damage of Valiant Charge by 1 to 4 per level.,TM_ValiantCharge_pwr_desc,TM_English.xml,keyed,Increases damage of Valiant Charge by 1 to 4 per level.,每级提升 1 到 4 点伤害。
TM_ValiantCharge_ver_desc,"Increase the force of impact, expanding the size of impact and amount of debris.
Can stun at level 2.",TM_ValiantCharge_ver_desc,TM_English.xml,keyed,"Increase the force of impact, expanding the size of impact and amount of debris.<ALIMT >(PH_1)</ALIMT>Can stun at level 2.","增加撞击力，扩大撞击力的大小和产生的碎片数量。
可在等级 2 时眩晕。"
TM_Overwhelm_eff_desc,Decreases mana cost of Overwhelm by 10% of base mana cost.,TM_Overwhelm_eff_desc,TM_English.xml,keyed,Decreases mana cost of Overwhelm by 10% of base mana cost.,降低法力压压消耗为基础法力消耗的 10%
TM_Overwhelm_pwr_desc,Increases damage potential of overwhelm.,TM_Overwhelm_pwr_desc,TM_English.xml,keyed,Increases damage potential of overwhelm.,增加被压垮的伤害潜力。
TM_Overwhelm_ver_desc,"Summons more powerful symbols at level 1 and 3.
Overwhelm can stun at level 2 and improved stun at level 3.",TM_Overwhelm_ver_desc,TM_English.xml,keyed,Summons more powerful symbols at level 1 and 3.<ALIMT >(PH_1)</ALIMT>Overwhelm can stun at level 2 and improved stun at level 3.,"在 1 级和 3 级召唤更强大的符号。
压倒一切能够在等级 2 时眩晕，在等级 3 时能够提高等级。"
TM_HolyWrath_eff_desc,Decreases mana cost of Holy Wrath by 5% of base mana cost.,TM_HolyWrath_eff_desc,TM_English.xml,keyed,Decreases mana cost of Holy Wrath by 5% of base mana cost.,减少圣怒基础法力消耗的 5%
TM_HolyWrath_pwr_desc,Requires 2 ability points per skill level. Increases number of strikes by 1 per skill level. Base number of strikes is 5.,TM_HolyWrath_pwr_desc,TM_English.xml,keyed,Requires 2 ability points per skill level. Increases number of strikes by 1 per skill level. Base number of strikes is 5.,每个技能等级需要 2 个能力点。每技能等级增加 1 次攻击次数。攻击基础数为 5。
TM_HolyWrath_ver_desc,"Requires 2 ability points per skill level.
Level 1: allies within the field of Holy Wrath become temporarily invulnerable
Level 2: allies are healed for a small amount
Level 3: Holy Wrath bestows might to all allies within the effect",TM_HolyWrath_ver_desc,TM_English.xml,keyed,Requires 2 ability points per skill level.<ALIMT >(PH_3)</ALIMT>Level 1: allies within the field of Holy Wrath become temporarily invulnerable<ALIMT >(PH_2)</ALIMT>Level 2: allies are healed for a small amount<ALIMT >(PH_1)</ALIMT>Level 3: Holy Wrath bestows might to all allies within the effect,"每个技能等级需要 2 个能力点。
等级 1: 圣怒领域内的盟友变得暂时无懈可击
等级 2: 盟友少量治愈
等级 3: 神圣之怒对所有盟友有效"
TM_P_RayofHope_eff,Ray of Hope Efficiency,TM_P_RayofHope_eff,TM_English.xml,keyed,Ray of Hope Efficiency,效率
TM_Heal_eff,Heal Efficiency,TM_Heal_eff,TM_English.xml,keyed,Heal Efficiency,治愈效率
TM_Heal_pwr,Heal Power,TM_Heal_pwr,TM_English.xml,keyed,Heal Power,治愈能力
TM_Heal_ver,Heal Versatility,TM_Heal_ver,TM_English.xml,keyed,Heal Versatility,治愈多功能
TM_Shield_eff,Shield Efficiency,TM_Shield_eff,TM_English.xml,keyed,Shield Efficiency,护盾效率
TM_ValiantCharge_eff,Valiant Charge Efficiency,TM_ValiantCharge_eff,TM_English.xml,keyed,Valiant Charge Efficiency,勇气充能效率
TM_ValiantCharge_pwr,Valiant Charge Power,TM_ValiantCharge_pwr,TM_English.xml,keyed,Valiant Charge Power,强力充能
TM_ValiantCharge_ver,Valiant Charge Versatility,TM_ValiantCharge_ver,TM_English.xml,keyed,Valiant Charge Versatility,强力充能
TM_Overwhelm_eff,Overwhelm Efficiency,TM_Overwhelm_eff,TM_English.xml,keyed,Overwhelm Efficiency,压制性效率
TM_Overwhelm_pwr,Overwhelm Power,TM_Overwhelm_pwr,TM_English.xml,keyed,Overwhelm Power,压倒一切的力量
TM_Overwhelm_ver,Overwhelm Versatility,TM_Overwhelm_ver,TM_English.xml,keyed,Overwhelm Versatility,压倒一切的多才多艺
TM_HolyWrath_eff,Purity of Heart,TM_HolyWrath_eff,TM_English.xml,keyed,Purity of Heart,心灵纯洁
TM_HolyWrath_pwr,Holy Vengeance,TM_HolyWrath_pwr,TM_English.xml,keyed,Holy Vengeance,神圣复仇
TM_HolyWrath_ver,Redemption,TM_HolyWrath_ver,TM_English.xml,keyed,Redemption,赎回
TM_SummonMinion_eff_desc,Decreases mana cost to summon minions by 10% of base mana cost. Also reduces upkeep cost by 10%.,TM_SummonMinion_eff_desc,TM_English.xml,keyed,Decreases mana cost to summon minions by 10% of base mana cost. Also reduces upkeep cost by 10%.,降低基础法力消耗的 10%，以及召唤仆从所消耗的法力值。同时还可以降低 10% 的维护成本。
TM_SummonMinion_pwr_desc,"Increases the number or power of minions summoned.
Level 0: summons one minion.
Level 1: summons two minions.
Level 2: summons one greater minion.
Level 3: summons two greater minions.",TM_SummonMinion_pwr_desc,TM_English.xml,keyed,Increases the number or power of minions summoned.<ALIMT >(PH_4)</ALIMT>Level 0: summons one minion.<ALIMT >(PH_3)</ALIMT>Level 1: summons two minions.<ALIMT >(PH_2)</ALIMT>Level 2: summons one greater minion.<ALIMT >(PH_1)</ALIMT>Level 3: summons two greater minions.,"增加被召唤的仆从数量或力量。
等级 0: 召唤一名仆从。
等级 1: 召唤两名仆从。
等级 2: 召唤更多的仆从。
等级 3: 召唤两个更强大的仆从。"
TM_SummonMinion_ver_desc,Increases the duration of the summoning by 10m per skill point.  Base duration is 20m.,TM_SummonMinion_ver_desc,TM_English.xml,keyed,Increases the duration of the summoning by 10m per skill point.  Base duration is 20m.,每技能点增加 10 米的召唤时间。基础持续时间为 20 米。
TM_SummonPylon_eff_desc,Decreases mana cost to summon a defensive pylon by 8% of base mana cost.,TM_SummonPylon_eff_desc,TM_English.xml,keyed,Decreases mana cost to summon a defensive pylon by 8% of base mana cost.,降低召唤防御塔所需的法力消耗，减少基础法力消耗的 8%。
TM_SummonPylon_pwr_desc,Increases the range and power of the defensive pylon created.,TM_SummonPylon_pwr_desc,TM_English.xml,keyed,Increases the range and power of the defensive pylon created.,增加防御塔的射程和力量。
TM_SummonPylon_ver_desc,Increases the duration of the summoning by 2m per skill point. Base duration is 4m.,TM_SummonPylon_ver_desc,TM_English.xml,keyed,Increases the duration of the summoning by 2m per skill point. Base duration is 4m.,每技能点增加召唤时间 2 米。基础持续时间为 4 米。
TM_SummonExplosive_eff_desc,Decreases mana cost to create a mana mine by 8% of per skill level.,TM_SummonExplosive_eff_desc,TM_English.xml,keyed,Decreases mana cost to create a mana mine by 8% of per skill level.,降低每项技能的法力消耗 8% 来建造法力地雷。
TM_SummonExplosive_pwr_desc,"Increases the power of the mine by 20% per skill level.
Increases explosion radius by 20% per skill level.",TM_SummonExplosive_pwr_desc,TM_English.xml,keyed,Increases the power of the mine by 20% per skill level.<ALIMT >(PH_1)</ALIMT>Increases explosion radius by 20% per skill level.,"每技能等级增加 20% 的矿井力量。
每技能等级增加爆炸半径 20%。"
TM_SummonExplosive_ver_desc,Increases the duration the mana mine remains stable by 2m per skill point. Base duration is 4m. Mana mine will harmlessly dissolve if the timer expires.,TM_SummonExplosive_ver_desc,TM_English.xml,keyed,Increases the duration the mana mine remains stable by 2m per skill point. Base duration is 4m. Mana mine will harmlessly dissolve if the timer expires.,每技能点增加 2 米的法力维持时间。基础持续时间为 4 米。如果计时器到期，法力地雷将无害地溶解。
TM_SummonElemental_eff_desc,Decreases mana cost to summon an elemental by 6% of base mana cost.,TM_SummonElemental_eff_desc,TM_English.xml,keyed,Decreases mana cost to summon an elemental by 6% of base mana cost.,降低召唤一个元素所需的法力消耗，减少基础法力消耗的 6%。
TM_SummonElemental_pwr_desc,"Increases the power of the elemental summoned.
At rank 3: summons two lesser elementals to accompany your primary summon.",TM_SummonElemental_pwr_desc,TM_English.xml,keyed,Increases the power of the elemental summoned.<ALIMT >(PH_1)</ALIMT>At rank 3: summons two lesser elementals to accompany your primary summon.,"增加被召唤的元素的威力。
等级 3: 召唤两个小元素伴随你的主召唤。"
TM_SummonElemental_ver_desc,Increases the duration of the summoning by 15s per skill point.  Base duration is 30s.,TM_SummonElemental_ver_desc,TM_English.xml,keyed,Increases the duration of the summoning by 15s per skill point.  Base duration is 30s.,每技能点增加召唤时间 15 s。基础持续时间为 30 秒。
TM_SummonPoppi_eff_desc,"Decreases mana cost to summon a band of poppi by 5% each skill point, but really, who can put a price on happiness?",TM_SummonPoppi_eff_desc,TM_English.xml,keyed,"Decreases mana cost to summon a band of poppi by 5% each skill point, but really, who can put a price on happiness?",提高召唤一群 poppi 所需的法力消耗，每个技能点需要消耗 5%，但真的，谁能为快乐定价？
TM_SummonPoppi_pwr_desc,"Even more poppi, snuggles for everyone.",TM_SummonPoppi_pwr_desc,TM_English.xml,keyed,"Even more poppi, snuggles for everyone.",更多的欢欣，是为每个人准备的。
TM_SummonPoppi_ver_desc,Hanging out with those poppi is even more of a blast.,TM_SummonPoppi_ver_desc,TM_English.xml,keyed,Hanging out with those poppi is even more of a blast.,和那些人在一起更像是一种爆炸。
TM_SummonMinion_eff,Coercion,TM_SummonMinion_eff,TM_English.xml,keyed,Coercion,强制
TM_SummonMinion_pwr,Enticing Offer,TM_SummonMinion_pwr,TM_English.xml,keyed,Enticing Offer,诱人的邀请
TM_SummonMinion_ver,Taskmaster,TM_SummonMinion_ver,TM_English.xml,keyed,Taskmaster,工兵大师
TM_SummonPylon_eff,Arcane Molding,TM_SummonPylon_eff,TM_English.xml,keyed,Arcane Molding,神秘造型
TM_SummonPylon_pwr,Improved Pylons,TM_SummonPylon_pwr,TM_English.xml,keyed,Improved Pylons,改进的塔
TM_SummonPylon_ver,Durable Pylons,TM_SummonPylon_ver,TM_English.xml,keyed,Durable Pylons,坚固的尖塔
TM_SummonExplosive_eff,Adept Creation,TM_SummonExplosive_eff,TM_English.xml,keyed,Adept Creation,善于创造
TM_SummonExplosive_pwr,Improved Reactor,TM_SummonExplosive_pwr,TM_English.xml,keyed,Improved Reactor,改进反应堆
TM_SummonExplosive_ver,Durable Mines,TM_SummonExplosive_ver,TM_English.xml,keyed,Durable Mines,耐久的矿井
TM_SummonElemental_eff,Elemental Affinity,TM_SummonElemental_eff,TM_English.xml,keyed,Elemental Affinity,元素亲和
TM_SummonElemental_pwr,Planes Walker,TM_SummonElemental_pwr,TM_English.xml,keyed,Planes Walker,助行架
TM_SummonElemental_ver,Words of Binding,TM_SummonElemental_ver,TM_English.xml,keyed,Words of Binding,绑定词
TM_SummonPoppi_eff,Poppi Enthusiast,TM_SummonPoppi_eff,TM_English.xml,keyed,Poppi Enthusiast,狂热爱好者
TM_SummonPoppi_pwr,Catch Them All,TM_SummonPoppi_pwr,TM_English.xml,keyed,Catch Them All,将它们全部捕获
TM_SummonPoppi_ver,Snuggle Catalyst,TM_SummonPoppi_ver,TM_English.xml,keyed,Snuggle Catalyst,依偎着催化剂
TM_Poison_eff_desc,Reduces the cost of Poison by 10% per skill level.,TM_Poison_eff_desc,TM_English.xml,keyed,Reduces the cost of Poison by 10% per skill level.,每技能等级降低 10% 的毒物消耗。
TM_Poison_pwr_desc,"Increases the potency of poison, dealing 25% more per skill level for each square the victim moves.",TM_Poison_pwr_desc,TM_English.xml,keyed,"Increases the potency of poison, dealing 25% more per skill level for each square the victim moves.",提高毒素的效力，受害者每移动一个方块，每技能等级增加 25%。
TM_Poison_ver_desc,"Increases the minimum and maximum severity levels of poison.  Severity levels cause reduction in fighting and moving capacities. Also increases duration of poison by 10% per level.
Level 0: (10%-40%), Duration 45s
Level 1: (20%-60%), Duration 49.5s
Level 2: (30%-80%), Duration 54s
Level 3: (40%-80%), Duration 58.5s",TM_Poison_ver_desc,TM_English.xml,keyed,"Increases the minimum and maximum severity levels of poison.  Severity levels cause reduction in <ALIMT >fighting</ALIMT> and moving capacities. Also increases duration of poison by 10% per level.<ALIMT >(PH_4)</ALIMT>Level 0: (10%-40%), Duration 45s<ALIMT >(PH_3)</ALIMT>Level 1: (20%-60%), Duration 49.5s<ALIMT >(PH_2)</ALIMT>Level 2: (30%-80%), Duration 54s<ALIMT >(PH_1)</ALIMT>Level 3: (40%-80%), Duration 58.5s","提高毒素的最低和最高严重程度。严重程度导致程度降低战斗中的和移动能力。每一级还会增加 10% 的毒素持续时间。
0 级 :( 10%-40%)，时长 45 秒
等级 1: (20%-60%)，持续时间 49.5s
等级 2: (30%-80%)，持续时间 54s
三级 :( 40%-80%)，时长 58.5s"
TM_SootheAnimal_eff_desc,Reduces the cost of Beguile Animal by 10% per skill level.,TM_SootheAnimal_eff_desc,TM_English.xml,keyed,Reduces the cost of Beguile Animal by 10% per skill level.,每个技能等级降低 10% 的成瘾品成本。
TM_SootheAnimal_pwr_desc,"Animals will receive arcane buffs when enraged, and arcane debuffs when pacified. Skill level determines the strength of these modifiers, no modifiers occur at skill level 0.",TM_SootheAnimal_pwr_desc,TM_English.xml,keyed,"Animals will receive arcane buffs when enraged, and arcane debuffs when pacified. Skill level determines the strength of these modifiers, no modifiers occur at skill level 0.",当动物被激怒时，会受到神秘的影响，当动物被安抚时，会受到神秘的影响。技能等级决定了这些修改器的强度，没有修改器出现在技能等级 0 的时候。
TM_Regenerate_eff_desc,Reduces the cost of Regeneration by 7% per skill level.,TM_Regenerate_eff_desc,TM_English.xml,keyed,Reduces the cost of Regeneration by 7% per skill level.,每技能等级降低 7% 的再生成本。
TM_Regenerate_pwr_desc,Increases the amount regeneration heals each tick by .5 health per level. Base regeneration is 4 health.,TM_Regenerate_pwr_desc,TM_English.xml,keyed,Increases the amount regeneration heals each tick by .5 health per level. Base regeneration is 4 health.,每格提升再生治愈量每格提升 0.5 health基地再生是 4 健康。
TM_Regenerate_ver_desc,"Increases the duration of regeneration per skill level, duration is random between stated values:
Level 0: 16s - 50s
Level 1: 33s - 100s
Level 2: 50s - 150s
Level 3: 67s - 200s",TM_Regenerate_ver_desc,TM_English.xml,keyed,"Increases the duration of regeneration per skill level, duration is random between stated values:<ALIMT >(PH_4)</ALIMT>Level 0: 16s - 50s<ALIMT >(PH_3)</ALIMT>Level 1: 33s - 100s<ALIMT >(PH_2)</ALIMT>Level 2: 50s - 150s<ALIMT >(PH_1)</ALIMT>Level 3: 67s - 200s","增加每项技能等级的再生持续时间，持续时间在规定的随机值之间:
0 级: 16 秒-50 秒
等级 1: 33 s-100 s
等级 2: 50 秒-150 秒
三级: 67 秒-200 秒"
TM_CureDisease_eff_desc,Reduces the cost of Cure Disease by 10% per skill level.,TM_CureDisease_eff_desc,TM_English.xml,keyed,Reduces the cost of Cure Disease by 10% per skill level.,每个技能等级降低 10% 的疾病治疗费用。
TM_CureDisease_pwr_desc,"Improves the effectiveness of Cure Disease. The higher the skill level, the more likely the spell cures the disease instead of reducing it.
Level 0: 75% success chance
Level 1: 100% success chance on understood diseases (Disease Knowledge)
Level 2: Boost disease immunity of the target by 15% for 3 days
Level 3: Boost disease immunity of the target by 25% for 5 days",TM_CureDisease_pwr_desc,TM_English.xml,keyed,"Improves the effectiveness of Cure Disease. The higher the skill level, the more likely the spell cures the disease instead of reducing it.<ALIMT >(PH_4)</ALIMT>Level 0: 75% success chance<ALIMT >(PH_3)</ALIMT>Level 1: 100% success chance on understood diseases (Disease Knowledge)<ALIMT >(PH_2)</ALIMT>Level 2: Boost disease immunity of the target by 15% for 3 days<ALIMT >(PH_1)</ALIMT>Level 3: Boost disease immunity of the target by 25% for 5 days","提高了治疗疾病的效果。技能等级越高，法术治愈而不是降低疾病的可能性就越大。
0 级: 75% 成功率
第一级: 了解疾病 (疾病知识) 100% 成功率
等级 2: 目标 3 天疾病免疫提升 15%
等级 3: 提升目标疾病免疫 25%，持续 5 天"
TM_CureDisease_ver_desc,"Study of diseases allows the druid to cure more advanced maladies.
Level 0: Flu and Wound Infections
Level 1: Gut Worms, Food Poisoning, and Malaria
Level 2: Sleeping Sickness, Muscle Parasites and Scaria
Level 3: The Plague and Blood Rot",TM_CureDisease_ver_desc,TM_English.xml,keyed,"Study of diseases allows the druid to cure more advanced maladies.<ALIMT >(PH_4)</ALIMT>Level 0: Flu and Wound Infections<ALIMT >(PH_3)</ALIMT>Level 1: Gut Worms, Food Poisoning, and Malaria<ALIMT >(PH_2)</ALIMT>Level 2: Sleeping Sickness, Muscle Parasites and Scaria<ALIMT >(PH_1)</ALIMT>Level 3: The Plague and <ALIMT >blood</ALIMT> Rot","对疾病的研究可以让药物治疗更先进的疾病。
等级 0: 流感和伤口感染
等级 1: 肠道蠕虫、食物中毒和疟疾
等级 2: 昏睡病、肌肉发达的角色。寄生虫和狂暴症
等级 3: 瘟疫和血腐烂"
TM_RegrowLimb_eff_desc,Reduces the mana required to regrow limbs (surgery) by 6% per skill level.  Regrowth is unaffected by global mana cost reductions.,TM_RegrowLimb_eff_desc,TM_English.xml,keyed,Reduces the mana required to regrow limbs (surgery) by 6% per skill level.  Regrowth is unaffected by global mana cost reductions.,每个技能等级减少再生肢体 (手术) 所需的法力值 6%。再生受到全局法力消耗减少的影响。
TM_Poison_eff,Extraction Methods,TM_Poison_eff,TM_English.xml,keyed,Extraction Methods,提取方法
TM_Poison_pwr,Poison Potency,TM_Poison_pwr,TM_English.xml,keyed,Poison Potency,毒素强度
TM_Poison_ver,Weakened Limbs,TM_Poison_ver,TM_English.xml,keyed,Weakened Limbs,虚弱的四肢
TM_SootheAnimal_eff,Beguiling Nature,TM_SootheAnimal_eff,TM_English.xml,keyed,Beguiling Nature,迷人的自然
TM_SootheAnimal_pwr,Augmented Control,TM_SootheAnimal_pwr,TM_English.xml,keyed,Augmented Control,增强控制
TM_Regenerate_eff,Efficient Regeneration,TM_Regenerate_eff,TM_English.xml,keyed,Efficient Regeneration,高效再生
TM_Regenerate_pwr,Intensified Regeneration,TM_Regenerate_pwr,TM_English.xml,keyed,Intensified Regeneration,强化再生
TM_Regenerate_ver,Enduring Regeneration,TM_Regenerate_ver,TM_English.xml,keyed,Enduring Regeneration,耐久再生
TM_CureDisease_eff,Natural Healing,TM_CureDisease_eff,TM_English.xml,keyed,Natural Healing,自然医术
TM_CureDisease_pwr,Effective Treatment,TM_CureDisease_pwr,TM_English.xml,keyed,Effective Treatment,有效的治疗
TM_CureDisease_ver,Disease Knowledge,TM_CureDisease_ver,TM_English.xml,keyed,Disease Knowledge,疾病知识
TM_RegrowLimb_eff,Regrowth Mastery,TM_RegrowLimb_eff,TM_English.xml,keyed,Regrowth Mastery,再生精通
TM_RaiseUndead_eff_desc,Reduces mana cost of Raise Undead by 5% per skill level. Reduces cost to maintain undead by 10% per skill level.,TM_RaiseUndead_eff_desc,TM_English.xml,keyed,Reduces mana cost of Raise Undead by 5% per skill level. Reduces cost to maintain undead by 10% per skill level.,每个技能等级提高不死灵所需的法力消耗减少 5%。每技能等级降低维持不死所需的成本 10%。
TM_RaiseUndead_pwr_desc,"Increases the number of undead that can be created with each spell by 1 per skill level and increases their learned skills by 10% per skill point.
Level 0: 2
Level 1: 3
Level 2: 4
Level 3: 5",TM_RaiseUndead_pwr_desc,TM_English.xml,keyed,Increases the number of undead that can be created with each spell by 1 per skill level and increases their learned skills by 10% per skill point.<ALIMT >(PH_4)</ALIMT>Level 0: 2<ALIMT >(PH_3)</ALIMT>Level 1: 3<ALIMT >(PH_2)</ALIMT>Level 2: 4<ALIMT >(PH_1)</ALIMT>Level 3: 5,"每项技能等级增加 1 个，每个技能点可创建的不死生物数量，并提高他们 10% 的技能经验。
等级 0:2
等级 1: 3
等级 2: 4
等级 3: 5"
TM_RaiseUndead_ver_desc,Undead movement and action speed increases by 5% per skill level.,TM_RaiseUndead_ver_desc,TM_English.xml,keyed,Undead movement and action speed increases by 5% per skill level.,每个技能等级增加 5% 的死灵移动和行动速度。
TM_DeathMark_ver_desc,Death Mark can cause terror and berserk afflictions. Each skill point increases the chance to apply an additional affliction by 10%.,TM_DeathMark_ver_desc,TM_English.xml,keyed,Death Mark can cause terror and berserk afflictions. Each skill point increases the chance to apply an additional affliction by 10%.,死亡印记会引起恐惧和狂暴之痛。每个技能点都将增加 10% 的几率来应用额外的痛苦。
TM_DeathMark_eff_desc,Reduces mana cost of Death Mark by 8% per skill level.,TM_DeathMark_eff_desc,TM_English.xml,keyed,Reduces mana cost of Death Mark by 8% per skill level.,每个技能等级减少 8% 的法力消耗和死亡痕迹。
TM_DeathMark_pwr_desc,Increases the severity of Death Mark by 50% per skill level.,TM_DeathMark_pwr_desc,TM_English.xml,keyed,Increases the severity of Death Mark by 50% per skill level.,每个技能级别增加 50% 的死亡几率。
TM_FogOfTorment_eff_desc,Reduces mana cost of Fog of Torment by 8% per skill level.,TM_FogOfTorment_eff_desc,TM_English.xml,keyed,Reduces mana cost of Fog of Torment by 8% per skill level.,每个技能等级减少 8% 的法力消耗。
TM_FogOfTorment_pwr_desc,"Increases damage and penalties caused by fog of torment by 33% per skill level.  Also increases the amount undead are healed by 50% per skill level.
Level 0: 2-4 damage, 2 healing 
Level 1: 3-5 damage, 3 healing
Level 2: 4-6 damage, 4 healing
Level 3: 5-7 damage, 5 healing",TM_FogOfTorment_pwr_desc,TM_English.xml,keyed,"Increases damage and penalties caused by fog of torment by 33% per skill level.  Also increases the amount undead are healed by 50% per skill level.<ALIMT >(PH_4)</ALIMT>Level 0: 2-4 damage, 2 healing <ALIMT >(PH_3)</ALIMT>Level 1: 3-5 damage, 3 healing<ALIMT >(PH_2)</ALIMT>Level 2: 4-6 damage, 4 healing<ALIMT >(PH_1)</ALIMT>Level 3: 5-7 damage, 5 healing","每个技能等级增加 33% 的伤害和惩罚。也增加每个技能等级治愈的不死生物数量 50%。
等级 0: 2-4 点伤害，2 点治愈
一级: 3-5 点伤害，3 点治愈
等级 2: 4-6 点伤害，4 点治愈
三级: 5-7 点伤害，5 点治愈"
TM_FogOfTorment_ver_desc,"Increases the duration, reduces time between effects, and expands the radius of Fog of Torment.
Level 0: radius 6, effect/2s, duration 24s
Level 1: radius 7, effect/1.7s, duration 27s
Level 2: radius 8, effect/1.4s, duration 30s
Level 3: radius 9, effect/1.1s, duration 33s",TM_FogOfTorment_ver_desc,TM_English.xml,keyed,"Increases the duration, reduces time between effects, and expands the radius of Fog of Torment.<ALIMT >(PH_4)</ALIMT>Level 0: radius 6, effect/2s, duration 24s<ALIMT >(PH_3)</ALIMT>Level 1: radius 7, effect/1.7s, duration 27s<ALIMT >(PH_2)</ALIMT>Level 2: radius 8, effect/1.4s, duration 30s<ALIMT >(PH_1)</ALIMT>Level 3: radius 9, effect/1.1s, duration 33s","增加持续时间，减少两种效果之间的间隔，并且扩大折磨的雾的半径。
等级 0: 半径 6，效果/2 s，持续时间 24s
等级 1: 半径 7，效果/1.7 秒，持续时间 27 秒
等级 2: 半径 8，效果/1.4 秒，持续时间 30 秒
等级 3: 半径 9，效果/1.1 秒，持续时间 33 秒"
TM_ConsumeCorpse_eff_desc,Increases mana restored by Consume Corpse by 7% per skill level.,TM_ConsumeCorpse_eff_desc,TM_English.xml,keyed,Increases mana restored by Consume Corpse by 7% per skill level.,每技能等级增加消耗尸体恢复的法力 7%。
TM_ConsumeCorpse_ver_desc,"Consume corpse also heals the physical wounds of the caster.  
The amount of health varies based on type (human or animal) and freshness of the corpse or undead being consumed.
Increases damage done to enemy undead by 15% per skill level.",TM_ConsumeCorpse_ver_desc,TM_English.xml,keyed,Consume corpse also heals the physical wounds of the caster.  <ALIMT >(PH_2)</ALIMT>The amount of health varies based on type (human or animal) and freshness of the corpse or undead being consumed.<ALIMT >(PH_1)</ALIMT>Increases damage done to enemy undead by 15% per skill level.,"消耗尸体也可以治愈施术者的伤口。
健康程度因尸体的类型 (人或动物) 、新鲜程度或被食用的不死生物而异。
每一级技能对敌人的不死灵伤害增加 15%。"
TM_CorpseExplosion_pwr_desc,"Increases the damage of Corpse Explosion by 5 per skill level. Also increases the explosion radius by 10%.
Level 0: 18-30
Level 1: 23-35
Level 2: 28-40
Level 3: 32-45",TM_CorpseExplosion_pwr_desc,TM_English.xml,keyed,Increases the damage of Corpse Explosion by 5 per skill level. Also increases the explosion radius by 10%.<ALIMT >(PH_4)</ALIMT>Level 0: 18-30<ALIMT >(PH_3)</ALIMT>Level 1: 23-35<ALIMT >(PH_2)</ALIMT>Level 2: 28-40<ALIMT >(PH_1)</ALIMT>Level 3: 32-45,"每技能等级增加 5 点爆炸尸体伤害。还会增加 10% 的爆炸半径。
0 级: 18-30
一级: 23-35
等级 2: 28-40
等级 3: 32-45"
TM_CorpseExplosion_eff_desc,Reduces mana cost of Corpse Explosion by 8% per skill level.,TM_CorpseExplosion_eff_desc,TM_English.xml,keyed,Reduces mana cost of Corpse Explosion by 8% per skill level.,每个技能等级减少 8% 的尸体爆炸法力消耗。
TM_CorpseExplosion_ver_desc,Reduces explosion delay by 1s per skill point. Also increases the explosion radius by 10%.,TM_CorpseExplosion_ver_desc,TM_English.xml,keyed,Reduces explosion delay by 1s per skill point. Also increases the explosion radius by 10%.,每技能点爆炸延时减少 1 s。还会增加 10% 的爆炸半径。
TM_DeathBolt_pwr_desc,"Increases the damage of Death Bolt by 5 per skill level and Spreading Darkness by 3 per skill level.
Level 0: 18-35; Spreading Darkness: 12-24
Level 1: 23-40; Spreading Darkness: 15-27
Level 2: 28-45; Spreading Darkness: 18-30
Level 3: 33-50; Spreading Darkness: 21-33",TM_DeathBolt_pwr_desc,TM_English.xml,keyed,Increases the damage of Death Bolt by 5 per skill level and Spreading Darkness by 3 per skill level.<ALIMT >(PH_4)</ALIMT>Level 0: 18-35; Spreading Darkness: 12-24<ALIMT >(PH_3)</ALIMT>Level 1: 23-40; Spreading Darkness: 15-27<ALIMT >(PH_2)</ALIMT>Level 2: 28-45; Spreading Darkness: 18-30<ALIMT >(PH_1)</ALIMT>Level 3: 33-50; Spreading Darkness: 21-33,"每技能等级增加 5 点死亡弹和每技能等级增加 3 点黑暗伤害。
等级 0: 18-35; 蔓延的黑暗: 12-24
等级 1: 23-40; 蔓延的黑暗: 15-27
等级 2: 28-45; 蔓延的黑暗: 18-30
等级 3: 33-50; 蔓延的黑暗: 21-33"
TM_DeathBolt_eff_desc,Reduces mana cost of Death Bolt by 6% per skill level.,TM_DeathBolt_eff_desc,TM_English.xml,keyed,Reduces mana cost of Death Bolt by 6% per skill level.,每个技能等级减少 6% 的法力消耗。
TM_DeathBolt_ver_desc,Darkness spreads further from the point of impact.,TM_DeathBolt_ver_desc,TM_English.xml,keyed,Darkness spreads further from the point of impact.,黑暗从撞击点进一步蔓延。
TM_RaiseUndead_eff,Cheating Death,TM_RaiseUndead_eff,TM_English.xml,keyed,<ALIMT >cheating</ALIMT> Death,出轨死亡
TM_RaiseUndead_pwr,Powered Creation,TM_RaiseUndead_pwr,TM_English.xml,keyed,Powered Creation,通电的造物
TM_RaiseUndead_ver,Hastened Undead,TM_RaiseUndead_ver,TM_English.xml,keyed,Hastened Undead,被赶超的不死生物
TM_DeathMark_ver,Withering Curse,TM_DeathMark_ver,TM_English.xml,keyed,Withering Curse,枯萎诅咒
TM_DeathMark_eff,Efficient Mark,TM_DeathMark_eff,TM_English.xml,keyed,Efficient Mark,有效印记
TM_DeathMark_pwr,Overwhelming Mark,TM_DeathMark_pwr,TM_English.xml,keyed,Overwhelming Mark,崩坏的痕迹
TM_FogOfTorment_eff,Unnatural Wind,TM_FogOfTorment_eff,TM_English.xml,keyed,Unnatural Wind,异常之风
TM_FogOfTorment_pwr,Deadly Torment,TM_FogOfTorment_pwr,TM_English.xml,keyed,Deadly Torment,致命的折磨
TM_FogOfTorment_ver,Lingering Fog,TM_FogOfTorment_ver,TM_English.xml,keyed,Lingering Fog,持续的迷雾
TM_ConsumeCorpse_eff,Greedy Consumption,TM_ConsumeCorpse_eff,TM_English.xml,keyed,Greedy Consumption,贪婪的消费
TM_ConsumeCorpse_ver,Healing Consumption,TM_ConsumeCorpse_ver,TM_English.xml,keyed,Healing Consumption,愈合消耗
TM_CorpseExplosion_pwr,Violent Explosion,TM_CorpseExplosion_pwr,TM_English.xml,keyed,Violent Explosion,剧烈爆炸
TM_CorpseExplosion_eff,Corpse Mastery,TM_CorpseExplosion_eff,TM_English.xml,keyed,Corpse Mastery,尸体精通
TM_CorpseExplosion_ver,Volatile Toxins,TM_CorpseExplosion_ver,TM_English.xml,keyed,Volatile Toxins,挥发性毒素
TM_DeathBolt_pwr,Unholy Might,TM_DeathBolt_pwr,TM_English.xml,keyed,Unholy Might,邪恶威力
TM_DeathBolt_eff,Eternal Learning,TM_DeathBolt_eff,TM_English.xml,keyed,Eternal Learning,学习永恒
TM_DeathBolt_ver,Spreading Darkness,TM_DeathBolt_ver,TM_English.xml,keyed,Spreading Darkness,黑暗不断散开
TM_AdvancedHeal_eff_desc,Reduces mana cost of Advanced Heal by 8% per level.,TM_AdvancedHeal_eff_desc,TM_English.xml,keyed,Reduces mana cost of Advanced Heal by 8% per level.,每等级降低 8% 的法力消耗。
TM_AdvancedHeal_ver_desc,Increases the maximum number of wounds healed by 1 per level.,TM_AdvancedHeal_ver_desc,TM_English.xml,keyed,Increases the maximum number of wounds healed by 1 per level.,每一级伤口治愈的最大数量增加 1 个。
TM_AdvancedHeal_pwr_desc,Increases the amount each wound is healed by 3 points per level.,TM_AdvancedHeal_pwr_desc,TM_English.xml,keyed,Increases the amount each wound is healed by 3 points per level.,每层伤口的治愈量增加 3 点。
TM_Purify_eff_desc,Reduces the mana cost of Purify by 6% per level.,TM_Purify_eff_desc,TM_English.xml,keyed,Reduces the mana cost of Purify by 6% per level.,每级净化消耗的法力值减少 6%
TM_Purify_ver_desc,"Increases number of ailments that can be cured per use. Skill increase expands the types of ailments that can be purified:
Level 0: 
Physical - Cataracts, Hearing Loss, Toxic buildup
Drug Addictions - Smokeleaf, Alcohol
Level 1:
Physical - Blindness, Asthma, Cirrhosis, Moderate chemical damage
Drug Addictions - Go-Juice, WakeUp
Level 2:
Physical - Frailty, Bad back, Carcinoma, Severe chemical damage 
Drug - Psychite
Level 3:
Physical - brain, heart and paralysis conditions
Drug - Any addiction including Luciferium",TM_Purify_ver_desc,TM_English.xml,keyed,"Increases number of ailments that can be cured per use. Skill increase expands the types of ailments that can be purified:<ALIMT >(PH_12)</ALIMT>Level 0: <ALIMT >(PH_11)</ALIMT>Physical - Cataracts, Hearing Loss, Toxic buildup<ALIMT >(PH_10)</ALIMT>Drug Addictions - Smokeleaf, Alcohol<ALIMT >(PH_9)</ALIMT>Level 1:<ALIMT >(PH_8)</ALIMT>Physical - Blindness, Asthma, Cirrhosis, Moderate chemical damage<ALIMT >(PH_7)</ALIMT>Drug Addictions - Go-Juice, WakeUp<ALIMT >(PH_6)</ALIMT>Level 2:<ALIMT >(PH_5)</ALIMT>Physical - Frailty, Bad back, Carcinoma, Severe chemical damage <ALIMT >(PH_4)</ALIMT>Drug - Psychite<ALIMT >(PH_3)</ALIMT>Level 3:<ALIMT >(PH_2)</ALIMT>Physical - <ALIMT >brain</ALIMT>, heart and paralysis conditions<ALIMT >(PH_1)</ALIMT>Drug - Any addiction including Luciferium","增加每次使用可以治愈的疾病数量。技能提升会扩大可净化的疾病类型:
0 级:
物理性-白内障，耳聋，中毒
成瘾品成瘾-大麻，酒精
等级 1:
失明，哮喘，肝硬化，中度化学性损伤
沉迷成瘾品-活力水，唤醒
等级 2:
虚弱的身体，背痛，癌症，严重的化学性损伤
成瘾品-精神药物
三级:
肉体脑,心脏和瘫痪的条件
成瘾品-任何成瘾包括魔鬼素"
TM_Purify_pwr_desc,"Increases effectiveness of Purify.
Scars are healed by 2 points + 2x skill level; Brain injuries require a skill level of 1 or greater and heals 1 point per skill level.\n\n
Physical conditions such as blindness or carcinoma are healed or reduced, depending on skill level. If the power of purify is not enough to cure the condition outright, multiple uses of purify can be used to reduce, then cure the condition.\n\n
Each skill point increases the effectiveness in overcoming a drug addiction; may require multiple uses to completely overcome an addiction.",TM_Purify_pwr_desc,TM_English.xml,keyed,"Increases effectiveness of Purify.<ALIMT >(PH_7)</ALIMT>Scars are healed by 2 points + 2x skill level; <ALIMT >brain</ALIMT> injuries require a skill level of 1 or greater and heals 1 point per skill level.<ALIMT >(PH_6)</ALIMT><ALIMT >(PH_5)</ALIMT><ALIMT >(PH_4)</ALIMT>Physical conditions such as blindness or carcinoma are healed or reduced, depending on skill level. If the power of purify is not enough to cure the condition outright, multiple uses of purify can be used to reduce, then cure the condition.<ALIMT >(PH_3)</ALIMT><ALIMT >(PH_2)</ALIMT><ALIMT >(PH_1)</ALIMT>Each skill point increases the effectiveness in overcoming a drug addiction; may require multiple uses to completely overcome an addiction.","提高净化效果。
疤痕愈合 2 点 + 2 倍技能等级;脑伤害需要技能等级为 1 或以上，每技能等级治愈 1 点。


失明或癌症等身体状况会治愈或减少，这取决于技能水平。如果净化的力量不足以完全治愈疾病，可以使用多次净化来减少，然后治疗疾病。


每个技能点都可以提高克服成瘾品成瘾的效果; 可能需要多次使用才能完全成瘾。"
TM_HealingCircle_eff_desc,Reduces mana cost of Healing Circle by 7% per skill point.,TM_HealingCircle_eff_desc,TM_English.xml,keyed,Reduces mana cost of Healing Circle by 7% per skill point.,每技能点减少 7% 的法力消耗。
TM_HealingCircle_ver_desc,"Increases number of injuries that can be healed per wave. Also increases the duration of Healing Circle by 3s per skill point.
Level 0: 1 injury
Level 1: 2 injuries
Level 2: 3 injuries
Level 3: 4 injuries",TM_HealingCircle_ver_desc,TM_English.xml,keyed,Increases number of injuries that can be healed per wave. Also increases the duration of Healing Circle by 3s per skill point.<ALIMT >(PH_4)</ALIMT>Level 0: 1 injury<ALIMT >(PH_3)</ALIMT>Level 1: 2 injuries<ALIMT >(PH_2)</ALIMT>Level 2: 3 injuries<ALIMT >(PH_1)</ALIMT>Level 3: 4 injuries,"增加每波可以治愈的伤害数量。也会让治愈圈的持续时间每技能点增加 3 秒。
0:1 级伤害
等级 1: 2 点伤害
等级 2: 3 点伤
三级: 4 人受伤"
TM_HealingCircle_pwr_desc,"Increases amount each wound is healed. Also increases the duration of Healing Circle by 3s per skill point.
Level 0: 10 health
Level 1: 12 health
Level 2: 14 health
Level 3: 16 health
Level 4: 18 health",TM_HealingCircle_pwr_desc,TM_English.xml,keyed,Increases amount each wound is healed. Also increases the duration of Healing Circle by 3s per skill point.<ALIMT >(PH_5)</ALIMT>Level 0: 10 health<ALIMT >(PH_4)</ALIMT>Level 1: 12 health<ALIMT >(PH_3)</ALIMT>Level 2: 14 health<ALIMT >(PH_2)</ALIMT>Level 3: 16 health<ALIMT >(PH_1)</ALIMT>Level 4: 18 health,"增加每条伤口的治愈量。也会让治愈圈的持续时间每技能点增加 3 秒。
等级 0: 10 健康
等级 1: 12 健康
等级 2: 健康 14
等级 3: 健康 16
等级 4: 健康 18"
TM_BestowMight_eff_desc,Reduces mana cost of Bestow Might by 8% per skill point.,TM_BestowMight_eff_desc,TM_English.xml,keyed,Reduces mana cost of Bestow Might by 8% per skill point.,每技能点降低 8% 的赐予神器的法力消耗。
TM_Resurrection_eff_desc,Reduces mana cost of Resurrection by 5% per skill level and reduces the amount of skill experience lost by 2% per skill level.,TM_Resurrection_eff_desc,TM_English.xml,keyed,Reduces mana cost of Resurrection by 5% per skill level and reduces the amount of skill experience lost by 2% per skill level.,每个技能等级减少 5% 的复活法力消耗，每个技能等级减少 2% 的技能经验损失。
TM_Resurrection_ver_desc,Increases the chance to prevent resurrection side effects by 10% and reduces skill loss by 10% per skill level.,TM_Resurrection_ver_desc,TM_English.xml,keyed,Increases the chance to prevent resurrection side effects by 10% and reduces skill loss by 10% per skill level.,每一级技能防止复活副作用的几率提高 10%，技能损失降低 10%。
TM_AdvancedHeal_eff,Efficient Healing,TM_AdvancedHeal_eff,TM_English.xml,keyed,Efficient Healing,高效治疗
TM_AdvancedHeal_ver,Deep Healing,TM_AdvancedHeal_ver,TM_English.xml,keyed,Deep Healing,深度医术
TM_AdvancedHeal_pwr,Healing Power,TM_AdvancedHeal_pwr,TM_English.xml,keyed,Healing Power,治愈能力
TM_Purify_eff,Unquestioned Purity,TM_Purify_eff,TM_English.xml,keyed,Unquestioned Purity,无可争议的纯洁
TM_Purify_ver,Comprehensive Purity,TM_Purify_ver,TM_English.xml,keyed,Comprehensive Purity,综合纯洁
TM_Purify_pwr,Burning Purity,TM_Purify_pwr,TM_English.xml,keyed,Burning Purity,燃烧的纯洁
TM_HealingCircle_eff,Efficient Circle,TM_HealingCircle_eff,TM_English.xml,keyed,Efficient Circle,高效圈
TM_HealingCircle_ver,High Tide,TM_HealingCircle_ver,TM_English.xml,keyed,High Tide,涨潮
TM_HealingCircle_pwr,Soothing Waves,TM_HealingCircle_pwr,TM_English.xml,keyed,Soothing Waves,抚慰波
TM_BestowMight_eff,Practiced Blessing,TM_BestowMight_eff,TM_English.xml,keyed,Practiced Blessing,练习祝福
TM_Resurrection_ver,Graceful Resurrection,TM_Resurrection_ver,TM_English.xml,keyed,Graceful Resurrection,优雅的复活
TM_Resurrection_eff,Guiding Light,TM_Resurrection_eff,TM_English.xml,keyed,Guiding Light,引导光
TM_BardTraining_pwr_desc,Advances the Bard trait to the next level. Entertainer -> Performer -> Minstrel -> Bard. Requires 2 points to train.,TM_BardTraining_pwr_desc,TM_English.xml,keyed,Advances the Bard trait to the next level. Entertainer -> Performer -> Minstrel -> Bard. Requires 2 points to train.,将吟游诗人的特性提升到一个新的水平。艺人-> 表演者-> 吟游诗人需要 2 个点的时间来训练。
TM_Entertain_ver_desc,Increases the chance to have favorable conversations with other colonists.,TM_Entertain_ver_desc,TM_English.xml,keyed,Increases the chance to have favorable conversations with other colonists.,增加与其他殖民者进行正面对话的机会。
TM_Entertain_pwr_desc,Increases how often the bard is willing to have social interaction.,TM_Entertain_pwr_desc,TM_English.xml,keyed,Increases how often the bard is willing to have social interaction.,增加吟游诗人愿意进行社交活动的频率。
TM_Inspire_ver_desc,"The bard learns new ways to inspire colonists.
Level 0: may cause common inspirations
Level 1: may cause resource frenzy inspirations
Level 2: may cause learning and social inspirations
Level 3: may cause heroic inspirations for magic or might classes.",TM_Inspire_ver_desc,TM_English.xml,keyed,The bard learns new ways to inspire colonists.<ALIMT >(PH_4)</ALIMT>Level 0: may cause common inspirations<ALIMT >(PH_3)</ALIMT>Level 1: may cause resource frenzy inspirations<ALIMT >(PH_2)</ALIMT>Level 2: may cause learning and social inspirations<ALIMT >(PH_1)</ALIMT>Level 3: may cause heroic inspirations for magic or might classes.,"吟游诗人学习新的方法来激励殖民者。
等级 0: 可能导致普遍的灵感
等级 1: 可能导致资源灵感狂热
等级 2: 可能产生学习和社交方面的灵感
等级 3: 可能会为魔术或可能的课程带来英雄的灵感。"
TM_Inspire_pwr_desc,Increases how often the bard will attempt to inspire fellow colonists.,TM_Inspire_pwr_desc,TM_English.xml,keyed,Increases how often the bard will attempt to inspire fellow colonists.,增加吟游诗人激励其他殖民者的频率。
TM_Lullaby_eff_desc,Reduces mana cost of Lullaby by 8% per skill point.,TM_Lullaby_eff_desc,TM_English.xml,keyed,Reduces mana cost of Lullaby by 8% per skill point.,每技能点减少强迫参与者做某事，但违背自己的意愿。曲的法力消耗 8%。
TM_Lullaby_pwr_desc,"Increases chance lullaby is effective by 10% per skill point.
Level 0: 40%
Level 1: 50%
Level 2: 60%
Level 3: 70%",TM_Lullaby_pwr_desc,TM_English.xml,keyed,Increases chance lullaby is effective by 10% per skill point.<ALIMT >(PH_4)</ALIMT>Level 0: 40%<ALIMT >(PH_3)</ALIMT>Level 1: 50%<ALIMT >(PH_2)</ALIMT>Level 2: 60%<ALIMT >(PH_1)</ALIMT>Level 3: 70%,"每技能点增加强迫参与者做某事，但违背自己的意愿。曲生效几率 10%。
0 级: 40%
一级: 50%
等级 2: 60%
三级: 70%"
TM_Lullaby_ver_desc,"Lullaby reduces the consciousness of effected pawns - works even if lullaby was resisted.
Level 0: N/A
Level 1: -10% consciousness
Level 2: -15% consciousness
Level 3: -20% consciousness",TM_Lullaby_ver_desc,TM_English.xml,keyed,Lullaby reduces the consciousness of effected pawns - works even if lullaby was resisted.<ALIMT >(PH_4)</ALIMT>Level 0: N/A<ALIMT >(PH_3)</ALIMT>Level 1: -10% consciousness<ALIMT >(PH_2)</ALIMT>Level 2: -15% consciousness<ALIMT >(PH_1)</ALIMT>Level 3: -20% consciousness,"即使摇篮曲被抵抗，强迫参与者做某事，但违背自己的意愿。曲也会降低受影响的 pawns-works 的意识。
等级 0: N/A
等级 1:-10% 意识
等级 2:-15% 意识
等级 3:-20% 意识"
TM_BattleHymn_eff_desc,Reduces mana cost to use and maintain Battle Hymn by 6% per skill level.,TM_BattleHymn_eff_desc,TM_English.xml,keyed,Reduces mana cost to use and maintain Battle Hymn by 6% per skill level.,每个技能等级减少 6% 的法力消耗。
TM_BattleHymn_ver_desc,Increases range of battle hymn by 3m per skill point (base 17m). Also increases the tempo of battle hymn by .5s (5s base).,TM_BattleHymn_ver_desc,TM_English.xml,keyed,Increases range of battle hymn by 3m per skill point (base 17m). Also increases the tempo of battle hymn by .5s (5s base).,每技能点 (基础 17 米) 增加战斗赞美诗射程 3 米。战斗赞美诗的节奏也提高了 0.5 秒 (基础为 5 秒)。
TM_BattleHymn_pwr_desc,Increases the effects of battle hymn 12% per skill point for each verse (iteration) it remains active and increases the chance of invoking an inspiration by 1%.,TM_BattleHymn_pwr_desc,TM_English.xml,keyed,Increases the effects of battle hymn 12% per skill point for each verse (iteration) it remains active and increases the chance of invoking an inspiration by 1%.,为每首诗 (迭代) 增加每技能点 12% 的战斗赞美诗效果，并使其保持活跃，同时激发灵感的几率增加 1%。
TM_BardTraining_pwr,Bard Training,TM_BardTraining_pwr,TM_English.xml,keyed,Bard Training,吟游诗人训练
TM_Entertain_ver,Abundant Laughter,TM_Entertain_ver,TM_English.xml,keyed,Abundant Laughter,丰富的欢笑
TM_Entertain_pwr,Improvisation,TM_Entertain_pwr,TM_English.xml,keyed,Improvisation,即兴创作
TM_Inspire_ver,Playwright,TM_Inspire_ver,TM_English.xml,keyed,Playwright,剧作家
TM_Inspire_pwr,Charisma,TM_Inspire_pwr,TM_English.xml,keyed,Charisma,人格魅力
TM_Lullaby_eff,Deft Hands,TM_Lullaby_eff,TM_English.xml,keyed,Deft Hands,灵巧的双手
TM_Lullaby_pwr,Ear-worm,TM_Lullaby_pwr,TM_English.xml,keyed,Ear-worm,耳虫
TM_Lullaby_ver,Resonance,TM_Lullaby_ver,TM_English.xml,keyed,Resonance,共鸣
TM_BattleHymn_ver,Lingering Note,TM_BattleHymn_ver,TM_English.xml,keyed,Lingering Note,留恋
TM_BattleHymn_eff,Vocalist,TM_BattleHymn_eff,TM_English.xml,keyed,Vocalist,歌手
TM_BattleHymn_pwr,Heroic Chorus,TM_BattleHymn_pwr,TM_English.xml,keyed,Heroic Chorus,英雄合唱团
TM_SoulBond_pwr_desc,Increases the benefit of Soul Bond to the demonkin.,TM_SoulBond_pwr_desc,TM_English.xml,keyed,Increases the benefit of Soul Bond to the demonkin.,增加灵魂纽带对恶魔的好处。
TM_SoulBond_eff_desc,Decreases the mana cost to use Shadow Step and Shadow Call by 10% per skill point.,TM_SoulBond_eff_desc,TM_English.xml,keyed,Decreases the mana cost to use Shadow Step and Shadow Call by 10% per skill point.,降低每个技能点使用影步和召唤影所消耗的法力值。增加 10%。
TM_SoulBond_ver_desc,Decreases the burden of Soul Bond on the host.,TM_SoulBond_ver_desc,TM_English.xml,keyed,Decreases the burden of Soul Bond on the host.,减轻灵魂纽带对宿主的负担。
TM_ShadowBolt_ver_desc,Increases the proximity damage and radius of Shadow Bolt.,TM_ShadowBolt_ver_desc,TM_English.xml,keyed,Increases the proximity damage and radius of Shadow Bolt.,增加附近的伤害，增加影栓的半径。
TM_ShadowBolt_pwr_desc,Increases the direct damage of Shadow Bolt by 10% and size and damage of the shadow aftershock by 25% per skill level.,TM_ShadowBolt_pwr_desc,TM_English.xml,keyed,Increases the direct damage of Shadow Bolt by 10% and size and damage of the shadow aftershock by 25% per skill level.,每个技能等级增加 10% 的影栓直接伤害和 25% 的影余震尺寸和伤害。
TM_ShadowBolt_eff_desc,Decreases mana cost of Shadow Bolt by 8% per skill level.,TM_ShadowBolt_eff_desc,TM_English.xml,keyed,Decreases mana cost of Shadow Bolt by 8% per skill level.,减少每个技能等级对影栓的法力消耗 8%。
TM_Dominate_ver_desc,"Deepens Domination's shadow, increasing the duration of Dominate and the infection radius.
Level 0: 15-30s, 3cell radius
Level 1: 25-40s, 4cell radius
Level 2: 35-50s, 5cell radius
Level 3: 45-60s, 6cell radius",TM_Dominate_ver_desc,TM_English.xml,keyed,"Deepens <ALIMT >domination</ALIMT>'s shadow, increasing the duration of Dominate and the infection radius.<ALIMT >(PH_4)</ALIMT>Level 0: 15-30s, 3cell radius<ALIMT >(PH_3)</ALIMT>Level 1: 25-40s, 4cell radius<ALIMT >(PH_2)</ALIMT>Level 2: 35-50s, 5cell radius<ALIMT >(PH_1)</ALIMT>Level 3: 45-60s, 6cell radius","加深统治的阴影，增加支配的持续时间和感染半径。
0 级: 15-30 s，3 格半径
等级 1: 25-40 s，4 格半径
等级 2: 35-50 s，5 格半径
等级 3: 45-60 s，6 格半径"
TM_Dominate_pwr_desc,Increases the power of dominate and increases the frequency that it spreads. Succubi decrease physical and combat capabilities; Warlock increase the type and frequency of mental breaks as well as reducing consciousness levels.,TM_Dominate_pwr_desc,TM_English.xml,keyed,Increases the power of dominate and increases the frequency that it spreads. <ALIMT >succubi</ALIMT> decrease physical and combat capabilities; Warlock increase the type and frequency of mental breaks as well as reducing consciousness levels.,增加支配能力的力量并增加其传播的频率。魅魔降低身体和战斗能力; 术士会增加精神崩溃的类型和频率，并降低意识水平。
TM_Dominate_eff_desc,Decreases the mana cost of Dominate by 6% and reduces the severity cost to propagate dominate to another host by 20%.,TM_Dominate_eff_desc,TM_English.xml,keyed,Decreases the mana cost of Dominate by 6% and reduces the severity cost to propagate dominate to another host by 20%.,Dlc 的法力消耗减少 6%，并且 dlc 传播 dlc 到另一个主机的严重程度消耗减少 20%。
TM_Attraction_eff_desc,Reduces mana cost of Attraction by 8% per skill point.,TM_Attraction_eff_desc,TM_English.xml,keyed,Reduces mana cost of Attraction by 8% per skill point.,每技能点减少吸引消耗的法力值 8%。
TM_Attraction_pwr_desc,Increases the radius of Attraction by 1.5cells per skill level.,TM_Attraction_pwr_desc,TM_English.xml,keyed,Increases the radius of Attraction by 1.5cells per skill level.,每技能等级增加吸引半径 1.5 格。
TM_Attraction_ver_desc,Increases the duration of the Attraction well by 2s and its slow duration by 25% per skill level.,TM_Attraction_ver_desc,TM_English.xml,keyed,Increases the duration of the Attraction well by 2s and its slow duration by 25% per skill level.,每技能等级增加吸引井的持续时间 2 秒，缓慢持续时间 25% 秒。
TM_Repulsion_eff_desc,Reduces mana cost of Repulsion by 8% per skill point.,TM_Repulsion_eff_desc,TM_English.xml,keyed,Reduces mana cost of Repulsion by 8% per skill point.,每技能点减少 8% 的法力斥力消耗。
TM_Repulsion_pwr_desc,Increases the force of Repulsion by 20% per skill level. The amount of force applied to a pawn is proportional to their distance to the center.,TM_Repulsion_pwr_desc,TM_English.xml,keyed,Increases the force of Repulsion by 20% per skill level. The amount of force applied to a <ALIMT >(PH_1)</ALIMT> is proportional to their distance to the center.,每技能等级增加 20% 的排斥力。作用于pawn与它们到中心的距离成正比。
TM_Repulsion_ver_desc,"Applies damage based on the amount of force acting on the pawn. This damage is applied only to enemies.
Level 0: 0%
Level 1: 20%
Level 2: 40%
Level 3: 60%",TM_Repulsion_ver_desc,TM_English.xml,keyed,Applies damage based on the amount of force acting on the <ALIMT >(PH_5)</ALIMT>. This damage is applied only to enemies.<ALIMT >(PH_4)</ALIMT>Level 0: 0%<ALIMT >(PH_3)</ALIMT>Level 1: 20%<ALIMT >(PH_2)</ALIMT>Level 2: 40%<ALIMT >(PH_1)</ALIMT>Level 3: 60%,"根据作用在人体的力施加伤害pawn没有。此伤害仅适用于敌人。
0 级: 0%
一级: 20%
等级 2: 40%
三级: 60%"
TM_Scorn_eff_desc,Reduces mana cost of Scorn by 6% per skill point.,TM_Scorn_eff_desc,TM_English.xml,keyed,Reduces mana cost of Scorn by 6% per skill point.,每技能点减少 6% 的法力消耗。
TM_Scorn_ver_desc,"Increases impact radius of Scorn by 1cell per skill point. Base 5 cell radius. 
Also increases the power of the partial demonic transformation.",TM_Scorn_ver_desc,TM_English.xml,keyed,Increases impact radius of Scorn by 1cell per skill point. Base 5 cell radius. <ALIMT >(PH_1)</ALIMT>Also increases the power of the partial demonic <ALIMT >transformation</ALIMT>.,"每技能点增加 1 格的射击半径。基础 5 格半径。
也会增加部分恶魔的力量肉体变形没有。"
TM_Scorn_pwr_desc,"Increases the damage of Scorn by 15% per skill level. 
Also increases the power of the demonic damage shield by 25%. Base shield absorbs 60 damage.",TM_Scorn_pwr_desc,TM_English.xml,keyed,Increases the damage of Scorn by 15% per skill level. <ALIMT >(PH_1)</ALIMT>Also increases the power of the demonic damage shield by 25%. Base shield absorbs 60 damage.,"每技能等级增加 15% 的蔑视伤害。
也会增加 25% 的恶魔伤害护盾的威力。基础护盾可获 60 点伤害。"
TM_PsychicShock_eff_desc,Reduces mana cost of Psychic Shock by 6% per skill point.,TM_PsychicShock_eff_desc,TM_English.xml,keyed,Reduces mana cost of Psychic Shock by 6% per skill point.,每技能点减少 6% 的法力消耗。
TM_PsychicShock_ver_desc,Increases the radius of Psychic Shock and any secondary pulses by 1cell. Base radius is 6.,TM_PsychicShock_ver_desc,TM_English.xml,keyed,Increases the radius of Psychic Shock and any secondary pulses by 1cell. Base radius is 6.,使心灵冲击半径和任何次生脉冲增加 1 格。基础半径为 6。
TM_PsychicShock_pwr_desc,Increases the damage of psychic assault by 1 point per skill level.,TM_PsychicShock_pwr_desc,TM_English.xml,keyed,Increases the damage of psychic assault by 1 point per skill level.,每级技能伤害提升 1 点。
TM_SoulBond_pwr,Amplified Bond,TM_SoulBond_pwr,TM_English.xml,keyed,Amplified Bond,放大牵绊
TM_SoulBond_eff,Soul Link,TM_SoulBond_eff,TM_English.xml,keyed,Soul Link,灵魂链接
TM_SoulBond_ver,Soul Buffer,TM_SoulBond_ver,TM_English.xml,keyed,Soul Buffer,灵魂缓冲区
TM_ShadowBolt_ver,Expanding Darkness,TM_ShadowBolt_ver,TM_English.xml,keyed,Expanding Darkness,不断扩大的黑暗
TM_ShadowBolt_pwr,Ravenous Shadow,TM_ShadowBolt_pwr,TM_English.xml,keyed,Ravenous Shadow,贪婪的阴影
TM_ShadowBolt_eff,Heart of Darkness,TM_ShadowBolt_eff,TM_English.xml,keyed,Heart of Darkness,黑暗之心
TM_Dominate_ver,Impending Doom,TM_Dominate_ver,TM_English.xml,keyed,Impending Doom,末日即将来临
TM_Dominate_pwr,Pitch Black,TM_Dominate_pwr,TM_English.xml,keyed,Pitch Black,漆黑
TM_Dominate_eff,Shadow Command,TM_Dominate_eff,TM_English.xml,keyed,Shadow Command,阴影命令
TM_Attraction_eff,Beckoning Shadow,TM_Attraction_eff,TM_English.xml,keyed,Beckoning Shadow,召唤阴影
TM_Attraction_pwr,Open the Abyss,TM_Attraction_pwr,TM_English.xml,keyed,Open the Abyss,打开深渊
TM_Attraction_ver,Shadow Claws,TM_Attraction_ver,TM_English.xml,keyed,Shadow Claws,影爪
TM_Repulsion_eff,Deft Mind,TM_Repulsion_eff,TM_English.xml,keyed,Deft Mind,聪明
TM_Repulsion_pwr,Willpower,TM_Repulsion_pwr,TM_English.xml,keyed,Willpower,意志
TM_Repulsion_ver,Violent Dispersion,TM_Repulsion_ver,TM_English.xml,keyed,Violent Dispersion,暴力分散
TM_Scorn_ver,Spite,TM_Scorn_ver,TM_English.xml,keyed,Spite,怨恨
TM_Scorn_eff,Demon Blood,TM_Scorn_eff,TM_English.xml,keyed,Demon <ALIMT >blood</ALIMT>,恶魔血
TM_Scorn_pwr,Fury,TM_Scorn_pwr,TM_English.xml,keyed,Fury,怒火
TM_PsychicShock_ver,Insanity,TM_PsychicShock_ver,TM_English.xml,keyed,Insanity,心灵错乱
TM_PsychicShock_eff,Mentalist,TM_PsychicShock_eff,TM_English.xml,keyed,Mentalist,灵能者
TM_PsychicShock_pwr,Dominant Will,TM_PsychicShock_pwr,TM_English.xml,keyed,Dominant Will,支配意志
TM_Stoneskin_pwr_desc,"Increases the number of attacks Stoneskin mitigates before wearing off.
Level 0: 4 attacks
Level 1: 5 attacks
Level 2: 6 attacks
Level 3: 7 attacks",TM_Stoneskin_pwr_desc,TM_English.xml,keyed,Increases the number of attacks Stoneskin mitigates before wearing off.<ALIMT >(PH_4)</ALIMT>Level 0: 4 attacks<ALIMT >(PH_3)</ALIMT>Level 1: 5 attacks<ALIMT >(PH_2)</ALIMT>Level 2: 6 attacks<ALIMT >(PH_1)</ALIMT>Level 3: 7 attacks,"增加石肤缓解攻击的次数。
等级 0: 攻击次数 4
等级 1: 攻击 5
等级 2: 攻击 6
等级 3: 攻击次数 7"
TM_Stoneskin_eff_desc,"Reduces the mana upkeep cost for each instance of Stoneskin by 2.
Level 0: -15 max mana
Level 1: -13 max mana
Level 2: -11 max mana
Level 3: -9 max mana",TM_Stoneskin_eff_desc,TM_English.xml,keyed,Reduces the mana upkeep cost for each instance of Stoneskin by 2.<ALIMT >(PH_4)</ALIMT>Level 0: -15 max mana<ALIMT >(PH_3)</ALIMT>Level 1: -13 max mana<ALIMT >(PH_2)</ALIMT>Level 2: -11 max mana<ALIMT >(PH_1)</ALIMT>Level 3: -9 max mana,"每个石肤实例的法力维持消耗减少 2。
等级 0:-15 最高法力值
等级 1:-13 最高法力值
等级 2:-11 最高法力值
等级 3:-9 最高法力值"
TM_Stoneskin_ver_desc,"Increases the max number of Stoneskin instances the Geomancer can maintain. The Geomancer must also have sufficient mana reserves to maintain each spell.
Level 0: 2
Level 1: 3
Level 2: 4
Level 3: 5",TM_Stoneskin_ver_desc,TM_English.xml,keyed,Increases the max number of Stoneskin instances the Geomancer can maintain. The Geomancer must also have sufficient mana reserves to maintain each spell.<ALIMT >(PH_4)</ALIMT>Level 0: 2<ALIMT >(PH_3)</ALIMT>Level 1: 3<ALIMT >(PH_2)</ALIMT>Level 2: 4<ALIMT >(PH_1)</ALIMT>Level 3: 5,"增加传道者可以维护的石肤实例的最大数量。风水还必须有足够的法力储备来维持每个法术。
等级 0:2
等级 1: 3
等级 2: 4
等级 3: 5"
TM_Encase_pwr_desc,Uses sturdier types of stone making it more difficult to break through.,TM_Encase_pwr_desc,TM_English.xml,keyed,Uses sturdier types of stone making it more difficult to break through.,使用更坚固的石头，使其更难突破。
TM_Encase_eff_desc,Reduces the stamina cost required to use Encase by 8% per skill level.,TM_Encase_eff_desc,TM_English.xml,keyed,Reduces the stamina cost required to use Encase by 8% per skill level.,每项技能需要降低 8% 的耐力消耗。
TM_Encase_ver_desc,"Increases the duration of Encase by 4s per skill level.
Level 0: 30s
Level 1: 34s
Level 2: 38s
Level 3: 42s",TM_Encase_ver_desc,TM_English.xml,keyed,Increases the duration of Encase by 4s per skill level.<ALIMT >(PH_4)</ALIMT>Level 0: 30s<ALIMT >(PH_3)</ALIMT>Level 1: 34s<ALIMT >(PH_2)</ALIMT>Level 2: 38s<ALIMT >(PH_1)</ALIMT>Level 3: 42s,"每技能级别增加包住时间 4 秒。
0 级: 30 秒
一级: 34 秒
等级 2: 38 秒
三级: 42 秒"
TM_EarthSprites_pwr_desc,Increases the speed at which Earth Sprites work by 20% per skill level. This skill can be raised to level 5.,TM_EarthSprites_pwr_desc,TM_English.xml,keyed,Increases the speed at which Earth Sprites work by 20% per skill level. This skill can be raised to level 5.,每项技能可提升地球灵能的工作速度 20%。此技能可提升至 5 级。
TM_EarthSprites_eff_desc,Reduces the initial mana required to cast Earth Sprites by 6% per skill level.,TM_EarthSprites_eff_desc,TM_English.xml,keyed,Reduces the initial mana required to cast Earth Sprites by 6% per skill level.,每技能等级减少施放地灵所需的初始法力 6%。
TM_EarthSprites_ver_desc,"Reduces mana regeneration drained by earth sprites by 7% per skill level.
Level 0: -60% mana regeneration
Level 1: -53% mana regeneration
Level 2: -46% mana regeneration
Level 3: -39% mana regeneration",TM_EarthSprites_ver_desc,TM_English.xml,keyed,Reduces mana regeneration drained by earth sprites by 7% per skill level.<ALIMT >(PH_4)</ALIMT>Level 0: -60% mana regeneration<ALIMT >(PH_3)</ALIMT>Level 1: -53% mana regeneration<ALIMT >(PH_2)</ALIMT>Level 2: -46% mana regeneration<ALIMT >(PH_1)</ALIMT>Level 3: -39% mana regeneration,"每个技能等级能让地灵消耗的法力再生能力减少 7%。
等级 0:-60% 法力再生
等级 1:-53% 法力再生
等级 2:-46% 法力再生
等级 3:-39% 法力再生"
TM_EarthernHammer_pwr_desc,"Increases the amount of weight the Geomancer is able to manipulate. Pulling subterranean stones requires 3 weight; throwing nearby surface stones requires 1 weight.
Level 0: 8 weight
Level 1: 10 weight
Level 2: 12 weight
Level 3: 14 weight",TM_EarthernHammer_pwr_desc,TM_English.xml,keyed,Increases the amount of weight the Geomancer is able to manipulate. Pulling subterranean stones requires 3 weight; throwing nearby surface stones requires 1 weight.<ALIMT >(PH_4)</ALIMT>Level 0: 8 weight<ALIMT >(PH_3)</ALIMT>Level 1: 10 weight<ALIMT >(PH_2)</ALIMT>Level 2: 12 weight<ALIMT >(PH_1)</ALIMT>Level 3: 14 weight,"增加传道者能够操作的重量。搬运地下石块需要 3 个重量; 在附近投掷地砖需要 1 个重量。
等级 0: 8 权重
等级 1: 10 权重
等级 2: 12 体重
三级: 14 重"
TM_EarthernHammer_eff_desc,Decreases mana cost of EarthernHammer by 6% per skill level.,TM_EarthernHammer_eff_desc,TM_English.xml,keyed,Decreases mana cost of EarthernHammer by 6% per skill level.,每个技能等级减少 EarthernHammer 的法力消耗 6%
TM_EarthernHammer_ver_desc,Reduces the time between each throw and reduces the duration of stun applied to the caster.,TM_EarthernHammer_ver_desc,TM_English.xml,keyed,Reduces the time between each throw and reduces the duration of stun applied to the caster.,减少每次投掷之间的时间间隔，并减少作用于施术者的眩晕持续时间。
TM_Sentinel_pwr_desc,"Increases the combat power of a sentinel. Requires 2 ability points to level.
Level 0 (lesser sentinel): Power 12, Armor 45%, Speed 3.2c/s, Health 75%
Level 1 (sentinel): Power 14, Armor 51%, Speed 4c/s, Health 100%
Level 2 (greater sentinel): Power 16, Armor 55%, Speed 4.8c/s, Health 125%",TM_Sentinel_pwr_desc,TM_English.xml,keyed,"Increases the combat power of a sentinel. Requires 2 ability points to level.<ALIMT >(PH_3)</ALIMT>Level 0 (lesser sentinel): Power 12, Armor 45%, Speed 3.2c/s, Health 75%<ALIMT >(PH_2)</ALIMT>Level 1 (sentinel): Power 14, Armor 51%, Speed 4c/s, Health 100%<ALIMT >(PH_1)</ALIMT>Level 2 (greater sentinel): Power 16, Armor 55%, Speed 4.8c/s, Health 125%","增加哨兵的战斗力。需要 2 个能力点数来升级。
0 级 (弱小哨兵): 动力 12，护甲 45%，速度 3.2c/s，生命值 75%
等级 1 (哨兵): 动力 14，护甲 51%，速度 4c/秒，耐久 100%
等级 2 (更强大的哨兵): 动力 16，护甲 55%，速度 4.8c/s，耐久 125%"
TM_Sentinel_eff_desc,"Decreases the upkeep cost for each sentinel.
Level 0: -20 max mana
Level 1: -18 max mana
Level 2: -16 max mana
Level 3: -15 max mana",TM_Sentinel_eff_desc,TM_English.xml,keyed,Decreases the upkeep cost for each sentinel.<ALIMT >(PH_4)</ALIMT>Level 0: -20 max mana<ALIMT >(PH_3)</ALIMT>Level 1: -18 max mana<ALIMT >(PH_2)</ALIMT>Level 2: -16 max mana<ALIMT >(PH_1)</ALIMT>Level 3: -15 max mana,"减少每个哨兵的维护成本。
等级 0:-20 最高法力
等级 1:-18 最高法力值
等级 2:-16 最高法力
等级 3:-15 最高法力值"
TM_Sentinel_ver_desc,"Increases the maximum number of sentinels a Geomancer can maintain at a given time. The Geomancer must also have sufficient mana reserves to maintain each sentinel.
Level 0: 2
Level 1: 3
Level 2: 4
Level 3: 5",TM_Sentinel_ver_desc,TM_English.xml,keyed,Increases the maximum number of sentinels a Geomancer can maintain at a given time. The Geomancer must also have sufficient mana reserves to maintain each sentinel.<ALIMT >(PH_4)</ALIMT>Level 0: 2<ALIMT >(PH_3)</ALIMT>Level 1: 3<ALIMT >(PH_2)</ALIMT>Level 2: 4<ALIMT >(PH_1)</ALIMT>Level 3: 5,"增加传道者在指定时间内可以维持的哨兵最大数量。传道者还必须有足够的法力储备来维持每个哨兵。
等级 0:2
等级 1: 3
等级 2: 4
等级 3: 5"
TM_Meteor_eff_desc,Decreases mana cost of Meteor by 5% of base cost per skill level.,TM_Meteor_eff_desc,TM_English.xml,keyed,Decreases mana cost of Meteor by 5% of base cost per skill level.,减少每项技能对流星造成的法力消耗占基础消耗的 5%
TM_Meteor_ver_desc,"Increases the chance that cells adjacent to the meteorites core also contain precious minerals.
Level 0: 0%
Level 1: 15%
Level 2: 30%
Level 3: 45%",TM_Meteor_ver_desc,TM_English.xml,keyed,Increases the chance that cells adjacent to the meteorites core also contain precious minerals.<ALIMT >(PH_4)</ALIMT>Level 0: 0%<ALIMT >(PH_3)</ALIMT>Level 1: 15%<ALIMT >(PH_2)</ALIMT>Level 2: 30%<ALIMT >(PH_1)</ALIMT>Level 3: 45%,"增加陨石核心附近的细胞也含有珍贵矿物的几率。
0 级: 0%
一级: 15%
等级 2: 30%
三级: 45%"
TM_Stoneskin_pwr,Layered Defense,TM_Stoneskin_pwr,TM_English.xml,keyed,Layered Defense,分层防御
TM_Stoneskin_eff,Familiar Skin,TM_Stoneskin_eff,TM_English.xml,keyed,Familiar Skin,熟悉的皮肤
TM_Stoneskin_ver,Shared Skin,TM_Stoneskin_ver,TM_English.xml,keyed,Shared Skin,共用皮肤
TM_Encase_pwr,Unyielding Stone,TM_Encase_pwr,TM_English.xml,keyed,Unyielding Stone,硬石
TM_Encase_eff,Mold Maker,TM_Encase_eff,TM_English.xml,keyed,Mold Maker,模具匠
TM_Encase_ver,Enduring Stone,TM_Encase_ver,TM_English.xml,keyed,Enduring Stone,耐久的岩石
TM_EarthSprites_pwr,Spriggan Might,TM_EarthSprites_pwr,TM_English.xml,keyed,Spriggan Might,刺鼻
TM_EarthSprites_eff,Fickle Fey,TM_EarthSprites_eff,TM_English.xml,keyed,Fickle Fey,善变迷雾
TM_EarthSprites_ver,Mana Deviant,TM_EarthSprites_ver,TM_English.xml,keyed,Mana Deviant,法力超凡
TM_EarthernHammer_pwr,Heavy Metal,TM_EarthernHammer_pwr,TM_English.xml,keyed,Heavy Metal,重金属
TM_EarthernHammer_eff,Loose Soil,TM_EarthernHammer_eff,TM_English.xml,keyed,Loose Soil,松软的土地
TM_EarthernHammer_ver,Altered Gravity,TM_EarthernHammer_ver,TM_English.xml,keyed,Altered Gravity,重力改变
TM_Sentinel_pwr,Master Craftsman,TM_Sentinel_pwr,TM_English.xml,keyed,Master Craftsman,工匠大师
TM_Sentinel_eff,Heart of Stone,TM_Sentinel_eff,TM_English.xml,keyed,Heart of Stone,铁石心肠
TM_Sentinel_ver,Rule of Law,TM_Sentinel_ver,TM_English.xml,keyed,Rule of Law,法治
TM_Meteor_eff,Earth Shaker,TM_Meteor_eff,TM_English.xml,keyed,Earth Shaker,摇地仪
TM_Meteor_ver,Heart of Gold,TM_Meteor_ver,TM_English.xml,keyed,Heart of Gold,金子之心
TM_TechnoBit_pwr_desc,"The techno-bit converts mana from the technomancer fire bursts of micro lasers at the technomancer's target. Each skill level increases the range and decreases firing delay and mana cost per attack.
Level 0: 25 range, 3 shots every 3s, 6 mana
Level 5: 30 range, 4 shots every 2.75s, 5.5 mana
Level 10: 35 range, 5 shots every 2.5s, 5 mana
Level 15: 40 range, 6 shots every 2.25s, 4.5 mana",TM_TechnoBit_pwr_desc,TM_English.xml,keyed,"The techno-bit converts mana from the technomancer fire bursts of micro lasers at the technomancer's target. Each skill level increases the range and decreases firing delay and mana cost per attack.<ALIMT >(PH_4)</ALIMT>Level 0: 25 range, 3 shots every 3s, 6 mana<ALIMT >(PH_3)</ALIMT>Level 5: 30 range, 4 shots every 2.75s, 5.5 mana<ALIMT >(PH_2)</ALIMT>Level 10: 35 range, 5 shots every 2.5s, 5 mana<ALIMT >(PH_1)</ALIMT>Level 15: 40 range, 6 shots every 2.25s, 4.5 mana","该技术钻头会将法力从科技狂人身上转化为微型激光向科技狂人的目标开火。每个技能等级都会增加射程，并降低每次攻击的射击延迟和法力消耗。
等级 0: 25 射程，每 3 秒 3 枪，6 点法力
等级 5: 30 射程，每 2.75 秒 4 枪，5.5 法力
等级 10: 35 射程，每 2.5 秒 5 发子弹，5 法力
15 级: 射程 40 米，每 2.25 秒射 6 枪，法力 4.5"
TM_TechnoBit_eff_desc,"Increases the amount, frequency, and search radius of repairs while decreasing the mana cost to perform repairs.

Repair frequency is increased while drafted.",TM_TechnoBit_eff_desc,TM_English.xml,keyed,"Increases the amount, frequency, and search radius of repairs while decreasing the mana cost to perform repairs.<ALIMT >(PH_2)</ALIMT><ALIMT >(PH_1)</ALIMT>Repair frequency is increased while drafted.","增加维修的量、频率和搜索半径，同时降低执行维修的法力消耗。

征召时维修频率增加。"
TM_TechnoBit_ver_desc,"Improves user interface to the techno-bit allowing it to increase its support to the technomancer during construction, crafting, and mining tasks while simultaneously decreasing energy (mana) cost.

Effectiveness boosted by 10% per skill point.  Decreases mana cost by 2% per skill point.",TM_TechnoBit_ver_desc,TM_English.xml,keyed,"Improves user interface to the techno-bit allowing it to increase its support to the technomancer during construction, crafting, and mining tasks while simultaneously decreasing energy (mana) cost.<ALIMT >(PH_2)</ALIMT><ALIMT >(PH_1)</ALIMT>Effectiveness boosted by 10% per skill point.  Decreases mana cost by 2% per skill point.","改进了技术位的用户界面，使其能够在建造、制作和采矿任务中增加对技术黑客的支持，同时降低能量 (法力) 消耗。

技能点效果提升 10%。每技能点减少 2% 的法力消耗。"
TM_TechnoTurret_pwr_desc,"Increases burst shot count by .4 per level.
Decreases warmup time by 2% per level.
Increases accuracy in all range categories by 1% per level.",TM_TechnoTurret_pwr_desc,TM_English.xml,keyed,Increases burst shot count by .4 per level.<ALIMT >(PH_2)</ALIMT>Decreases warmup time by 2% per level.<ALIMT >(PH_1)</ALIMT>Increases accuracy in all range categories by 1% per level.,"每关增加 .4 的连射射击次数。
每级减少预热时间 2%。
每个级别在所有范围内的精度提升 1%。"
TM_TechnoTurret_eff_desc,"Increases Mark-IV hit-points by 10 per level.
Increases duration by 5 seconds per level.
Reduces mana cost of rockets and mortars by 3% per level.
Reduces the amount of neural feedback caused when deactivated due to its failsafe.",TM_TechnoTurret_eff_desc,TM_English.xml,keyed,Increases Mark-IV hit-points by 10 per level.<ALIMT >(PH_3)</ALIMT>Increases duration by 5 seconds per level.<ALIMT >(PH_2)</ALIMT>Reduces mana cost of rockets and mortars by 3% per level.<ALIMT >(PH_1)</ALIMT>Reduces the amount of neural feedback caused when deactivated due to its failsafe.,"每一级增加 Mark-IV 命中点数 10。
每级增加持续时间 5 秒。
每级火箭和迫击炮的法力消耗减少 3%。
减少因故障保险而停用时产生的神经反馈量。"
TM_TechnoTurret_ver_desc,"Adds and improves weapon systems for the Mark-IV turret.
Increases turret auto-cannon fire range by 1 per level
Level 5: Adds a rocket launcher; additional levels increase rate of fire
Level 10: Fires 2 rockets; adds a small mortar system; additional levels increase mortar range and rate of fire
Level 15: Fires 3 rockets",TM_TechnoTurret_ver_desc,TM_English.xml,keyed,Adds and improves weapon systems for the Mark-IV turret.<ALIMT >(PH_4)</ALIMT>Increases turret auto-<ALIMT >cannon</ALIMT> fire range by 1 per level<ALIMT >(PH_3)</ALIMT>Level 5: Adds a rocket launcher; additional levels increase rate of fire<ALIMT >(PH_2)</ALIMT>Level 10: Fires 2 rockets; adds a small mortar system; additional levels increase mortar range and rate of fire<ALIMT >(PH_1)</ALIMT>Level 15: Fires 3 rockets,"添加和改进了马克 IV 炮塔的武器系统。
增加炮塔自动-炮火焰范围每级 1
等级 5: 增加一个火箭发射器; 额外的等级会提升射速
等级 10: 发射 2 支火箭弹; 增加一个小型迫击炮系统; 额外的等级会增加迫击炮的射程和射速
15 级: 发射 3 支火箭弹"
TM_TechnoWeapon_pwr_desc,"Enhances all aspects of the engineered weapon for each skill level: damage, range, warmup time and cooldown time improved by 2%, all accuracies improved by 1%, and increases number of shots per burst by 2% (rounded to nearest integer).",TM_TechnoWeapon_pwr_desc,TM_English.xml,keyed,"Enhances all aspects of the engineered weapon for each skill level: damage, range, warmup time and cooldown time improved by 2%, all accuracies improved by 1%, and increases number of shots per burst by 2% (rounded to nearest integer).","针对每个技能等级增强工程武器的各方面的能力: 伤害、射程、预热时间和冷却时间提高 2%，所有精度提高 1%, 并且每连射的射击次数增加 2% (四舍五入为最接近的整数)。"
TM_TechnoWeapon_eff_desc,Enhances all aspects of nano stimulant.,TM_TechnoWeapon_eff_desc,TM_English.xml,keyed,Enhances all aspects of nano stimulant.,增强了纳米兴奋剂的各个方面。
TM_TechnoWeapon_ver_desc,"Increases chance of generating an elemental shot by 1% (base 20%) and reduces mana consumes per shot by 4% per skill level. This skill can be toggled.

Fire shot: generates a non-flammable explosion (2 mana)

Ice shot: any body-part hit loses efficiency (1.5 mana)

Lightning shot: stuns the target (1 mana)",TM_TechnoWeapon_ver_desc,TM_English.xml,keyed,Increases chance of generating an elemental shot by 1% (base 20%) and reduces mana consumes per shot by 4% per skill level. This skill can be toggled.<ALIMT >(PH_6)</ALIMT><ALIMT >(PH_5)</ALIMT>Fire shot: generates a non-flammable explosion (2 mana)<ALIMT >(PH_4)</ALIMT><ALIMT >(PH_3)</ALIMT>Ice shot: any body-part hit loses efficiency (1.5 mana)<ALIMT >(PH_2)</ALIMT><ALIMT >(PH_1)</ALIMT>Lightning shot: stuns the target (1 mana),"提升元素生成射击的几率 1% (基地 20%)，并且每枪消耗法力降低 4%。此技能可以切换。

射击: 产生不可燃爆炸 (2 法力)

冰面射击: 任何身体部位的命中都会失去效率 (1.5 法力)

闪电射击: 眩晕目标 (1 法力)"
TM_TechnoShield_pwr_desc,Adds capacitors that surge when deflecting incoming projectiles; increases the amount of energy that can be deflected.,TM_TechnoShield_pwr_desc,TM_English.xml,keyed,Adds capacitors that surge when deflecting incoming projectiles; increases the amount of energy that can be deflected.,添加在偏移射入的投射物时会激增的电容; 增加可被偏移的能量量。
TM_TechnoShield_eff_desc,Decreases mana cost to generate a kinetic field by 6% per skill point.,TM_TechnoShield_eff_desc,TM_English.xml,keyed,Decreases mana cost to generate a kinetic field by 6% per skill point.,每项技能点将减少生成动能场所需的法力消耗 6%。
TM_TechnoShield_ver_desc,Increases the amount of energy available to the kinetic shield by 30pts per skill level. Base 110pts.,TM_TechnoShield_ver_desc,TM_English.xml,keyed,Increases the amount of energy available to the kinetic shield by 30pts per skill level. Base 110pts.,增加运动护盾每技能等级 30 点的可用能量。基地 110 点。
TM_Sabotage_pwr_desc,Increases the effect of sabotage.,TM_Sabotage_pwr_desc,TM_English.xml,keyed,Increases the effect of sabotage.,增加破坏的效果。
TM_Sabotage_eff_desc,Decreases the mana cost of sabotage by 6% per skill level.,TM_Sabotage_eff_desc,TM_English.xml,keyed,Decreases the mana cost of sabotage by 6% per skill level.,降低每个技能等级消耗的法力值 6%。
TM_Sabotage_ver_desc,Increases the probability sabotage is successful by 10%. Base 50%.,TM_Sabotage_ver_desc,TM_English.xml,keyed,Increases the probability sabotage is successful by 10%. Base 50%.,增加 10% 的破坏成功率。基地 50%。
TM_Overdrive_pwr_desc,Increases the effect and duration of Overdrive.,TM_Overdrive_pwr_desc,TM_English.xml,keyed,Increases the effect and duration of Overdrive.,增加超速行驶的效果和持续时间。
TM_Overdrive_eff_desc,Decreases mana cost of Overdrive by 8% of base cost per skill level.,TM_Overdrive_eff_desc,TM_English.xml,keyed,Decreases mana cost of Overdrive by 8% of base cost per skill level.,减少每项技能等级的法力过载消耗占基础消耗的 8%
TM_Overdrive_ver_desc,Reduces the frequency and damage caused to subsystems and increases the duration of overdrive.,TM_Overdrive_ver_desc,TM_English.xml,keyed,Reduces the frequency and damage caused to subsystems and increases the duration of overdrive.,减少频率和对子系统造成的伤害，并增加超速行驶的持续时间。
TM_OrbitalStrike_pwr_desc,Increases explosion damage by 20% per skill level. Base 25 damage.,TM_OrbitalStrike_pwr_desc,TM_English.xml,keyed,Increases explosion damage by 20% per skill level. Base 25 damage.,每技能等级增加 20% 的爆炸伤害。基地 25 点伤害。
TM_OrbitalStrike_eff_desc,Decreases mana cost of OrbitalStrike by 5% of base cost per skill level.,TM_OrbitalStrike_eff_desc,TM_English.xml,keyed,Decreases mana cost of OrbitalStrike by 5% of base cost per skill level.,降低轨道攻击的法力消耗为每技能基础消耗的 5%
TM_OrbitalStrike_ver_desc,Reduces the time required for orbital bombardment systems to align on the target coordinates.,TM_OrbitalStrike_ver_desc,TM_English.xml,keyed,Reduces the time required for orbital bombardment systems to align on the target coordinates.,减少轨道轰炸系统与目标坐标对齐所需的时间。
TM_TechnoBit_pwr,Offensive Protocol,TM_TechnoBit_pwr,TM_English.xml,keyed,Offensive Protocol,进攻方案
TM_TechnoBit_eff,Repair Protocol,TM_TechnoBit_eff,TM_English.xml,keyed,Repair Protocol,维修方案
TM_TechnoBit_ver,Neural Interface,TM_TechnoBit_ver,TM_English.xml,keyed,Neural Interface,神经界面
TM_TechnoTurret_pwr,Firepower,TM_TechnoTurret_pwr,TM_English.xml,keyed,Firepower,火力攻击
TM_TechnoTurret_eff,Durability,TM_TechnoTurret_eff,TM_English.xml,keyed,Durability,耐久度
TM_TechnoTurret_ver,Weaponization,TM_TechnoTurret_ver,TM_English.xml,keyed,Weaponization,武器化
TM_TechnoWeapon_pwr,Enhanced Weaponry,TM_TechnoWeapon_pwr,TM_English.xml,keyed,Enhanced Weaponry,强化武器
TM_TechnoWeapon_eff,Nanite Injection,TM_TechnoWeapon_eff,TM_English.xml,keyed,Nanite Injection,纳米粒子注射
TM_TechnoWeapon_ver,Elemental Shot,TM_TechnoWeapon_ver,TM_English.xml,keyed,Elemental Shot,元素射击
TM_TechnoShield_pwr,Kinetic Capacitors,TM_TechnoShield_pwr,TM_English.xml,keyed,Kinetic Capacitors,动能电容
TM_TechnoShield_eff,Power Cycler,TM_TechnoShield_eff,TM_English.xml,keyed,Power Cycler,能量转发器
TM_TechnoShield_ver,Reciprocating Fields,TM_TechnoShield_ver,TM_English.xml,keyed,Reciprocating Fields,往复场
TM_Sabotage_pwr,Hacking Routine,TM_Sabotage_pwr,TM_English.xml,keyed,Hacking Routine,破解程序
TM_Sabotage_eff,Redundant Connections,TM_Sabotage_eff,TM_English.xml,keyed,Redundant Connections,冗余连接
TM_Sabotage_ver,Coding Guru,TM_Sabotage_ver,TM_English.xml,keyed,Coding Guru,编码大师
TM_Overdrive_pwr,Overclock,TM_Overdrive_pwr,TM_English.xml,keyed,Overclock,超频
TM_Overdrive_eff,Clean Power,TM_Overdrive_eff,TM_English.xml,keyed,Clean Power,清洁能力
TM_Overdrive_ver,Damage Control,TM_Overdrive_ver,TM_English.xml,keyed,Damage Control,伤害控制
TM_OrbitalStrike_pwr,Overkill,TM_OrbitalStrike_pwr,TM_English.xml,keyed,Overkill,过度杀戮
TM_OrbitalStrike_eff,Calculated Alignment,TM_OrbitalStrike_eff,TM_English.xml,keyed,Calculated Alignment,计算对齐
TM_OrbitalStrike_ver,Authorization Bypass,TM_OrbitalStrike_ver,TM_English.xml,keyed,Authorization Bypass,授权绕开
TM_BloodGift_pwr_desc,Increases the damage of all blood magic by 10% per skill point.,TM_BloodGift_pwr_desc,TM_English.xml,keyed,Increases the damage of all <ALIMT >blood</ALIMT> magic by 10% per skill point.,提高所有人的伤害血每项技能减 10%。
TM_BloodGift_eff_desc,Reduces the mana cost of blood sacrifice by 6% per skill point and reduces the blood cost of all blood magic by 3% per skill point.,TM_BloodGift_eff_desc,TM_English.xml,keyed,Reduces the mana cost of <ALIMT >blood</ALIMT> sacrifice by 6% per skill point and reduces the <ALIMT >blood</ALIMT> cost of all <ALIMT >blood</ALIMT> magic by 3% per skill point.,减少法力消耗血每技能点牺牲 6%血总成本血每项技能减 3%。
TM_BloodGift_ver_desc,"Increases the amount of blood magic gained when using blood sacrifice or through bleeding by 10%. Increased skill levels allows the blood mage to draw fresh blood from the ground when casting Blood Sacrifice:
Level 0: none
Level 1: 1cell radius
Level 2: 3cell radius
Level 3: 5cell radius",TM_BloodGift_ver_desc,TM_English.xml,keyed,Increases the amount of <ALIMT >blood</ALIMT> magic gained when using <ALIMT >blood</ALIMT> sacrifice or through bleeding by 10%. Increased skill levels allows the <ALIMT >blood</ALIMT> mage to draw fresh <ALIMT >blood</ALIMT> from the ground when casting <ALIMT >blood</ALIMT> Sacrifice:<ALIMT >(PH_4)</ALIMT>Level 0: none<ALIMT >(PH_3)</ALIMT>Level 1: 1cell radius<ALIMT >(PH_2)</ALIMT>Level 2: 3cell radius<ALIMT >(PH_1)</ALIMT>Level 3: 5cell radius,"增加血使用可获得魔术效果血献祭或通过流血 10%。技能等级的提高允许血吸引新鲜的法师血施放时从地面血祭品:
等级 0: 无
等级 1: 1 格半径
等级 2: 3 格半径
等级 3: 5 格半径"
TM_IgniteBlood_pwr_desc,Increases the damage of Ignite Blood by 12% per skill level.,TM_IgniteBlood_pwr_desc,TM_English.xml,keyed,Increases the damage of Ignite <ALIMT >blood</ALIMT> by 12% per skill level.,引燃伤害血每技能等级提升 12%。
TM_IgniteBlood_eff_desc,Reduces the blood magic cost required to use Ignite Blood by 6% per skill level.,TM_IgniteBlood_eff_desc,TM_English.xml,keyed,Reduces the <ALIMT >blood</ALIMT> magic cost required to use Ignite <ALIMT >blood</ALIMT> by 6% per skill level.,减少血使用点燃所需花费血每技能等级提升 6%。
TM_IgniteBlood_ver_desc,Increases the burn rate of Ignite Blood by 15% per skill point. This affects how fast flames spread and how quickly flames pulse.,TM_IgniteBlood_ver_desc,TM_English.xml,keyed,Increases the burn rate of Ignite <ALIMT >blood</ALIMT> by 15% per skill point. This affects how fast flames spread and how quickly flames pulse.,提高点燃的燃烧速率血每技能点增加 15%。这将影响火焰的传播速度和脉冲速度。
TM_BloodForBlood_pwr_desc,Increases the duration of Blood For Blood by 10%.,TM_BloodForBlood_pwr_desc,TM_English.xml,keyed,Increases the duration of <ALIMT >blood</ALIMT> For <ALIMT >blood</ALIMT> by 10%.,增加的持续时间血与血乘以 10%。
TM_BloodForBlood_eff_desc,Reduces the blood magic cost required to use Blood For Blood by 6% per skill level.,TM_BloodForBlood_eff_desc,TM_English.xml,keyed,Reduces the <ALIMT >blood</ALIMT> magic cost required to use <ALIMT >blood</ALIMT> For <ALIMT >blood</ALIMT> by 6% per skill level.,减少血需要使用魔术成本血与血每技能等级提升 6%。
TM_BloodForBlood_ver_desc,"Increase the amount healed by Blood For Blood by 0.35 pts each skill level. Base 1 pt. 

Each tick of Blood For Blood can emit a healing wave generated from the caster that will heal any nearby, friendly pawns. Each skill level also increases the radius of healing pulse:
Level 0: none
Level 1: 1cell radius
Level 2: 2cell radius
Level 3: 3cell radius",TM_BloodForBlood_ver_desc,TM_English.xml,keyed,"Increase the amount healed by <ALIMT >blood</ALIMT> For <ALIMT >blood</ALIMT> by 0.35 pts each skill level. Base 1 pt. <ALIMT >(PH_6)</ALIMT><ALIMT >(PH_5)</ALIMT>Each tick of <ALIMT >blood</ALIMT> For <ALIMT >blood</ALIMT> can emit a healing wave generated from the caster that will heal any nearby, friendly pawns. Each skill level also increases the radius of healing pulse:<ALIMT >(PH_4)</ALIMT>Level 0: none<ALIMT >(PH_3)</ALIMT>Level 1: 1cell radius<ALIMT >(PH_2)</ALIMT>Level 2: 2cell radius<ALIMT >(PH_1)</ALIMT>Level 3: 3cell radius","治愈数量增加血与血每级技能提升 0.35 分。基础 1 点。

每一次血与血可以发射由施法者产生的治愈波，这将治愈附近任何友军的 pawns。每个技能等级还会增加治愈脉冲的半径:
等级 0: 无
等级 1: 1 格半径
等级 2: 2 格半径
等级 3: 3 格半径"
TM_BloodShield_pwr_desc,Increases the strength of the blood shield by 10% per skill point.,TM_BloodShield_pwr_desc,TM_English.xml,keyed,Increases the strength of the <ALIMT >blood</ALIMT> shield by 10% per skill point.,增强血每技能点添加 10% 护盾。
TM_BloodShield_eff_desc,Decreases blood magic cost required to use Blood Shield by 6% per skill level.,TM_BloodShield_eff_desc,TM_English.xml,keyed,Decreases <ALIMT >blood</ALIMT> magic cost required to use <ALIMT >blood</ALIMT> Shield by 6% per skill level.,减少血需要使用魔术成本血护盾乘 6% 每技能等级。
TM_BloodShield_ver_desc,Increases the amount of healing generated by blood shield by 15% per skill level.,TM_BloodShield_ver_desc,TM_English.xml,keyed,Increases the amount of healing generated by <ALIMT >blood</ALIMT> shield by 15% per skill level.,增加愈合量血护盾乘 15% 每技能等级。
TM_Rend_pwr_desc,Increases the damage of rend by 15% per skill point.,TM_Rend_pwr_desc,TM_English.xml,keyed,Increases the damage of rend by 15% per skill point.,每技能点增加 rend 15% 的伤害。
TM_Rend_eff_desc,Decreases the blood magic cost required to use Rend by 5% per skill level.,TM_Rend_eff_desc,TM_English.xml,keyed,Decreases the <ALIMT >blood</ALIMT> magic cost required to use Rend by 5% per skill level.,减少血使用 Rend 每项技能所需消耗 5%。
TM_Rend_ver_desc,Increases the duration of rend by 20% per skill level and increases the amount of blood created.,TM_Rend_ver_desc,TM_English.xml,keyed,Increases the duration of rend by 20% per skill level and increases the amount of <ALIMT >blood</ALIMT> created.,每技能等级增加 rend 的持续时间 20%，并增加血已创建。
TM_BloodMoon_pwr_desc,"Deepen the night and call forth more powerful blood terrors, increasing their size and damage by 15% per skill level.",TM_BloodMoon_pwr_desc,TM_English.xml,keyed,"Deepen the night and call forth more powerful <ALIMT >blood</ALIMT> terrors, increasing their size and damage by 15% per skill level.",加深黑夜和呼叫更强大血恐惧，它们的体型和伤害每技能等级增加 15%。
TM_BloodMoon_eff_desc,"Blood terrors eagerly await your call, decreasing the blood magic required to to use Blood Moon by 4% per skill point and increases blood terror attack frequency by 5%.",TM_BloodMoon_eff_desc,TM_English.xml,keyed,"<ALIMT >blood</ALIMT> terrors eagerly await your call, decreasing the <ALIMT >blood</ALIMT> magic required to to use <ALIMT >blood</ALIMT> Moon by 4% per skill point and increases <ALIMT >blood</ALIMT> terror attack frequency by 5%.",血恐惧者迫切地等待着你的召唤，减少血需要使用魔术血月亮每技能点增加 4%血恐击频率 5%。
TM_BloodMoon_ver_desc,Extend the duration of Blood Moon by 10% per skill point.,TM_BloodMoon_ver_desc,TM_English.xml,keyed,Extend the duration of <ALIMT >blood</ALIMT> Moon by 10% per skill point.,延长血每技能点可提升 10% 的月形。
TM_BloodGift_pwr,Blood Is Power,TM_BloodGift_pwr,TM_English.xml,keyed,<ALIMT >blood</ALIMT> Is Power,bloodIs 电源
TM_BloodGift_eff,Blood Sacrifice,TM_BloodGift_eff,TM_English.xml,keyed,<ALIMT >blood</ALIMT> Sacrifice,血祭品
TM_BloodGift_ver,Pure Blood,TM_BloodGift_ver,TM_English.xml,keyed,Pure <ALIMT >blood</ALIMT>,纯粹血
TM_IgniteBlood_pwr,Hemorrhage,TM_IgniteBlood_pwr,TM_English.xml,keyed,Hemorrhage,失血速率
TM_IgniteBlood_eff,Blood Spark,TM_IgniteBlood_eff,TM_English.xml,keyed,<ALIMT >blood</ALIMT> Spark,血引火的
TM_IgniteBlood_ver,Wildfire,TM_IgniteBlood_ver,TM_English.xml,keyed,Wildfire,野火
TM_BloodForBlood_pwr,Hemophilia,TM_BloodForBlood_pwr,TM_English.xml,keyed,Hemophilia,嗜血
TM_BloodForBlood_eff,Blood Ties,TM_BloodForBlood_eff,TM_English.xml,keyed,<ALIMT >blood</ALIMT> Ties,血牵绊
TM_BloodForBlood_ver,Life Pulse,TM_BloodForBlood_ver,TM_English.xml,keyed,Life Pulse,生命脉冲
TM_BloodShield_pwr,Thickened Blood,TM_BloodShield_pwr,TM_English.xml,keyed,Thickened <ALIMT >blood</ALIMT>,加厚血
TM_BloodShield_eff,Blood Rush,TM_BloodShield_eff,TM_English.xml,keyed,<ALIMT >blood</ALIMT> Rush,血冲锋
TM_BloodShield_ver,Coagulate Wounds,TM_BloodShield_ver,TM_English.xml,keyed,Coagulate Wounds,伤口凝结
TM_Rend_pwr,Serrated Edge,TM_Rend_pwr,TM_English.xml,keyed,Serrated Edge,锯齿刃
TM_Rend_eff,Mystic Claw,TM_Rend_eff,TM_English.xml,keyed,Mystic Claw,神秘爪
TM_Rend_ver,Thousand Cuts,TM_Rend_ver,TM_English.xml,keyed,Thousand Cuts,成千上万的伤口
TM_BloodMoon_pwr,Full Moon,TM_BloodMoon_pwr,TM_English.xml,keyed,Full Moon,满月
TM_BloodMoon_eff,Hunger,TM_BloodMoon_eff,TM_English.xml,keyed,Hunger,饥渴
TM_BloodMoon_ver,Endless Night,TM_BloodMoon_ver,TM_English.xml,keyed,Endless Night,无尽之夜
TM_EnchantedBody_pwr_desc,Increases the power of Enchanted Body and Enchanted Aura by ~33% per skill level.,TM_EnchantedBody_pwr_desc,TM_English.xml,keyed,Increases the power of Enchanted Body and Enchanted Aura by ~33% per skill level.,每个技能等级增加约 33% 的迷人身体和迷人灵光的力量。
TM_EnchantedBody_eff_desc,Reduces mana upkeep cost of Enchanted Body and Enchanted Aura by 20% per skill level.,TM_EnchantedBody_eff_desc,TM_English.xml,keyed,Reduces mana upkeep cost of Enchanted Body and Enchanted Aura by 20% per skill level.,每个技能等级可降低 20% 的魔身和灵能维持消耗。
TM_EnchantedBody_ver_desc,Reduces the mana regeneration penalty of Enchanted Body and Enchanted Aura by 20% per skill level.,TM_EnchantedBody_ver_desc,TM_English.xml,keyed,Reduces the mana regeneration penalty of Enchanted Body and Enchanted Aura by 20% per skill level.,每个技能等级减少 20% 的魔身和灵能法力再生惩罚。
TM_Transmutate_pwr_desc,"Decreases the amount of value lost by 5% per skill level when performing a transmutation on resources. Base conversion value is 70%.
When transmuting equipment made from stuff, the converted stuff can be from 10% to 300% of the value of the original stuff, each level improves this range.
Transmuting equipment will degrade the equipment:
Level 0: -20% HP, 10% -> 300% value
Level 1: -10% HP, 20% -> 330% value
Level 2: no degradation, 20% -> 360% value
Level 3: +10% HP, 40% -> 390% value

Equipment will disintegrate if it degrades below 0 durability. Equipment transmutations will always remove 'tainted.'",TM_Transmutate_pwr_desc,TM_English.xml,keyed,"Decreases the amount of value lost by 5% per skill level when performing a transmutation on resources. Base conversion value is 70%.<ALIMT >(PH_8)</ALIMT>When transmuting equipment made from stuff, the converted stuff can be from 10% to 300% of the value of the original stuff, each level improves this range.<ALIMT >(PH_7)</ALIMT>Transmuting equipment will degrade the equipment:<ALIMT >(PH_6)</ALIMT>Level 0: -20% HP, 10% -> 300% value<ALIMT >(PH_5)</ALIMT>Level 1: -10% HP, 20% -> 330% value<ALIMT >(PH_4)</ALIMT>Level 2: no degradation, 20% -> 360% value<ALIMT >(PH_3)</ALIMT>Level 3: +10% HP, 40% -> 390% value<ALIMT >(PH_2)</ALIMT><ALIMT >(PH_1)</ALIMT>Equipment will disintegrate if it degrades below 0 durability. Equipment transmutations will always remove 'tainted.'","对资源进行畸变时，每技能等级减少价值损失 5%。基础教化值为 70%。
当改变物资制作的装备时，改变的物资价值可以从原来的物资的 10% 到 300%，每个级别都提高这个范围。
改变装备会降低装备的等级:
等级 0:-20% 耐久，10%-> 300% 值
等级 1:-10% HP，20%-> 330% value
等级二: 不退化，20%-> 360% 值
等级 3: + 10% 生命，40%-> 390% 值

如果设备的耐久度退化到 0 以下，它就会解体。装备突变将始终移除 “已死人的”。"
TM_Transmutate_eff_desc,Reduces the mana cost required to use Transmutate by 12% per skill level.,TM_Transmutate_eff_desc,TM_English.xml,keyed,Reduces the mana cost required to use Transmutate by 12% per skill level.,每个技能等级降低 12% 的使用突变所需的法力消耗。
TM_Transmutate_ver_desc,"Transmutation can be performed on more complex material.
Level 0: Raw resources (stone, steel, silver, etc)
Level 1: Foods (meat, rice, meals) - will always convert to pemmican or nutrient paste
Level 2: Corpses - will always convert to nutrient paste
Level 3: Equipment - applies to equipment made from stuff; randomly transmutes to stuff in the same category.
Equipment made only from set material will be repaired by 30% + 10% * Conversion Rate skill level. Using transmutate while creatively inspired will improve the quality of an item but ends the inspiration.",TM_Transmutate_ver_desc,TM_English.xml,keyed,"Transmutation can be performed on more complex material.<ALIMT >(PH_5)</ALIMT>Level 0: Raw resources (stone, steel, silver, etc)<ALIMT >(PH_4)</ALIMT>Level 1: Foods (meat, rice, meals) - will always convert to pemmican or nutrient paste<ALIMT >(PH_3)</ALIMT>Level 2: Corpses - will always convert to nutrient paste<ALIMT >(PH_2)</ALIMT>Level 3: Equipment - applies to equipment made from stuff; randomly transmutes to stuff in the same category.<ALIMT >(PH_1)</ALIMT>Equipment made only from set material will be repaired by 30% + 10% * Conversion Rate skill level. Using transmutate while creatively inspired will improve the quality of an item but ends the inspiration.","可以对更复杂的材料进行突变。
等级 0: 原材料 (石材、钢材、白银等)
等级 1: 食物 (肉类、大米、餐食)-将永远教化为干肉饼或营养膏
等级 2: 尸体-将始终教化为营养膏
等级 3: 装备 -- 适用于使用物品制作的装备; 随机转换为同一类别的物品。
用固定材料制作的装备将会得到 30% + 10% * 技能等级的修复率。在获得创造灵感的同时使用 transmutate 可以提高物品的质量，但会失去相应的灵感。"
TM_EnchanterStone_eff_desc,Reduces the mana required to cast Enchanter's Stone by 10% and reduces max MP upkeep by 2 mana per skill level .,TM_EnchanterStone_eff_desc,TM_English.xml,keyed,Reduces the mana required to cast Enchanter's Stone by 10% and reduces max MP upkeep by 2 mana per skill level .,每项技能等级可降低施展魔石所需的法力值 10%，最高 MP 维持量减少 2 法力。
TM_EnchanterStone_ver_desc,"Allows the enchanter to create artifacts out of more resources types. This skill requires 2 ability points to train.
Level 0: stone chunks (slate, sandstone, limestone, marble, granite)
Level 1: steel, silver, *iron
Level 2: herbal medicine, jade, wood
Level 3: gold, magicyte",TM_EnchanterStone_ver_desc,TM_English.xml,keyed,"Allows the enchanter to create artifacts out of more resources types. This skill requires 2 ability points to train.<ALIMT >(PH_4)</ALIMT>Level 0: stone chunks (slate, sandstone, limestone, marble, granite)<ALIMT >(PH_3)</ALIMT>Level 1: steel, silver, *iron<ALIMT >(PH_2)</ALIMT>Level 2: herbal medicine, jade, wood<ALIMT >(PH_1)</ALIMT>Level 3: gold, magicyte","允许炼狱魔王使用更多的资源来创造神器。此技能需要 2 个能力点数来训练。
0 级: 石块 (板岩、砂岩、石灰岩、大理石、花岗岩)
等级 1: 钢、银、 * 铁
等级 2: 草药、翡翠、木材
等级 3: 黄金、魔术师"
TM_EnchantWeapon_pwr_desc,"Increases the power of the weapon enchantment.
Fire: +33% average damage
Ice: +25% average damage
Stun: +25% stun duration
Dark: +10% application chance",TM_EnchantWeapon_pwr_desc,TM_English.xml,keyed,Increases the power of the weapon enchantment.<ALIMT >(PH_4)</ALIMT>Fire: +33% average damage<ALIMT >(PH_3)</ALIMT>Ice: +25% average damage<ALIMT >(PH_2)</ALIMT>Stun: +25% stun duration<ALIMT >(PH_1)</ALIMT>Dark: +10% application chance,"增加武器附魔的威力。
火焰: + 33% 平均伤害
冰面: + 25% 平均伤害
眩晕: + 25% 眩晕持续时间
暗黑: + 10% 施用几率"
TM_EnchantWeapon_eff_desc,Decreases mana cost of Enchant Weapon by 10% per skill level.,TM_EnchantWeapon_eff_desc,TM_English.xml,keyed,Decreases mana cost of Enchant Weapon by 10% per skill level.,每个技能等级减少附魔武器的法力消耗 10%。
TM_Polymorph_pwr_desc,"Reduces targets chance to resist. Resistance is affected by the arcane resistance and psychic sensitivity of the target. May enrage (berserk) enemies.

Resistance chance prior to modifiers:
Level 0: Pawn 50%, Mechanoid 0%
Level 1: Pawn 60%, Mechanoid 20%, enrage 20%
Level 2: Pawn 70%, Mechanoid 40%, enrage 40%
Level 3: Pawn 80%, Mechanoid 60%, enrage 50%",TM_Polymorph_pwr_desc,TM_English.xml,keyed,"Reduces targets chance to resist. Resistance is affected by the arcane resistance and psychic sensitivity of the target. May enrage (berserk) enemies.<ALIMT >(PH_6)</ALIMT><ALIMT >(PH_5)</ALIMT>Resistance chance prior to modifiers:<ALIMT >(PH_4)</ALIMT>Level 0: Pawn 50%, Mechanoid 0%<ALIMT >(PH_3)</ALIMT>Level 1: Pawn 60%, Mechanoid 20%, enrage 20%<ALIMT >(PH_2)</ALIMT>Level 2: Pawn 70%, Mechanoid 40%, enrage 40%<ALIMT >(PH_1)</ALIMT>Level 3: Pawn 80%, Mechanoid 60%, enrage 50%","降低目标的抵抗几率。抗性受到目标神秘的抗性和心灵敏感度的影响。可能激怒 (狂暴) 敌人。

抵抗几率先于修改器:
等级 0: 卒 50%，机械体 0%
等级 1: 卒 60%，机械体 20%，激怒 20%
等级 2: 卒 70%，机械体 40%，激怒 40%
三级: 卒 80%，机械体 60%，激怒 50%"
TM_Polymorph_eff_desc,Decrease the cost to cast Polymorph by 6% per skill level.,TM_Polymorph_eff_desc,TM_English.xml,keyed,Decrease the cost to cast Polymorph by 6% per skill level.,每提升技能等级需要消耗的成本降低 6%。
TM_Polymorph_ver_desc,"Increases the duration of polymorph and applies more control over the creature combat powers for enemies and allies. This skill requires 2 ability points to train.
Level 0: Duration 30s, enemy 100 / ally 60
Level 1: Duration 40s, enemy 80 / ally 100
Level 2: Duration 50s, enemy 60 / ally 160
Level 3: Permanent, enemy 60 / ally 200",TM_Polymorph_ver_desc,TM_English.xml,keyed,"Increases the duration of polymorph and applies more control over the creature combat powers for enemies and allies. This skill requires 2 ability points to train.<ALIMT >(PH_4)</ALIMT>Level 0: Duration 30s, enemy 100 / ally 60<ALIMT >(PH_3)</ALIMT>Level 1: Duration 40s, enemy 80 / ally 100<ALIMT >(PH_2)</ALIMT>Level 2: Duration 50s, enemy 60 / ally 160<ALIMT >(PH_1)</ALIMT>Level 3: Permanent, enemy 60 / ally 200","增加 polymorph 的持续时间，并为敌人和盟友对生物的战斗能力施加更多控制。此技能需要 2 个能力点数来训练。
等级 0: 持续 30 秒，敌人 100/盟友 60
等级 1: 持续 40 秒，敌人 80/盟友 100
等级 2: 时长 50 秒，敌人 60/盟友 160
等级 3: 永久，敌人 60/盟友 200"
TM_Shapeshift_pwr_desc,"The enchanter takes some liberties to improve the physical traits of the creature they shapeshift into. Learn to further enhance physical power while shape-shifted. This skill requires 2 ability points to train.
Level 0: physical +25%, attack speed +10%, armor +10%
Level 1: physical +35%, attack speed +10%, armor +15%
Level 2: physical +40%, attack speed +15%, armor +15%
Level 3: physical +50%, attack speed +15%, armor +20%
",TM_Shapeshift_pwr_desc,TM_English.xml,keyed,"The enchanter takes some liberties to improve the physical traits of the creature they shapeshift into. Learn to further enhance physical power while shape-shifted. This skill requires 2 ability points to train.<ALIMT >(PH_5)</ALIMT>Level 0: physical +25%, attack speed +10%, armor +10%<ALIMT >(PH_4)</ALIMT>Level 1: physical +35%, attack speed +10%, armor +15%<ALIMT >(PH_3)</ALIMT>Level 2: physical +40%, attack speed +15%, armor +15%<ALIMT >(PH_2)</ALIMT>Level 3: physical +50%, attack speed +15%, armor +20%<ALIMT >(PH_1)</ALIMT>","魔咒者可以自由地改善被其突变的生物的身体特性。学习在移动体形的同时进一步增强体能。此技能需要 2 个能力点数来训练。
0 级: 物理 + 25%，攻击速度 + 10%，护甲 + 10%
等级 1: 物理 + 35%，攻击速度 + 10%，护甲 + 15%
等级 2: 物理 + 40%，攻击速度 + 15%，护甲 + 15%
三级: 物理 + 50%，攻击速度 + 15%，护甲 + 20%
"
TM_Shapeshift_eff_desc,"Decreases mana cost of Shapeshift by 5% of base cost per skill level. Increases duration by 20%. This skill requires 2 ability points to train.
Level 3: shapeshift is permanent until canceled.",TM_Shapeshift_eff_desc,TM_English.xml,keyed,Decreases mana cost of Shapeshift by 5% of base cost per skill level. Increases duration by 20%. This skill requires 2 ability points to train.<ALIMT >(PH_1)</ALIMT>Level 3: shapeshift is permanent until canceled.,"降低塑形机每项技能的法力消耗占基础消耗的 5%增加持续时间 20%。此技能需要 2 个能力点数来训练。
等级 3: 在取消之前是永久性的。"
TM_Shapeshift_ver_desc,"Shapeshift into creatures with higher combat power. Min/Max values are multiplied by Arcane Power. This skill requires 2 ability points to train.
Level 0: min 80, max 250
Level 1: min 120, max 320
Level 2: min 150, max 420
Level 3: min 200, max 500; unlocks access to Shapeshift: Dire Wolf",TM_Shapeshift_ver_desc,TM_English.xml,keyed,"Shapeshift into creatures with higher combat power. Min/Max values are multiplied by Arcane Power. This skill requires 2 ability points to train.<ALIMT >(PH_4)</ALIMT>Level 0: min 80, max 250<ALIMT >(PH_3)</ALIMT>Level 1: min 120, max 320<ALIMT >(PH_2)</ALIMT>Level 2: min 150, max 420<ALIMT >(PH_1)</ALIMT>Level 3: min 200, max 500; unlocks access to Shapeshift: Dire <ALIMT >wolf</ALIMT>","将其重组为战斗力更高的生物。最小值/最大值会乘以神秘的力量。此技能需要 2 个能力点数来训练。
0 级: 最少 80 个，最多 250 个
等级 1: 最低 120，最高 320
等级 2: 最低 150，最高 420
等级 3: 最低 200，最高 500; 解锁进入 Shapeshift: 可怕狼🐺"
TM_EnchantedBody_pwr,Mind Over Body,TM_EnchantedBody_pwr,TM_English.xml,keyed,Mind Over Body,意识超越身体
TM_EnchantedBody_eff,Compliant Form,TM_EnchantedBody_eff,TM_English.xml,keyed,Compliant Form,顺从形态
TM_EnchantedBody_ver,Adaption,TM_EnchantedBody_ver,TM_English.xml,keyed,Adaption,适应性
TM_Transmutate_pwr,Conversion Rate,TM_Transmutate_pwr,TM_English.xml,keyed,Conversion Rate,转化率
TM_Transmutate_eff,Transformation Cost,TM_Transmutate_eff,TM_English.xml,keyed,<ALIMT >transformation</ALIMT> Cost,肉体变形成本
TM_Transmutate_ver,Material Application,TM_Transmutate_ver,TM_English.xml,keyed,Material Application,材料应用
TM_EnchanterStone_eff,Sub-Atomic Control,TM_EnchanterStone_eff,TM_English.xml,keyed,Sub-Atomic Control,亚原子控制
TM_EnchanterStone_ver,Material Matters,TM_EnchanterStone_ver,TM_English.xml,keyed,Material Matters,材料
TM_EnchantWeapon_pwr,Elemental Edge,TM_EnchantWeapon_pwr,TM_English.xml,keyed,Elemental Edge,边缘
TM_EnchantWeapon_eff,Elemental Weaving,TM_EnchantWeapon_eff,TM_English.xml,keyed,Elemental Weaving,元素织造
TM_Polymorph_pwr,Reduce Resistance,TM_Polymorph_pwr,TM_English.xml,keyed,Reduce Resistance,降低抵抗
TM_Polymorph_eff,Seamless,TM_Polymorph_eff,TM_English.xml,keyed,Seamless,无痕
TM_Polymorph_ver,Loose Ends,TM_Polymorph_ver,TM_English.xml,keyed,Loose Ends,松散末端
TM_Shapeshift_pwr,Enhanced Form,TM_Shapeshift_pwr,TM_English.xml,keyed,Enhanced Form,增强形态
TM_Shapeshift_eff,Enduring Transformation,TM_Shapeshift_eff,TM_English.xml,keyed,Enduring <ALIMT >transformation</ALIMT>,耐久肉体变形
TM_Shapeshift_ver,Natural Selection,TM_Shapeshift_ver,TM_English.xml,keyed,Natural Selection,自然选择
TM_Prediction_pwr_desc,"Applies the power of prediction to safeguard the chronomancer.
This skill reduces the amount of mental focus required to retain a precognitive state while simultaneously increasing reaction speed to predicted dangers.

Level 0: -24% Consciousness, -10% aiming delay, +3% mental break threshold, +5% melee dodge chance, 5% chance to predict and avoid physical attacks

Level 5: -10% Consciousness, -20% aiming delay, +6% mental break threshold, +15% melee dodge chance, 55% chance to predict and avoid physical attacks",TM_Prediction_pwr_desc,TM_English.xml,keyed,"Applies the power of prediction to safeguard the chronomancer.<ALIMT >(PH_5)</ALIMT>This skill reduces the amount of mental focus required to retain a precognitive state while simultaneously increasing reaction speed to predicted dangers.<ALIMT >(PH_4)</ALIMT><ALIMT >(PH_3)</ALIMT>Level 0: -24% Consciousness, -10% aiming delay, +3% mental break threshold, +5% melee dodge chance, 5% chance to predict and avoid physical attacks<ALIMT >(PH_2)</ALIMT><ALIMT >(PH_1)</ALIMT>Level 5: -10% Consciousness, -20% aiming delay, +6% mental break threshold, +15% melee dodge chance, 55% chance to predict and avoid physical attacks","运用预估能力保护计时器。
此技能能降低保持预知状态所需的精神力，同时能提高对危险预估的反应速度。

0 级:-24% 意识，-10% 瞄准延时，+ 3% 精神崩溃临界值，+ 5% 近战闪避几率，5% 几率预估和避开物理攻击

等级 5:-10% 意识，-20% 瞄准延时，+ 6% 精神崩溃临界值，+ 15% 近战闪避几率，55% 几率预估和避开物理攻击"
TM_Prediction_eff_desc,"Reduces amount of mana regeneration required to maintain Prediction.

Level 0: -50% mana regeneration
Level 1: -45% mana regeneration
Level 2: -40% mana regeneration
Level 3: -35% mana regeneration",TM_Prediction_eff_desc,TM_English.xml,keyed,Reduces amount of mana regeneration required to maintain Prediction.<ALIMT >(PH_5)</ALIMT><ALIMT >(PH_4)</ALIMT>Level 0: -50% mana regeneration<ALIMT >(PH_3)</ALIMT>Level 1: -45% mana regeneration<ALIMT >(PH_2)</ALIMT>Level 2: -40% mana regeneration<ALIMT >(PH_1)</ALIMT>Level 3: -35% mana regeneration,"减少维持预估所需的法力再生量。

等级 0:-50% 法力再生
等级 1:-45% 法力再生
等级 2:-40% 法力再生
等级 3:-35% 法力再生"
TM_Prediction_ver_desc,"Increases chance to predict an event by 5% per skill level. Each chronomancer can only predict 1 event at a time.

Level 0: 25%
Level 1: 30%
Level 2: 35%
Level 3: 40%",TM_Prediction_ver_desc,TM_English.xml,keyed,Increases chance to predict an event by 5% per skill level. Each chronomancer can only predict 1 event at a time.<ALIMT >(PH_5)</ALIMT><ALIMT >(PH_4)</ALIMT>Level 0: 25%<ALIMT >(PH_3)</ALIMT>Level 1: 30%<ALIMT >(PH_2)</ALIMT>Level 2: 35%<ALIMT >(PH_1)</ALIMT>Level 3: 40%,"每项技能级别增加预估事件的几率 5%。每个计时器一次只能预测 1 个事件。

0 级: 25%
一级: 30%
等级 2: 35%
三级: 40%"
TM_AlterFate_pwr_desc,"Increases the chance of favorable results when using Alter Fate. The primary objective when altering fate is to prevent the prediction; at level 3, it is possible to undo environmental conditions (heat wave, flash storm, etc) for a short period after they occur.

Level 0: 25% prevention chance
Level 1: 30% prevention chance
Level 2: 35% prevention chance
Level 3: 40% prevention chance; alter environmental conditions",TM_AlterFate_pwr_desc,TM_English.xml,keyed,"Increases the chance of favorable results when using Alter Fate. The primary objective when altering fate is to prevent the prediction; at level 3, it is possible to undo environmental conditions (heat wave, flash storm, etc) for a short period after they occur.<ALIMT >(PH_5)</ALIMT><ALIMT >(PH_4)</ALIMT>Level 0: 25% prevention chance<ALIMT >(PH_3)</ALIMT>Level 1: 30% prevention chance<ALIMT >(PH_2)</ALIMT>Level 2: 35% prevention chance<ALIMT >(PH_1)</ALIMT>Level 3: 40% prevention chance; alter environmental conditions","使用「改变命运」增加获得好感的几率。改变命运时的主要目标是阻止预测; 在 3 级，有可能在环境条件发生后的短时间内撤销 (热浪、闪电风暴等)。

0 级: 25% 的预防几率
等级 1: 30% 的预防几率
等级 2: 35% 的预防几率
等级 3: 40% 的预防几率; 改变环境条件"
TM_AlterFate_eff_desc,Reduces the mana cost required to use Alter Fate by 10% per skill level.,TM_AlterFate_eff_desc,TM_English.xml,keyed,Reduces the mana cost required to use Alter Fate by 10% per skill level.,每个技能等级降低 10% 的使用异象所需法力消耗。
TM_AccelerateTime_eff_desc,Reduces the mana required to cast Accelerate Time by 8% per skill level.,TM_AccelerateTime_eff_desc,TM_English.xml,keyed,Reduces the mana required to cast Accelerate Time by 8% per skill level.,每技能等级减少施展加速所需的法力值时间 8%。
TM_AccelerateTime_ver_desc,"Increases the potential to accelerate time by increasing the maximum number of enemy targets, reducing resist chance, and increasing duration of the time field.

Level 0: 2 targets, 50% success rate, 100% duration
Level 1: 3 targets, 60% success rate, 110% duration
Level 2: 4 targets, 70% success rate, 120% duration
Level 3: 5 targets, 80% success rate, 130% duration",TM_AccelerateTime_ver_desc,TM_English.xml,keyed,"Increases the potential to accelerate time by increasing the maximum number of enemy targets, reducing resist chance, and increasing duration of the time field.<ALIMT >(PH_5)</ALIMT><ALIMT >(PH_4)</ALIMT>Level 0: 2 targets, 50% success rate, 100% duration<ALIMT >(PH_3)</ALIMT>Level 1: 3 targets, 60% success rate, 110% duration<ALIMT >(PH_2)</ALIMT>Level 2: 4 targets, 70% success rate, 120% duration<ALIMT >(PH_1)</ALIMT>Level 3: 5 targets, 80% success rate, 130% duration","通过增加敌人目标的最大数量，减少抵抗的几率，并增加时间领域的持续时间来增加加速时间的潜力。

等级 0:2 目标，50% 成功率，100% 持续时间
等级一: 目标 3 个，60% 成功率，110% 持续时间
等级二: 目标 4 项，70% 成功率，120% 持续时间
三级: 目标 5 项，80% 成功率，130% 持续时间"
TM_AccelerateTime_pwr_desc,"Increases the potency of Accelerate Time.

Pawns will age 10% faster, enemy pawns will begin to suffer from age related ailments at a younger age, and other conditions affecting health are accelerated. Also deteriorates equipment by an additional 100 durability.",TM_AccelerateTime_pwr_desc,TM_English.xml,keyed,"Increases the potency of Accelerate Time.<ALIMT >(PH_2)</ALIMT><ALIMT >(PH_1)</ALIMT>Pawns will age 10% faster, enemy pawns will begin to suffer from age related ailments at a younger age, and other conditions affecting health are accelerated. Also deteriorates equipment by an additional 100 durability.","增加效力加速时间。

Pawns 的衰老速度将增加 10%，敌人的 pawns 将在年轻时开始患上与年龄有关的疾病，其他影响健康的情况也会加速。也会使设备的耐久度额外老化 100。"
TM_ReverseTime_pwr_desc,"Increases the potency of Reverse Time.
Increases the amount of rot, decay, or equipment damage that is reverted, increases reversal rate of health conditions, and increases the efficacy of the reversal field surrounding the pawn.",TM_ReverseTime_pwr_desc,TM_English.xml,keyed,"Increases the potency of Reverse Time.<ALIMT >(PH_2)</ALIMT>Increases the amount of rot, decay, or equipment damage that is reverted, increases reversal rate of health conditions, and increases the efficacy of the reversal field surrounding the <ALIMT >(PH_1)</ALIMT>.","增加逆转时间的效力。
增加被腐化、衰变或设备损坏的数量，增加健康状况的逆转速率，并提高围绕pawn没有。"
TM_ReverseTime_eff_desc,Decreases mana cost of Reverse Time by 8% per skill level.,TM_ReverseTime_eff_desc,TM_English.xml,keyed,Decreases mana cost of Reverse Time by 8% per skill level.,每项技能等级减少 8% 的法力消耗和消耗。
TM_ReverseTime_ver_desc,"Increases success chance and duration of Reverse Time by 10% per skill level.

At skill level 3, may be used on a recently deceased (~2hrs game time) pawn to attempt to revert the physical conditions that caused death.",TM_ReverseTime_ver_desc,TM_English.xml,keyed,"Increases success chance and duration of Reverse Time by 10% per skill level.<ALIMT >(PH_3)</ALIMT><ALIMT >(PH_2)</ALIMT>At skill level 3, may be used on a recently deceased (~2hrs game time) <ALIMT >(PH_1)</ALIMT> to attempt to revert the physical conditions that caused death.","每技能等级提高成功率几率和逆转持续时间 10%。

技能等级 3 时，可对死者使用 (游戏用时约 2 小时)pawn试图使患者恢复导致死亡的生理状态。"
TM_ChronostaticField_pwr_desc,Increases duration of Chronostatic Field by 20% per skill level. Base duration 26s.,TM_ChronostaticField_pwr_desc,TM_English.xml,keyed,Increases duration of Chronostatic Field by 20% per skill level. Base duration 26s.,每技能等级增加 20% 的时间场持续时间。基础持续时间 26 秒。
TM_ChronostaticField_eff_desc,Decrease the cost to cast Chronostatic Field by 6% per skill level.,TM_ChronostaticField_eff_desc,TM_English.xml,keyed,Decrease the cost to cast Chronostatic Field by 6% per skill level.,降低每个技能级别投射时间固定场的成本 6%。
TM_ChronostaticField_ver_desc,"Decrease chance Chronostatic Field will be resisted by 10% per skill level. Resist chance is modified by caster spell power and target resistances.

Level 0: 60%
Level 1: 70%
Level 2: 80%
Level 3: 90%",TM_ChronostaticField_ver_desc,TM_English.xml,keyed,Decrease chance Chronostatic Field will be resisted by 10% per skill level. Resist chance is modified by caster spell power and target resistances.<ALIMT >(PH_5)</ALIMT><ALIMT >(PH_4)</ALIMT>Level 0: 60%<ALIMT >(PH_3)</ALIMT>Level 1: 70%<ALIMT >(PH_2)</ALIMT>Level 2: 80%<ALIMT >(PH_1)</ALIMT>Level 3: 90%,"降低时辰场每项技能抵抗几率 10%。反击几率会被施法者的法术力和目标的抵抗能力所改变。

0 级: 60%
一级: 70%
等级 2: 80%
三级: 90%"
TM_Recall_pwr_desc,"Automates recall.

Level 0: manual activation only
Level 1: 50% chance to trigger on death
Level 2: 50% chance to trigger on down
Level 3: 100% chance to trigger on death or down",TM_Recall_pwr_desc,TM_English.xml,keyed,Automates recall.<ALIMT >(PH_5)</ALIMT><ALIMT >(PH_4)</ALIMT>Level 0: manual activation only<ALIMT >(PH_3)</ALIMT>Level 1: 50% chance to trigger on death<ALIMT >(PH_2)</ALIMT>Level 2: 50% chance to trigger on down<ALIMT >(PH_1)</ALIMT>Level 3: 100% chance to trigger on death or down,"自动回忆。

等级 0: 仅手动激活
等级 1: 死亡时 50% 几率触发
等级 2: 向下触发的几率: 50%
等级 3: 死亡或倒下时 100% 的几率触发"
TM_Recall_eff_desc,"Reduces upkeep cost by 8% per skill level.

Level 0: max MP -40, mana regen -30%
Level 1: max MP -36.8, mana regen -27.6%
Level 2: max MP -33.2, mana regen -25.2%
Level 3: max MP -30.4, mana regen -22.8%",TM_Recall_eff_desc,TM_English.xml,keyed,"Reduces upkeep cost by 8% per skill level.<ALIMT >(PH_5)</ALIMT><ALIMT >(PH_4)</ALIMT>Level 0: max MP -40, mana regen -30%<ALIMT >(PH_3)</ALIMT>Level 1: max MP -36.8, mana regen -27.6%<ALIMT >(PH_2)</ALIMT>Level 2: max MP -33.2, mana regen -25.2%<ALIMT >(PH_1)</ALIMT>Level 3: max MP -30.4, mana regen -22.8%","每项技能等级可降低 8% 的维护成本。

等级 0: 最高 MP-40，法力复活-30%
等级 1: 最高 MP-36.8，法力复活-27.6%
等级 2: 最高 MP-33.2，法力复活-25.2%
等级 3: 最高 MP-30.4，法力复活-22.8%"
TM_Recall_ver_desc,"Increases duration a time marker will remain active by 4 game hours per skill level.

Level 0: 20hrs
Level 1: 24hrs
Level 2: 28hrs
Level 3: 32hrs",TM_Recall_ver_desc,TM_English.xml,keyed,Increases duration a time marker will remain active by 4 game hours per skill level.<ALIMT >(PH_5)</ALIMT><ALIMT >(PH_4)</ALIMT>Level 0: 20hrs<ALIMT >(PH_3)</ALIMT>Level 1: 24hrs<ALIMT >(PH_2)</ALIMT>Level 2: 28hrs<ALIMT >(PH_1)</ALIMT>Level 3: 32hrs,"增加时间标记的持续时间，每个技能级别将保持 4 个游戏小时的激活状态。

0 级: 20 时
等级 1: 24 小时
等级 2: 28 时
等级 3: 32 小时"
TM_Prediction_pwr,Prime Cognition,TM_Prediction_pwr,TM_English.xml,keyed,Prime Cognition,首要认知
TM_Prediction_eff,River of Time,TM_Prediction_eff,TM_English.xml,keyed,River of Time,时间之河
TM_Prediction_ver,Third Eye,TM_Prediction_ver,TM_English.xml,keyed,Third Eye,第三眼
TM_AlterFate_pwr,Soothsayer,TM_AlterFate_pwr,TM_English.xml,keyed,Soothsayer,预言家
TM_AlterFate_eff,Subtlety,TM_AlterFate_eff,TM_English.xml,keyed,Subtlety,微妙
TM_AccelerateTime_pwr,Relativity,TM_AccelerateTime_pwr,TM_English.xml,keyed,Relativity,相对性
TM_AccelerateTime_eff,Forward Manipulator,TM_AccelerateTime_eff,TM_English.xml,keyed,Forward Manipulator,前锋机械手
TM_AccelerateTime_ver,Mutability,TM_AccelerateTime_ver,TM_English.xml,keyed,Mutability,可变性
TM_ReverseTime_pwr,Rewrite History,TM_ReverseTime_pwr,TM_English.xml,keyed,Rewrite History,改写历史
TM_ReverseTime_eff,Reverse Manipulator,TM_ReverseTime_eff,TM_English.xml,keyed,Reverse Manipulator,反向机械手
TM_ReverseTime_ver,Denial,TM_ReverseTime_ver,TM_English.xml,keyed,Denial,拒绝
TM_ChronostaticField_pwr,Time Loop,TM_ChronostaticField_pwr,TM_English.xml,keyed,Time Loop,时间循环
TM_ChronostaticField_eff,Good Timing,TM_ChronostaticField_eff,TM_English.xml,keyed,Good Timing,良好的时机
TM_ChronostaticField_ver,Time Catcher,TM_ChronostaticField_ver,TM_English.xml,keyed,Time Catcher,时间捕手
TM_Recall_pwr,Insurance,TM_Recall_pwr,TM_English.xml,keyed,Insurance,保险
TM_Recall_eff,Perfect Recall,TM_Recall_eff,TM_English.xml,keyed,Perfect Recall,完美回忆
TM_Recall_ver,Impression,TM_Recall_ver,TM_English.xml,keyed,Impression,印象
TM_ChaosTradition_pwr_desc,"Increases the chance wild magic has a beneficial surge and decreases the chance of backfiring. Does not change neutral events which is always 3%. Requires 2 skill points to train.

Level 0: (+)2%  : (-)5%
Level 1: (+)3% : (-)4%
Level 2: (+)4% : (-)3%
Level 3: (+)5% : (-)2%",TM_ChaosTradition_pwr_desc,TM_English.xml,keyed,Increases the chance wild magic has a beneficial surge and decreases the chance of backfiring. Does not change neutral events which is always 3%. Requires 2 skill points to train.<ALIMT >(PH_5)</ALIMT><ALIMT >(PH_4)</ALIMT>Level 0: (+)2%  : (-)5%<ALIMT >(PH_3)</ALIMT>Level 1: (+)3% : (-)4%<ALIMT >(PH_2)</ALIMT>Level 2: (+)4% : (-)3%<ALIMT >(PH_1)</ALIMT>Level 3: (+)5% : (-)2%,"增加野生魔法产生有益冲击的几率，并减少适得其反的几率。不改变中立事件 (总是 3%)。需要训练 2 个技能点。

0 级: (+) 2%: (-) 5%
等级 1: (+) 3%: (-) 4%
等级 2: (+) 4%: (-) 3%
三级: (+) 5%: (-) 2%"
TM_ChaosTradition_eff_desc,"Chaos Mages thrive on change - each skill level brings added benefits when Chaos Tradition is used. Requires 2 skill points to train.

Level 0: changes all learned abilities
Level 1: gains a +8 mood boost for 24hrs
Level 2: gains up-to 40 mana
Level 3: applies a stacking buff that increases stats",TM_ChaosTradition_eff_desc,TM_English.xml,keyed,Chaos Mages thrive on change - each skill level brings added benefits when Chaos Tradition is used. Requires 2 skill points to train.<ALIMT >(PH_5)</ALIMT><ALIMT >(PH_4)</ALIMT>Level 0: changes all learned abilities<ALIMT >(PH_3)</ALIMT>Level 1: gains a +8 mood boost for 24hrs<ALIMT >(PH_2)</ALIMT>Level 2: gains up-to 40 mana<ALIMT >(PH_1)</ALIMT>Level 3: applies a stacking buff that increases stats,"混乱巫医们喜欢不断变化 -- 当使用混乱传统时，每个技能等级都会带来额外的收益。需要训练 2 个技能点。

等级 0: 改变所有已学习的能力
等级 1: 24 小时内心情提升 + 8
等级 2: 最多可获得 40 点法力
等级 3: 应用堆叠爱好者以增加属性"
TM_ChaosTradition_ver_desc,"Increases the number of abilities the Chaos Mage is able to learn through Chaos Tradition. Chaos Tradition is never removed. Requires 2 skill points to train.

Level 0: 2 abilities
Level 1: 3 abilities
Level 2: 4 abilities
Level 3: 5 abilities",TM_ChaosTradition_ver_desc,TM_English.xml,keyed,Increases the number of abilities the Chaos Mage is able to learn through Chaos Tradition. Chaos Tradition is never removed. Requires 2 skill points to train.<ALIMT >(PH_5)</ALIMT><ALIMT >(PH_4)</ALIMT>Level 0: 2 abilities<ALIMT >(PH_3)</ALIMT>Level 1: 3 abilities<ALIMT >(PH_2)</ALIMT>Level 2: 4 abilities<ALIMT >(PH_1)</ALIMT>Level 3: 5 abilities,"增加混乱法师通过混乱传统能够学习的能力数量。混乱传统不会消失。需要训练 2 个技能点。

等级 0:2 能力
等级 1: 能力 3
等级 2: 能力 4
等级 3: 5 种能力"
TM_ChaosTradition_pwr,Chaos Flux,TM_ChaosTradition_pwr,TM_English.xml,keyed,Chaos Flux,混乱通量
TM_ChaosTradition_eff,Mercurial,TM_ChaosTradition_eff,TM_English.xml,keyed,Mercurial,善变的
TM_ChaosTradition_ver,Protean,TM_ChaosTradition_ver,TM_English.xml,keyed,Protean,异种
TM_LightLance_pwr_desc,Increases the duration of Light Lance by 8% and damage by 15% per skill level.,TM_LightLance_pwr_desc,TM_English.xml,keyed,Increases the duration of Light Lance by 8% and damage by 15% per skill level.,每技能等级增加 8% 的轻机枪伤害持续时间和 15% 的伤害。
TM_LightLance_eff_desc,Reduces the energy cost of Light Lance by 8% per skill level.,TM_LightLance_eff_desc,TM_English.xml,keyed,Reduces the energy cost of Light Lance by 8% per skill level.,每技能等级降低 8% 的光枪能量消耗。
TM_LightLance_ver_desc,Increases the radius of Light Lance by 15% per skill level.,TM_LightLance_ver_desc,TM_English.xml,keyed,Increases the radius of Light Lance by 15% per skill level.,每技能等级增加 15% 的光枪半径。
TM_Sunfire_pwr_desc,Increases Sunfire damage by 25% and armor penetration by 10% per skillpoint.,TM_Sunfire_pwr_desc,TM_English.xml,keyed,Increases Sunfire damage by 25% and armor <ALIMT >penetration</ALIMT> by 10% per skillpoint.,增加 25% 的太阳火伤害和护甲插入通过 10% 每技能点。
TM_Sunfire_eff_desc,Reduces the energy cost of Sunfire by 6% per skill level.,TM_Sunfire_eff_desc,TM_English.xml,keyed,Reduces the energy cost of Sunfire by 6% per skill level.,每个技能等级降低 6% 的太阳火能量消耗。
TM_Sunfire_ver_desc,Increases the number of beams produced by 4 per skill level and extends the average beam duration by 10%.,TM_Sunfire_ver_desc,TM_English.xml,keyed,Increases the number of beams produced by 4 per skill level and extends the average beam duration by 10%.,增加每技能等级 4 产生的光束数量，并将平均光束持续时间延长 10%。
TM_LightBurst_pwr_desc,"Each skill level increases the light density resulting in a 15% improvement to the effective radius, sensory damage, and disorientation caused by each burst of light.",TM_LightBurst_pwr_desc,TM_English.xml,keyed,"Each skill level increases the light density resulting in a 15% improvement to the effective radius, sensory damage, and disorientation caused by each burst of light.",每个技能等级都会增加光照密度，每次爆发的光线都会对有效半径、感官伤害和迷失方向提升 15%。
TM_LightBurst_eff_desc,Reduces mana cost by 8% per skill point.,TM_LightBurst_eff_desc,TM_English.xml,keyed,Reduces mana cost by 8% per skill point.,每技能点减少 8% 的法力值消耗。
TM_LightBurst_ver_desc,"Increases the number of light bursts and modifies the burst to affect mechanoid sensors.
Level 0: 2 light bursts
Level 1: 3 light bursts
Level 2: 3 light bursts, affects mechanoids
Level 3: 4 light bursts, affects mechanoids",TM_LightBurst_ver_desc,TM_English.xml,keyed,"Increases the number of light bursts and modifies the burst to affect mechanoid sensors.<ALIMT >(PH_4)</ALIMT>Level 0: 2 light bursts<ALIMT >(PH_3)</ALIMT>Level 1: 3 light bursts<ALIMT >(PH_2)</ALIMT>Level 2: 3 light bursts, affects mechanoids<ALIMT >(PH_1)</ALIMT>Level 3: 4 light bursts, affects mechanoids","增加光照爆发的次数，并修改光照爆发以影响机械体传感器。
等级 0: 2 光爆
等级 1: 3 光爆
等级 2: 3 点光照冲击，影响机械体
等级 3: 4 点光照冲击，影响机械体"
TM_LightSkip_pwr_desc,"Adds additional abilities with expanded application. Costs 2 points to level.
Rank 0: Light Skip - same map, self only
Rank 1: Mass Light Skip - same map, AoE around caster
Rank 2: Global Light Skip - global, AoE around caster",TM_LightSkip_pwr_desc,TM_English.xml,keyed,"Adds additional abilities with expanded application. Costs 2 points to level.<ALIMT >(PH_3)</ALIMT>Rank 0: Light Skip - same map, self only<ALIMT >(PH_2)</ALIMT>Rank 1: Mass Light Skip - same map, AoE around caster<ALIMT >(PH_1)</ALIMT>Rank 2: Global Light Skip - global, AoE around caster","通过扩展应用程序增加额外的能力。提升消耗 2 点。
等级 0: 光照折跃-同一个地图，仅限自我
等级 1: 质量光折跃-同一个地图，围绕施法者的 AoE
排名 2: 全局光照折跃-全局，AoE 施法者附近"
TM_LightSkip_eff_desc,Reduces energy cost of Light Skip by 8% per skill level.,TM_LightSkip_eff_desc,TM_English.xml,keyed,Reduces energy cost of Light Skip by 8% per skill level.,每技能级别降低光照折跃的能量消耗 8%。
TM_Refraction_pwr_desc,Increases the accuracy of mirrored projectiles by 20% and decreases the accuracy of refracted projectiles by 15%.,TM_Refraction_pwr_desc,TM_English.xml,keyed,Increases the accuracy of mirrored projectiles by 20% and decreases the accuracy of refracted projectiles by 15%.,将镜像投射物的精度提高 20%，并将折射投射物的精度提高 15%。
TM_Refraction_eff_desc,Decreases the energy cost of Refraction by 6% per skill level.,TM_Refraction_eff_desc,TM_English.xml,keyed,Decreases the energy cost of Refraction by 6% per skill level.,每项技能等级减少折射能量消耗 6%。
TM_Refraction_ver_desc,Increases the duration of the Refraction wall by 10% (2.5s) per skill level.,TM_Refraction_ver_desc,TM_English.xml,keyed,Increases the duration of the Refraction wall by 10% (2.5s) per skill level.,每技能级别增加折射墙的持续时间 10% (2.5 s)。
TM_SpiritOfLight_pwr_desc,SoL: increases damage by 3% and max attack range by 1 per skill level.,TM_SpiritOfLight_pwr_desc,TM_English.xml,keyed,SoL: increases damage by 3% and max attack range by 1 per skill level.,伤害提升 3%，最大攻击范围提升 1。
TM_SpiritOfLight_eff_desc,"Summoner: Reduces upkeep costs by 2% per skill level.
SoL: reduces light energy costs for the Spirit of Light by 1% per skill level.",TM_SpiritOfLight_eff_desc,TM_English.xml,keyed,Summoner: Reduces upkeep costs by 2% per skill level.<ALIMT >(PH_1)</ALIMT>SoL: reduces light energy costs for the Spirit of Light by 1% per skill level.,"召唤师: 每项技能等级降低 2% 的维护成本。
索尔: 每项技能水平能为灵能降低 1% 的光能消耗。"
TM_SpiritOfLight_ver_desc,SoL: increases max light energy by 4 per skill level and light energy absorption by 3% per skill level.,TM_SpiritOfLight_ver_desc,TM_English.xml,keyed,SoL: increases max light energy by 4 per skill level and light energy absorption by 3% per skill level.,解决方案: 每技能等级最多增加光能 4 个，每技能等级增加光能吸收 3% 个。
TM_LightLance_pwr,Piercing Light,TM_LightLance_pwr,TM_English.xml,keyed,<ALIMT >piercing</ALIMT> Light,穿孔点亮的
TM_LightLance_eff,Magnification,TM_LightLance_eff,TM_English.xml,keyed,Magnification,放大
TM_LightLance_ver,Burning Radiation,TM_LightLance_ver,TM_English.xml,keyed,Burning Radiation,燃烧的辐射
TM_Sunfire_pwr,Deep Burn,TM_Sunfire_pwr,TM_English.xml,keyed,Deep Burn,深度烧伤
TM_Sunfire_eff,Solar Powered,TM_Sunfire_eff,TM_English.xml,keyed,Solar Powered,太阳能
TM_Sunfire_ver,Steady Burn,TM_Sunfire_ver,TM_English.xml,keyed,Steady Burn,稳定烧伤
TM_LightBurst_pwr,Lux,TM_LightBurst_pwr,TM_English.xml,keyed,Lux,勒克斯
TM_LightBurst_eff,Lens,TM_LightBurst_eff,TM_English.xml,keyed,Lens,镜头
TM_LightBurst_ver,Lumen,TM_LightBurst_ver,TM_English.xml,keyed,Lumen,流明
TM_LightSkip_pwr,Relativity,TM_LightSkip_pwr,TM_English.xml,keyed,Relativity,相对性
TM_LightSkip_eff,Riding The Wave,TM_LightSkip_eff,TM_English.xml,keyed,Riding The Wave,乘风破浪
TM_Refraction_pwr,Refraction Coefficient,TM_Refraction_pwr,TM_English.xml,keyed,Refraction Coefficient,折射系数
TM_Refraction_eff,Spraying LED,TM_Refraction_eff,TM_English.xml,keyed,Spraying LED,喷射发光二极管
TM_Refraction_ver,Dying Light,TM_Refraction_ver,TM_English.xml,keyed,Dying Light,奄奄一息
TM_SpiritOfLight_pwr,Emission,TM_SpiritOfLight_pwr,TM_English.xml,keyed,Emission,发射
TM_SpiritOfLight_eff,Sustainment,TM_SpiritOfLight_eff,TM_English.xml,keyed,Sustainment,维持
TM_SpiritOfLight_ver,Absorption,TM_SpiritOfLight_ver,TM_English.xml,keyed,Absorption,吸收
TM_Totems_pwr_desc,"Increases the power of totems by 3%
Lightning Totem: Increases range and damage
Earth Totem: Increases stagger frequency and duration
Healing Totem: Increases range and heal amount",TM_Totems_pwr_desc,TM_English.xml,keyed,Increases the power of totems by 3%<ALIMT >(PH_3)</ALIMT>Lightning Totem: Increases range and damage<ALIMT >(PH_2)</ALIMT>Earth Totem: Increases stagger frequency and duration<ALIMT >(PH_1)</ALIMT>Healing Totem: Increases range and heal amount,"增加 3% 的图腾力量
闪电图腾: 增加射程和伤害
大地图腾: 增加抑止频率和持续时间
治愈图腾: 增加治愈范围和数量"
TM_Totems_eff_desc,Reduces the mana cost to create a totem by 4% per skill level.,TM_Totems_eff_desc,TM_English.xml,keyed,Reduces the mana cost to create a totem by 4% per skill level.,降低每个技能等级创建图腾所需的法力值消耗 4%。
TM_Totems_ver_desc,Increases the duration of totems by 5% per skill point; base duration is 1 game hour.,TM_Totems_ver_desc,TM_English.xml,keyed,Increases the duration of totems by 5% per skill point; base duration is 1 game hour.,每个技能点增加图腾的持续时间 5% 个; 基础持续时间为 1 个游戏小时。
TM_ChainLightning_pwr_desc,Increases Chain Lighting damage by 10% per skill point.,TM_ChainLightning_pwr_desc,TM_English.xml,keyed,Increases <ALIMT >chain</ALIMT> Lighting damage by 10% per skill point.,增加锁链每技能点点燃伤害 10%。
TM_ChainLightning_eff_desc,Reduces mana cost by 6% per skill point.,TM_ChainLightning_eff_desc,TM_English.xml,keyed,Reduces mana cost by 6% per skill point.,每技能点减少 6% 的法力值消耗。
TM_ChainLightning_ver_desc,Increases the number of times chain lightning will fork or bounce by 1 per skill point.,TM_ChainLightning_ver_desc,TM_English.xml,keyed,Increases the number of times <ALIMT >chain</ALIMT> lightning will fork or bounce by 1 per skill point.,增加的次数锁链闪电将叉式或弹跳每技能点 1。
TM_Enrage_pwr_desc,"Increases the severity of Enrage by .05 per skill point. Base severity is .25, max severity is .5",TM_Enrage_pwr_desc,TM_English.xml,keyed,"Increases the severity of Enrage by .05 per skill point. Base severity is .25, max severity is .5",每技能点增加 0.05 的激怒程度。基础严重度为.25，最大严重度为.5
TM_Enrage_eff_desc,Reduces mana cost of Enrage by 6% per skill point.,TM_Enrage_eff_desc,TM_English.xml,keyed,Reduces mana cost of Enrage by 6% per skill point.,每技能点减少 6% 的法力消耗。
TM_Enrage_ver_desc,"Reduces the amount of emotions consumed by Enrage; at level 3, Enrage can also consume Joy (Recreation) to greatly increase its duration.",TM_Enrage_ver_desc,TM_English.xml,keyed,"Reduces the amount of emotions consumed by Enrage; at level 3, Enrage can also consume Joy (Recreation) to greatly increase its duration.",减少被激怒所消耗的情绪量; 在等级 3 时，被激怒的情绪也会消耗掉愉悦感 (娱乐)，从而大大增加其持续时间。
TM_Hex_pwr_desc,"Increases chance to apply hex by 10%, base 40% chance.",TM_Hex_pwr_desc,TM_English.xml,keyed,"Increases chance to apply hex by 10%, base 40% chance.",增加 10% 的几率应用六角，基地的 40% 几率。
TM_Hex_eff_desc,Reduces mana cost of Hex by 6% per skill point.,TM_Hex_eff_desc,TM_English.xml,keyed,Reduces mana cost of Hex by 6% per skill point.,每技能点减少 6% 个六角六角的法力消耗。
TM_Hex_ver_desc,Increases the power of effects applied to hexed targets.,TM_Hex_ver_desc,TM_English.xml,keyed,Increases the power of effects applied to hexed targets.,增加应用于虚拟目标的效果强度。
TM_SpiritWolves_pwr_desc,Spirit wolves gain enrage when summoned. Each skill point increases the effects of enrage.,TM_SpiritWolves_pwr_desc,TM_English.xml,keyed,Spirit wolves gain enrage when summoned. Each skill point increases the effects of enrage.,森林狼在被召唤时会获得激怒。每个技能点都会增加被激怒的效果。
TM_SpiritWolves_eff_desc,Reduces mana cost to manifest Spirit Wolves by 6% and increases duration by 2s per skill point.,TM_SpiritWolves_eff_desc,TM_English.xml,keyed,Reduces mana cost to manifest Spirit Wolves by 6% and increases duration by 2s per skill point.,每项技能点消耗的法力值减少 6%，持续时间增加 2 秒。
TM_SpiritWolves_ver_desc,Increases the number of wolves summoned by 1 per skill level.,TM_SpiritWolves_ver_desc,TM_English.xml,keyed,Increases the number of wolves summoned by 1 per skill level.,每技能等级增加召唤的狼数量 1。
TM_GuardianSpirit_pwr_desc,"Increases the potency of Guardian Spirit abilities:
Spirit Bear: Increased taunt targets (4 -> 9), taunt chance (60% -> 78%), and taunt range (15 -> 21); increase damage mitigation (4 -> 7)
Spirit Mongoose: Increases shadow strike damage (11 -> 16) and crit chance (40% -> 65%); increases duration of invisibility (1.5s -> 2.5s) and haste (2s -> 3s) following a shadow strike
Spirit Crow: Increases hex chance (50% -> 75%); increases the effectiveness of ""Crows Insight"" mental buff Psychic Sensitivity and Research speed (20% -> 30%)",TM_GuardianSpirit_pwr_desc,TM_English.xml,keyed,"Increases the potency of Guardian Spirit abilities:<ALIMT >(PH_3)</ALIMT>Spirit Bear: Increased taunt targets (4 -> 9), taunt chance (60% -> 78%), and taunt range (15 -> 21); increase damage mitigation (4 -> 7)<ALIMT >(PH_2)</ALIMT>Spirit Mongoose: Increases shadow strike damage (11 -> 16) and crit chance (40% -> 65%); increases duration of invisibility (1.5s -> 2.5s) and haste (2s -> 3s) following a shadow strike<ALIMT >(PH_1)</ALIMT>Spirit Crow: Increases hex chance (50% -> 75%); increases the effectiveness of ""Crows Insight"" mental buff Psychic Sensitivity and Research speed (20% -> 30%)","提高守护者之灵的能力:
灵熊: 增加了嘲弄目标 (4-> 9)，嘲弄几率 (60%-> 78%)，嘲弄范围 (15-> 21); 提高伤害减轻 (4-> 7)
灵 mon: 增加影击伤害 (11-> 16) 和暴击几率 (40%-> 65%); 增加隐形持续时间 (1.5 s-> 2.5 s) 以及阴影攻击后的匆忙 (2 s-> 3 s)
灵兽: 增加十六进制几率 (50%-> 75%); 增加 “乌鸦洞察” 的效力心灵狂飙心灵敏感度和研究速度 (20%-> 30%)"
TM_GuardianSpirit_eff_desc,"Reduces casting cost, max MP upkeep cost, and mana regeneration cost of the Spirit Guardian by 6% per skill point.",TM_GuardianSpirit_eff_desc,TM_English.xml,keyed,"Reduces casting cost, max MP upkeep cost, and mana regeneration cost of the Spirit Guardian by 6% per skill point.",每技能点降低灵能守护者的施放成本，最高 MP 维护成本和法力再生成本 6%。
TM_GuardianSpirit_ver_desc,"Increases the effectiveness of the Spirit Guardian's spirit bond to increase movement, manipulation, healing rate, ignore pain, and dodge rate by 10% per skill point.",TM_GuardianSpirit_ver_desc,TM_English.xml,keyed,"Increases the effectiveness of the Spirit Guardian's spirit bond to increase movement, manipulation, healing rate, ignore <ALIMT >pain</ALIMT>, and dodge rate by 10% per skill point.","增加灵能守护者的灵能效果，增加移动、操作、愈合速率，无视疼痛,闪避率每技能点 10%。"
TM_Totems_pwr,Totem Master,TM_Totems_pwr,TM_English.xml,keyed,Totem Master,图腾大师
TM_Totems_eff,Totem Bearer,TM_Totems_eff,TM_English.xml,keyed,Totem Bearer,图腾持有者
TM_Totems_ver,Durability,TM_Totems_ver,TM_English.xml,keyed,Durability,耐久度
TM_ChainLightning_pwr,Storm Father,TM_ChainLightning_pwr,TM_English.xml,keyed,Storm Father,风暴神父
TM_ChainLightning_eff,Electric Atmosphere,TM_ChainLightning_eff,TM_English.xml,keyed,Electric Atmosphere,电气大气层
TM_ChainLightning_ver,Laced Lightning,TM_ChainLightning_ver,TM_English.xml,keyed,Laced Lightning,带刺闪电
TM_Enrage_pwr,Unstoppable Rage,TM_Enrage_pwr,TM_English.xml,keyed,Unstoppable Rage,不可抑制的狂怒
TM_Enrage_eff,Provocateur,TM_Enrage_eff,TM_English.xml,keyed,Provocateur,扰动者
TM_Enrage_ver,Cold Rage,TM_Enrage_ver,TM_English.xml,keyed,Cold Rage,冷酷的怒火
TM_Hex_pwr,Hexer,TM_Hex_pwr,TM_English.xml,keyed,Hexer,赎罪者
TM_Hex_eff,Incantations,TM_Hex_eff,TM_English.xml,keyed,Incantations,咒语
TM_Hex_ver,Manifest Iao,TM_Hex_ver,TM_English.xml,keyed,Manifest Iao,Iao 名单
TM_SpiritWolves_pwr,Northern Haunt,TM_SpiritWolves_pwr,TM_English.xml,keyed,Northern Haunt,北方幽灵
TM_SpiritWolves_eff,Spirit Howl,TM_SpiritWolves_eff,TM_English.xml,keyed,Spirit Howl,灵吼
TM_SpiritWolves_ver,Pack Leader,TM_SpiritWolves_ver,TM_English.xml,keyed,Pack Leader,部落领袖
TM_GuardianSpirit_pwr,Manifest Guardian,TM_GuardianSpirit_pwr,TM_English.xml,keyed,Manifest Guardian,舱内守护者
TM_GuardianSpirit_eff,Spirit Link,TM_GuardianSpirit_eff,TM_English.xml,keyed,Spirit Link,灵链
TM_GuardianSpirit_ver,Spirit Bond,TM_GuardianSpirit_ver,TM_English.xml,keyed,Spirit Bond,心灵纽带
TM_Golemancy_pwr_desc,"Increases movement speed and damage reduction of the golem.
Movement: +[10, 15, 19, 23, 26]%
DR: [5, 9, 13, 17, 20]%",TM_Golemancy_pwr_desc,TM_English.xml,keyed,Increases movement speed and damage reduction of the golem.<ALIMT >(PH_4)</ALIMT>Movement: +<ALIMT >(PH_3)</ALIMT>%<ALIMT >(PH_2)</ALIMT>DR: <ALIMT >(PH_1)</ALIMT>%,"提高傀儡的移动速度和伤害降低速率。
移动: +[10, 15, 19, 23, 26]%
灾难恢复:[5, 9, 13, 17, 20]%"
TM_Golemancy_eff_desc,"Increases the overall awareness of the golem.
Consciousness: +[10, 15, 19, 23, 26]%",TM_Golemancy_eff_desc,TM_English.xml,keyed,Increases the overall awareness of the golem.<ALIMT >(PH_2)</ALIMT>Consciousness: +<ALIMT >(PH_1)</ALIMT>%,"增加傀儡的整体意识。
意识: +[10, 15, 19, 23, 26]%"
TM_Golemancy_ver_desc,"Increases the productivity output of the golemancer.
Work Speed: +[10, 15, 19, 23, 26]%
Research Speed: +[10, 15, 19, 23, 26]%
Injury Recovery: +[50, 60, 70, 80, 90]%",TM_Golemancy_ver_desc,TM_English.xml,keyed,Increases the productivity output of the golemancer.<ALIMT >(PH_6)</ALIMT>Work Speed: +<ALIMT >(PH_5)</ALIMT>%<ALIMT >(PH_4)</ALIMT>Research Speed: +<ALIMT >(PH_3)</ALIMT>%<ALIMT >(PH_2)</ALIMT>Injury Recovery: +<ALIMT >(PH_1)</ALIMT>%,"提高魔兽的产出。
工作速度: +[10, 15, 19, 23, 26]%
研究速度: +[10, 15, 19, 23, 26]%
受伤恢复: +[50, 60, 70, 80, 90]%"
TM_RuneCarving_pwr_desc,"Increases part efficiency bonus, but also increases difficulty. Requires 2 ability points to train.
Level 0: 20% efficiency
Level 1: 22% efficiency, -5% success chance
Level 2: 24% efficiency, -10% success chance
Level 3: 25% efficiency, -15% success chance",TM_RuneCarving_pwr_desc,TM_English.xml,keyed,"Increases part efficiency bonus, but also increases difficulty. Requires 2 ability points to train.<ALIMT >(PH_4)</ALIMT>Level 0: 20% efficiency<ALIMT >(PH_3)</ALIMT>Level 1: 22% efficiency, -5% success chance<ALIMT >(PH_2)</ALIMT>Level 2: 24% efficiency, -10% success chance<ALIMT >(PH_1)</ALIMT>Level 3: 25% efficiency, -15% success chance","增加部件效率加成，但也会增加难度。需要训练 2 个能力点。
0 级: 20% 效率
等级 1: 22% 的效率，-5% 的成功率
等级 2: 24% 的效率，-10% 的成功率
等级 3: 25% 的效率，-15% 的成功率"
TM_RuneCarving_eff_desc,10% mana per skill point is returned after performing a rune engraving.,TM_RuneCarving_eff_desc,TM_English.xml,keyed,10% mana per skill point is returned after performing a rune engraving.,执行符文雕刻后，每技能点返回 10% 点法力。
TM_RuneCarving_ver_desc,Increases the chance of rune carving success by 10% per skill level.,TM_RuneCarving_ver_desc,TM_English.xml,keyed,Increases the chance of rune carving success by 10% per skill level.,每技能等级增加 10% 的符文雕刻成功几率。
TM_Branding_pwr_desc,Increases the power of each brand.,TM_Branding_pwr_desc,TM_English.xml,keyed,Increases the power of each brand.,增加每个品牌的力量。
TM_Branding_eff_desc,Reduces the mana regeneration penalty by 10% per skill level.,TM_Branding_eff_desc,TM_English.xml,keyed,Reduces the mana regeneration penalty by 10% per skill level.,每个技能等级减少 10% 的法力再生惩罚。
TM_SigilSurge_pwr_desc,Raises the cap Sigil Surge can reach when active.,TM_SigilSurge_pwr_desc,TM_English.xml,keyed,Raises the cap Sigil Surge can reach when active.,激活时可以达到的上限。
TM_SigilSurge_eff_desc,Reduces mana upkeep cost of Sigil Surge by 10% per skill point.,TM_SigilSurge_eff_desc,TM_English.xml,keyed,Reduces mana upkeep cost of Sigil Surge by 10% per skill point.,每技能点减少 10% 消耗的维持法力消耗。
TM_SigilSurge_ver_desc,Reduces the amount of pain suffered by the caster when sigil surging.,TM_SigilSurge_ver_desc,TM_English.xml,keyed,Reduces the amount of <ALIMT >pain</ALIMT> suffered by the caster when sigil surging.,减少疼痛仪式开始时遭受施术者的折磨。
TM_SigilDrain_pwr_desc,Increases the amount of brand energy absorbed by the caster for each applied brand when sigil draining.,TM_SigilDrain_pwr_desc,TM_English.xml,keyed,Increases the amount of brand energy absorbed by the caster for each applied brand when sigil draining.,增加施术者在印记耗散时为每个应用的烙印吸收的烙印能量量。
TM_SigilDrain_eff_desc,Reduces mana upkeep cost of Sigil Drain by 20% per skill point.,TM_SigilDrain_eff_desc,TM_English.xml,keyed,Reduces mana upkeep cost of Sigil Drain by 20% per skill point.,每技能点减少 20% 消耗异教徒消耗的维持法力消耗。
TM_SigilDrain_ver_desc,Reduces the amount of pain suffered by each branded pawn when sigil draining is active,TM_SigilDrain_ver_desc,TM_English.xml,keyed,Reduces the amount of <ALIMT >pain</ALIMT> suffered by each <ALIMT >branded</ALIMT> <ALIMT >(PH_1)</ALIMT> when sigil draining is active,减少疼痛每个人都遭受痛苦brandedpawnSigil 抽液处于激活状态时
TM_LivingWall_pwr_desc,Increases the damage and range of living wall's primary attack mechanism,TM_LivingWall_pwr_desc,TM_English.xml,keyed,Increases the damage and range of living wall's primary attack mechanism,增加活墙主攻机制的伤害和范围
TM_LivingWall_eff_desc,Reduces the maximum mana upkeep cost by 15% per skill level.,TM_LivingWall_eff_desc,TM_English.xml,keyed,Reduces the maximum mana upkeep cost by 15% per skill level.,每个技能等级减少 15% 的最高法力维持消耗。
TM_LivingWall_ver_desc,Each skill point increases movement speed and frequency of attacks.,TM_LivingWall_ver_desc,TM_English.xml,keyed,Each skill point increases movement speed and frequency of attacks.,每个技能点都可以增加移动速度和攻击频率。
TM_Golemancy_pwr,Frame Upgrade,TM_Golemancy_pwr,TM_English.xml,keyed,Frame Upgrade,框架升级
TM_Golemancy_eff,Controller,TM_Golemancy_eff,TM_English.xml,keyed,Controller,空管员
TM_Golemancy_ver,Mind Upgrade,TM_Golemancy_ver,TM_English.xml,keyed,Mind Upgrade,心智升级
TM_RuneCarving_pwr,Deep Mark,TM_RuneCarving_pwr,TM_English.xml,keyed,Deep Mark,深痕
TM_RuneCarving_eff,Rune Master,TM_RuneCarving_eff,TM_English.xml,keyed,Rune Master,符文大师
TM_RuneCarving_ver,Steady Hands,TM_RuneCarving_ver,TM_English.xml,keyed,Steady Hands,稳健的双手
TM_Branding_pwr,Intensity,TM_Branding_pwr,TM_English.xml,keyed,Intensity,强度
TM_Branding_eff,Brand Master,TM_Branding_eff,TM_English.xml,keyed,Brand Master,品牌大师
TM_SigilSurge_pwr,Surge Power,TM_SigilSurge_pwr,TM_English.xml,keyed,Surge Power,冲击功率
TM_SigilSurge_eff,Surge Master,TM_SigilSurge_eff,TM_English.xml,keyed,Surge Master,冲击大师
TM_SigilSurge_ver,Feedback Reduction,TM_SigilSurge_ver,TM_English.xml,keyed,Feedback Reduction,反馈减少
TM_SigilDrain_pwr,Drain Power,TM_SigilDrain_pwr,TM_English.xml,keyed,Drain Power,耗散电力
TM_SigilDrain_eff,Drain Master,TM_SigilDrain_eff,TM_English.xml,keyed,Drain Master,排水大师
TM_SigilDrain_ver,Feedback Filter,TM_SigilDrain_ver,TM_English.xml,keyed,Feedback Filter,反馈过滤器
TM_LivingWall_pwr,Unstoppable,TM_LivingWall_pwr,TM_English.xml,keyed,Unstoppable,不可阻挡
TM_LivingWall_eff,Unrelenting,TM_LivingWall_eff,TM_English.xml,keyed,Unrelenting,坚定不移
TM_LivingWall_ver,Unbreakable,TM_LivingWall_ver,TM_English.xml,keyed,Unbreakable,牢不可破
TM_Empathy_pwr_desc,"Increases the willpower of the empath, decreasing the susceptibility of succumbing to their emotions and increasing the chance to transfer positive emotions.
Mental Break Resistance: [0,5,9,12,13,15]%
Positive Vibe Chance: [5,10,15,20,25]%",TM_Empathy_pwr_desc,TM_English.xml,keyed,"Increases the willpower of the empath, decreasing the susceptibility of succumbing to their emotions and increasing the chance to transfer positive emotions.<ALIMT >(PH_4)</ALIMT>Mental Break Resistance: <ALIMT >(PH_3)</ALIMT>%<ALIMT >(PH_2)</ALIMT>Positive Vibe Chance: <ALIMT >(PH_1)</ALIMT>%","增加读心者的意志力和屈服于其情绪的易感性，并增加积极的情绪传递的机会。
精神崩溃抵抗:[0,5,9,12,13,15]%
正面共鸣几率:[5,10,15,20,25]%"
TM_Empathy_eff_desc,Increases range of empathy by 3c and frequency of emotional vibes by 2s per skill level. Default frequency is once every 21s.,TM_Empathy_eff_desc,TM_English.xml,keyed,Increases range of empathy by 3c and frequency of emotional vibes by 2s per skill level. Default frequency is once every 21s.,每技能等级增加同理心和情感频率 2 秒。默认频率为每 21 秒一次。
TM_Empathy_ver_desc,Increases spell penetration for all abilities by 10% per skill level.,TM_Empathy_ver_desc,TM_English.xml,keyed,Increases spell <ALIMT >penetration</ALIMT> for all abilities by 10% per skill level.,提升插入所有能力每项技能等级增加 10%。
TM_MindKiller_pwr_desc,"Increases maximum targets by 2 and overall strength of effects by 20% per skill level. At ranks 1+, friendly pawns will not be affected. Base target maximum is 8.",TM_MindKiller_pwr_desc,TM_English.xml,keyed,"Increases maximum targets by 2 and overall strength of effects by 20% per skill level. At ranks 1+, friendly pawns will not be affected. Base target maximum is 8.",每项技能等级将最大目标增加 2 个，总体效果强度增加 20%。在等级 1 + 下，友方 pawns 不受影响。基础目标最大值为 8。
TM_MindKiller_eff_desc,Reduces the amount of mood consumed for activation by 5% per skill level.,TM_MindKiller_eff_desc,TM_English.xml,keyed,Reduces the amount of mood consumed for activation by 5% per skill level.,每技能等级减少 5% 的心情消耗。
TM_MindKiller_ver_desc,"Increases effect radius and success chance:
Radius: [15,17,19,21]c
Chance: [50,60,70,80]%",TM_MindKiller_ver_desc,TM_English.xml,keyed,Increases effect radius and success chance:<ALIMT >(PH_4)</ALIMT>Radius: <ALIMT >(PH_3)</ALIMT>c<ALIMT >(PH_2)</ALIMT>Chance: <ALIMT >(PH_1)</ALIMT>%,"增加效果半径和成功率:
半径:[15,17,19,21]c
几率:[50,60,70,80]%"
TM_SuppressiveAura_pwr_desc,Increases duration of emotion suppression by 20% and chance to allow positive emotions by 10% per skill level.,TM_SuppressiveAura_pwr_desc,TM_English.xml,keyed,Increases duration of emotion suppression by 20% and chance to allow positive emotions by 10% per skill level.,每项技能会增加 20% 的情绪抑制时间和 10% 的成功率。
TM_SuppressiveAura_eff_desc,"Increases the radius of suppressive aura by 15% per skill level; at level 3, the effects apply to all members of a caravan.",TM_SuppressiveAura_eff_desc,TM_English.xml,keyed,"Increases the radius of suppressive aura by 15% per skill level; at level 3, the effects apply to all members of a caravan.",每技能等级增加压制性灵能半径 15%; 在等级 3 时，该效果适用于远行队的所有成员。
TM_SuppressiveAura_ver_desc,Imitates feelings of joy and comfort to transfer to affected pawns; each skill level increases the amount of joy and comfort transferred.,TM_SuppressiveAura_ver_desc,TM_English.xml,keyed,Imitates feelings of joy and comfort to transfer to affected pawns; each skill level increases the amount of joy and comfort transferred.,模拟欢愉与舒适的感觉传递给受影响的 pawns; 每个技能等级都会增加欢愉与舒适的转递量。
TM_HarvestPassion_pwr_desc,"Increases the chance of harvesting a passion by 5% once the target's joy is exhausted. Base chance is 25% every .75s. Also increases the chance to harvest additional passions (if able) by 30% per skill level, base chance 10%. The attempt will end once the casters joy is depleted.",TM_HarvestPassion_pwr_desc,TM_English.xml,keyed,"Increases the chance of harvesting a <ALIMT >passion</ALIMT> by 5% once the target's joy is exhausted. Base chance is 25% every .75s. Also increases the chance to harvest additional passions (if able) by 30% per skill level, base chance 10%. The attempt will end once the casters joy is depleted.",增加收获 a 的几率激情一旦目标的喜悦被消除，就会下降 5%。基础几率是每 0.75 秒 25%。获得额外兴趣的几率 (如果可以的话) 每项技能增加 30%，基础几率 10%。一旦施法者的喜悦耗尽，这种尝试就会结束。
TM_HarvestPassion_eff_desc,Decreases the amount of the caster's joy is drained per iteration by 20% per skill level and increases the amount of the target's joy is drained per iteration by 15% per skill level.,TM_HarvestPassion_eff_desc,TM_English.xml,keyed,Decreases the amount of the caster's joy is drained per iteration by 20% per skill level and increases the amount of the target's joy is drained per iteration by 15% per skill level.,每项技能等级减少施术者每轮迭代 20% 的愉悦感消耗，并且每项技能等级增加目标每轮迭代 15% 的愉悦感消耗。
TM_HarvestPassion_ver_desc,Increases chance to have a burst of inspiration by 1%. Base chance is 2% every in-game hour.,TM_HarvestPassion_ver_desc,TM_English.xml,keyed,Increases chance to have a burst of inspiration by 1%. Base chance is 2% every in-game hour.,获得灵感的几率增加 1%。基础几率是每个游戏小时 2%。
TM_Symbiosis_pwr_desc,"Increases consciousness of the host pawn for each skill level.
Level 0: +70%
Level 1: +100%
Level 2: +125%
Level 3: +150%
",TM_Symbiosis_pwr_desc,TM_English.xml,keyed,Increases consciousness of the host <ALIMT >(PH_6)</ALIMT> for each skill level.<ALIMT >(PH_5)</ALIMT>Level 0: +70%<ALIMT >(PH_4)</ALIMT>Level 1: +100%<ALIMT >(PH_3)</ALIMT>Level 2: +125%<ALIMT >(PH_2)</ALIMT>Level 3: +150%<ALIMT >(PH_1)</ALIMT>,"提升宿主的意识pawn对于每个技能级别。
0 级: + 70%
等级 1: + 100%
等级 2: + 125%
等级 3: + 150%
"
TM_Symbiosis_eff_desc,"Decreases mood cost to begin symbiosis by 35% and increases mood, joy, rest, and food needs by .1% per skill level every 3 seconds.",TM_Symbiosis_eff_desc,TM_English.xml,keyed,"Decreases mood cost to begin symbiosis by 35% and increases mood, joy, rest, and food needs by .1% per skill level every 3 seconds.",每 3 秒提高技能等级所需的心情消耗 (35%)，同时提高心情、快乐、休息和食物需求 (1%)。
TM_Symbiosis_ver_desc,"Increases the protective shell surrounding the host and decreases the percent of absorbed damage that is conferred to the symbiote's body.
Level 0: 25% absorbed, 100% transferred
Level 1: 30% absorbed, 80% transferred
Level 2: 35% absorbed, 60% transferred
Level 3: 40% absorbed, 50% transferred",TM_Symbiosis_ver_desc,TM_English.xml,keyed,"Increases the protective <ALIMT >shell</ALIMT> surrounding the host and decreases the percent of absorbed damage that is conferred to the symbiote's body.<ALIMT >(PH_4)</ALIMT>Level 0: 25% absorbed, 100% transferred<ALIMT >(PH_3)</ALIMT>Level 1: 30% absorbed, 80% transferred<ALIMT >(PH_2)</ALIMT>Level 2: 35% absorbed, 60% transferred<ALIMT >(PH_1)</ALIMT>Level 3: 40% absorbed, 50% transferred","提高护具贝壳围绕着宿主，并减少给予共生体身体的吸收伤害的百分比。
0 级: 吸收 25%，移送 100%
等级 1: 吸收 30%，移送 80%
等级 2: 吸收 35%，移送 60%
三级: 吸收 40%，移送 50%"
TM_Empathy_pwr,Positive Thinking,TM_Empathy_pwr,TM_English.xml,keyed,Positive Thinking,积极思考
TM_Empathy_eff,Group Therapy,TM_Empathy_eff,TM_English.xml,keyed,Group Therapy,团体治疗
TM_Empathy_ver,Open Book,TM_Empathy_ver,TM_English.xml,keyed,Open Book,打开书籍
TM_MindKiller_pwr,Suffocation,TM_MindKiller_pwr,TM_English.xml,keyed,Suffocation,有意限制对大脑的供氧，往往是为了使性觉醒。
TM_MindKiller_eff,Steely Eyed,TM_MindKiller_eff,TM_English.xml,keyed,Steely Eyed,钢眼
TM_MindKiller_ver,Storm Control,TM_MindKiller_ver,TM_English.xml,keyed,Storm Control,风暴管制
TM_SuppressiveAura_pwr,Lingering Suppression,TM_SuppressiveAura_pwr,TM_English.xml,keyed,Lingering Suppression,持续压制
TM_SuppressiveAura_eff,Immense Aura,TM_SuppressiveAura_eff,TM_English.xml,keyed,Immense Aura,巨大的灵光
TM_SuppressiveAura_ver,Blissful Lie,TM_SuppressiveAura_ver,TM_English.xml,keyed,Blissful Lie,幸福的谎言
TM_HarvestPassion_pwr,Passion Hunter,TM_HarvestPassion_pwr,TM_English.xml,keyed,<ALIMT >passion</ALIMT> Hunter,激情猎人
TM_HarvestPassion_eff,Bully,TM_HarvestPassion_eff,TM_English.xml,keyed,Bully,横行霸道的小孩
TM_HarvestPassion_ver,Despair,TM_HarvestPassion_ver,TM_English.xml,keyed,Despair,绝望
TM_Symbiosis_pwr,Awareness,TM_Symbiosis_pwr,TM_English.xml,keyed,Awareness,意识
TM_Symbiosis_eff,Commune,TM_Symbiosis_eff,TM_English.xml,keyed,Commune,公社
TM_Symbiosis_ver,Shell,TM_Symbiosis_ver,TM_English.xml,keyed,<ALIMT >shell</ALIMT>,贝壳
TM_SpiritPossession_pwr_desc,"Increases the psychic sensitivity and consciousness while in spirit form and increases the amount of energy gained through spirit tap by 10% per level:
Sensitivity: +[40%, 65%, 85%, 100%]
Consciousness: +[0%, 15%, 25%, 40%]",TM_SpiritPossession_pwr_desc,TM_English.xml,keyed,Increases the psychic sensitivity and consciousness while in spirit form and increases the amount of energy gained through spirit tap by 10% per level:<ALIMT >(PH_4)</ALIMT>Sensitivity: +<ALIMT >(PH_3)</ALIMT><ALIMT >(PH_2)</ALIMT>Consciousness: +<ALIMT >(PH_1)</ALIMT>,"提升灵质与意识的敏感度，同时提升等级，并提升 10% 的能量点数:
灵敏度: +[40%, 65%, 85%, 100%]
意识: +[0%, 15%, 25%, 40%]"
TM_SpiritPossession_eff_desc,Reduces the cost of spirit possession by 15% per skill level increases compatibility when possessing an occupied body.,TM_SpiritPossession_eff_desc,TM_English.xml,keyed,Reduces the cost of spirit <ALIMT >possession</ALIMT> by 15% per skill level increases compatibility when possessing an occupied body.,降低精神成本附身每项技能水平提高 15%，当拥有一个被占用的身体时适应性。
TM_SpiritPossession_ver_desc,Reduces the chance spirit possession is resisted by 20% and maximum spirit by 15 per skill level.,TM_SpiritPossession_ver_desc,TM_English.xml,keyed,Reduces the chance spirit <ALIMT >possession</ALIMT> is resisted by 20% and maximum spirit by 15 per skill level.,降低精神几率附身每个技能等级分别被 20% 和最高灵抵抗 15 次。
TM_SpiritDrain_pwr_desc,Increases the amount of spirit drain applied to enemies while reducing the amount applied to allies by 15% per skill level.,TM_SpiritDrain_pwr_desc,TM_English.xml,keyed,Increases the amount of spirit drain applied to enemies while reducing the amount applied to allies by 15% per skill level.,增加应用于敌人的精神流失量，同时每技能等级减少应用于盟友的精神流失量 15%。
TM_SpiritDrain_eff_desc,Increases the amount of spirit energy gained from any source by 10% per skill level.,TM_SpiritDrain_eff_desc,TM_English.xml,keyed,Increases the amount of spirit energy gained from any source by 10% per skill level.,每项技能级别增加从任何来源获得的灵质能量 10%。
TM_SpiritDrain_ver_desc,Decreases the duration of spirit drain by 15% per skill level; the amount of spirit drain applied and spirit energy absorbed remains the same.,TM_SpiritDrain_ver_desc,TM_English.xml,keyed,Decreases the duration of spirit drain by 15% per skill level; the amount of spirit drain applied and spirit energy absorbed remains the same.,每技能等级减少 15% 的灵质流失持续时间，消耗的灵质和被消耗的灵质基本没有变化。
TM_DistortSpirit_pwr_desc,Increases the amount of damage a distorted pawn takes by 5% per skill level.,TM_DistortSpirit_pwr_desc,TM_English.xml,keyed,Increases the amount of damage a distorted <ALIMT >(PH_1)</ALIMT> takes by 5% per skill level.,增加扭曲造成的伤害值pawn每项技能需要 5% 的消耗。
TM_DistortSpirit_eff_desc,Reduces the spirit energy needed to cast spirit distortion by 10% and increases the maximum number of targets affected by 1 per skill level. Base maximum is 5 targets.,TM_DistortSpirit_eff_desc,TM_English.xml,keyed,Reduces the spirit energy needed to cast spirit distortion by 10% and increases the maximum number of targets affected by 1 per skill level. Base maximum is 5 targets.,将施展精神畸变所需的灵能降低 10%，并提高每个技能级别 1 个受影响的最大目标数。基地最多 5 个目标。
TM_DistortSpirit_ver_desc,"Spirit Distortion also applies a small amount of spirit drain at skill level 1. At skill level 2 and 3, the amount of spirit drain increases and caster will absorb the spirit energy. This skill costs 2 points to train.",TM_DistortSpirit_ver_desc,TM_English.xml,keyed,"Spirit Distortion also applies a small amount of spirit drain at skill level 1. At skill level 2 and 3, the amount of spirit drain increases and caster will absorb the spirit energy. This skill costs 2 points to train.",「扭曲」也会在技能等级 1 时产生少量的灵质流失，在技能等级 2 和 3 时，灵质流失的数量会增加，施术者会吸收灵质的能量。此技能需要训练 2 点。
TM_SummonSpiritAnimalMass_pwr_desc,Summoned spirit animals gain increased enhancements for each skill level.,TM_SummonSpiritAnimalMass_pwr_desc,TM_English.xml,keyed,Summoned spirit animals gain increased enhancements for each skill level.,被召唤的灵兽在每个技能级别上获得更多增强功能。
TM_SummonSpiritAnimalMass_eff_desc,Reduces the spirit energy required by 10% per skill level.,TM_SummonSpiritAnimalMass_eff_desc,TM_English.xml,keyed,Reduces the spirit energy required by 10% per skill level.,每个技能等级减少 10% 所需的灵质。
TM_SummonSpiritAnimalMass_ver_desc,Increases the duration of spirit animals by 5s per skill level. Base duration 20s.,TM_SummonSpiritAnimalMass_ver_desc,TM_English.xml,keyed,Increases the duration of spirit animals by 5s per skill level. Base duration 20s.,每技能等级增加灵兽的持续时间 5 s。基础持续时间 20 秒。
TM_SpiritRally_pwr_desc,Increases the maximum number of spirit allies summoned by 2 per skill level and reduces the summoning penalties. Base maximum 7.,TM_SpiritRally_pwr_desc,TM_English.xml,keyed,Increases the maximum number of spirit allies summoned by 2 per skill level and reduces the summoning penalties. Base maximum 7.,增加每个技能级别召唤的最大灵敌数量 2，并降低召唤惩罚。基地最大值 7。
TM_SpiritRally_eff_desc,Reduces spirit energy cost by 12% per skill level.,TM_SpiritRally_eff_desc,TM_English.xml,keyed,Reduces spirit energy cost by 12% per skill level.,每级技能消耗提升 12%。
TM_SpiritRally_ver_desc,"Increases the radius and duration of spirit rally:
Level 0: 8c, 15s
Level 1: 10c, 18s
Level 2: 12c, 21s
Level 3: 14c, 24s",TM_SpiritRally_ver_desc,TM_English.xml,keyed,"Increases the radius and duration of spirit rally:<ALIMT >(PH_4)</ALIMT>Level 0: 8c, 15s<ALIMT >(PH_3)</ALIMT>Level 1: 10c, 18s<ALIMT >(PH_2)</ALIMT>Level 2: 12c, 21s<ALIMT >(PH_1)</ALIMT>Level 3: 14c, 24s","增加精神拉力赛的半径和持续时间:
0 级: 8c，15 s
一级: 10c，18 s
等级 2: 12c，21 s
等级 3: 14c，24 s"
TM_SpiritStorm_pwr_desc,Increases the damage dealt by spirit storm by 12% per skill level.,TM_SpiritStorm_pwr_desc,TM_English.xml,keyed,Increases the damage dealt by spirit storm by 12% per skill level.,增加精神风暴对每个技能等级造成的伤害 12% 点。
TM_SpiritStorm_eff_desc,Reduces the spirit energy cost to create a spirit storm by 10% per skill level.,TM_SpiritStorm_eff_desc,TM_English.xml,keyed,Reduces the spirit energy cost to create a spirit storm by 10% per skill level.,创建精神风暴所需的灵能消耗降低 10%。
TM_SpiritStorm_ver_desc,Increases the radius of spirit storm by 1c per skill level. Base radius 4c.,TM_SpiritStorm_ver_desc,TM_English.xml,keyed,Increases the radius of spirit storm by 1c per skill level. Base radius 4c.,每技能等级增加 1c 的精神风暴半径。基础半径 4c。
TM_SpiritPossession_pwr,Spirit Power,TM_SpiritPossession_pwr,TM_English.xml,keyed,Spirit Power,灵能
TM_SpiritPossession_eff,Spirit Control,TM_SpiritPossession_eff,TM_English.xml,keyed,Spirit Control,精神控制
TM_SpiritPossession_ver,Spirit Manipulation,TM_SpiritPossession_ver,TM_English.xml,keyed,Spirit Manipulation,灵质操作
TM_SpiritDrain_pwr,Damage Control,TM_SpiritDrain_pwr,TM_English.xml,keyed,Damage Control,伤害控制
TM_SpiritDrain_eff,Clean Energy,TM_SpiritDrain_eff,TM_English.xml,keyed,Clean Energy,清洁能源
TM_SpiritDrain_ver,Rapid Absorption,TM_SpiritDrain_ver,TM_English.xml,keyed,Rapid Absorption,快速吸收
TM_DistortSpirit_pwr,Intensity,TM_DistortSpirit_pwr,TM_English.xml,keyed,Intensity,强度
TM_DistortSpirit_eff,Administration,TM_DistortSpirit_eff,TM_English.xml,keyed,Administration,管理
TM_DistortSpirit_ver,Spirit Lacerations,TM_DistortSpirit_ver,TM_English.xml,keyed,Spirit Lacerations,精神伤口
TM_SummonSpiritAnimalMass_pwr,Manifestation,TM_SummonSpiritAnimalMass_pwr,TM_English.xml,keyed,Manifestation,表现
TM_SummonSpiritAnimalMass_eff,Kindred,TM_SummonSpiritAnimalMass_eff,TM_English.xml,keyed,Kindred,家族成员
TM_SummonSpiritAnimalMass_ver,Harmony,TM_SummonSpiritAnimalMass_ver,TM_English.xml,keyed,Harmony,荣耀
TM_SpiritRally_pwr,Spirit Army,TM_SpiritRally_pwr,TM_English.xml,keyed,Spirit Army,灵灵军
TM_SpiritRally_eff,Collective,TM_SpiritRally_eff,TM_English.xml,keyed,Collective,集体
TM_SpiritRally_ver,Influence,TM_SpiritRally_ver,TM_English.xml,keyed,Influence,影响
TM_SpiritStorm_pwr,Spirit Frenzy,TM_SpiritStorm_pwr,TM_English.xml,keyed,Spirit Frenzy,精神狂热
TM_SpiritStorm_eff,Empathy,TM_SpiritStorm_eff,TM_English.xml,keyed,Empathy,同理心
TM_SpiritStorm_ver,Sea of Sorrow,TM_SpiritStorm_ver,TM_English.xml,keyed,Sea of Sorrow,悲伤之海
TM_WayfarerCraft_pwr_desc,"Each skill point:
Ability power: +1%
Ability resistance: +2%",TM_WayfarerCraft_pwr_desc,TM_English.xml,keyed,Each skill point:<ALIMT >(PH_2)</ALIMT>Ability power: +1%<ALIMT >(PH_1)</ALIMT>Ability resistance: +2%,"每个技能点:
能力力量: + 1%
能力抵抗: + 2%"
TM_WayfarerCraft_eff_desc,"Each skill point:
Ability cost: -1%
XP gain: +2%",TM_WayfarerCraft_eff_desc,TM_English.xml,keyed,Each skill point:<ALIMT >(PH_2)</ALIMT>Ability cost: -1%<ALIMT >(PH_1)</ALIMT>XP gain: +2%,"每个技能点:
能力消耗:-1%
经验增益: + 2%"
TM_WayfarerCraft_ver_desc,"Each skill point:
Ability cooldown: -1%
Stamina regeneration: +1%
Max SP: +2%",TM_WayfarerCraft_ver_desc,TM_English.xml,keyed,Each skill point:<ALIMT >(PH_3)</ALIMT>Ability cooldown: -1%<ALIMT >(PH_2)</ALIMT>Stamina regeneration: +1%<ALIMT >(PH_1)</ALIMT>Max SP: +2%,"每个技能点:
能力冷却时间:-1%
耐力再生: + 1%
最高速度: + 2%"
TM_FieldTraining_pwr_desc,"Adds additional power to combat abilities:
Level 1: Heavy Blow increases damage by 25%
Level 2: Pommel Strike chance to down an enemy is doubled (non-lethal)
Level 3: Throwing Knife applies an instant sedative to prisoners or poison to hostile pawns
Level 4: Burning Fury intensity is increased by 50%
Level 5: Sprint increases movement by 40%
Level 6: Heavy Blow increases damage by 27.5%
Level 7: Fighters Focus has a 20% chance to disarm a target during a successful melee attack
Level 8: Tempest Strike gains a 20% damage bonus
Level 9: Increases power of Legion to level 1
Level 10: Sprint increases movement by 50%
Level 11: Heavy Blow increases damage by 30%
Level 12: Throwing Knife throws 3 knives instead of one
Level 13: Increases power of Legion to Level 2
Level 14: Burning Fury intensity is increased by 100%
Level 15: Sprint increases movement by 60%",TM_FieldTraining_pwr_desc,TM_English.xml,keyed,Adds additional power to combat abilities:<ALIMT >(PH_15)</ALIMT>Level 1: Heavy Blow increases damage by 25%<ALIMT >(PH_14)</ALIMT>Level 2: Pommel Strike chance to down an enemy is doubled (non-lethal)<ALIMT >(PH_13)</ALIMT>Level 3: Throwing Knife applies an <ALIMT >instant</ALIMT> sedative to prisoners or poison to hostile pawns<ALIMT >(PH_12)</ALIMT>Level 4: Burning Fury intensity is increased by 50%<ALIMT >(PH_11)</ALIMT>Level 5: Sprint increases movement by 40%<ALIMT >(PH_10)</ALIMT>Level 6: Heavy Blow increases damage by 27.5%<ALIMT >(PH_9)</ALIMT>Level 7: Fighters Focus has a 20% chance to disarm a target during a successful melee attack<ALIMT >(PH_8)</ALIMT>Level 8: Tempest Strike gains a 20% damage bonus<ALIMT >(PH_7)</ALIMT>Level 9: Increases power of Legion to level 1<ALIMT >(PH_6)</ALIMT>Level 10: Sprint increases movement by 50%<ALIMT >(PH_5)</ALIMT>Level 11: Heavy Blow increases damage by 30%<ALIMT >(PH_4)</ALIMT>Level 12: Throwing Knife throws 3 knives instead of one<ALIMT >(PH_3)</ALIMT>Level 13: Increases power of Legion to Level 2<ALIMT >(PH_2)</ALIMT>Level 14: Burning Fury intensity is increased by 100%<ALIMT >(PH_1)</ALIMT>Level 15: Sprint increases movement by 60%,"增加额外的战斗能力:
等级 1: 重击会增加 25% 的伤害
等级 2: 点头攻击击倒敌人的几率加倍 (非致命)
等级 3: 投掷刀使用瞬间囚犯需要镇静剂，敌人需要毒药。
等级 4: 灼烧火怒强度增加 50%
等级 5: Sprint 增加 40% 的移动能力
等级 6: 重击会增加 27.5% 的伤害
等级 7: 战机灵媒在成功的近战攻击中有 20% 的几率解除目标的武装
等级 8: 暴风雨加成获得 20% 的伤害加成
等级 9: 将军团力量提升至等级 1
等级 10: Sprint 增加 50% 的移动能力
11 级: 重击会伤害增加 30%
等级 12: 投掷刀投掷 3 刀而不是 1 刀
等级 13: 将军团力量提升至等级 2
14 级: 灼烧火怒强度增加 100%
15 级: Sprint 增加 60% 的移动能力"
TM_FieldTraining_eff_desc,"Decrease max SP upkeep costs by 3% and energy regeneration penalties by 3% per skill point.
Level 15: Wayfarer gains mana and can learn mage cantrips.",TM_FieldTraining_eff_desc,TM_English.xml,keyed,Decrease max SP upkeep costs by 3% and energy regeneration penalties by 3% per skill point.<ALIMT >(PH_1)</ALIMT>Level 15: Wayfarer gains mana and can learn mage cantrips.,"每技能点降低最大 SP 维护成本 3%，能量再生惩罚 3%。
等级 15: 旅行者获得法力加成，可以在游戏中使用技能和技能。"
TM_FieldTraining_ver_desc,"Adds additional utility or versatility to combat abilities:
Level 1: Fighters Focus reduces rest loss by 20%
Level 2: Thick Skin increases resistances by 12%
Level 3: Strong Back increases mining speed by 20%
Level 4: Inner Healing recovery rate increased by 65%
Level 5: Gear Repair will remove tainted from fully repaired equipment
Level 6: Gain access to the Legion ability
Level 7: Thick Skin increases resistances by 14%
Level 8: Strong Back increases construction speed by 20%
Level 9: Increases versatility of Legion to level 1
Level 10: When gear repair is active, a wayfarer will repair the gear of other pawns during casual interaction
Level 11: Inner healing will slowly heal scars and other permanent injuries
Level 12: Thick Skin increases resistances by 15% and grows barbs that can injure a melee attacker
Level 13: Increases versatility of Legion to level 2
Level 14: Burning Fury stamina consumption is reduced by 35%
Level 15: Tempest strike consumes 25% less stamina per attack",TM_FieldTraining_ver_desc,TM_English.xml,keyed,"Adds additional utility or versatility to combat abilities:<ALIMT >(PH_15)</ALIMT>Level 1: Fighters Focus reduces rest loss by 20%<ALIMT >(PH_14)</ALIMT>Level 2: Thick Skin increases resistances by 12%<ALIMT >(PH_13)</ALIMT>Level 3: Strong Back increases mining speed by 20%<ALIMT >(PH_12)</ALIMT>Level 4: Inner Healing recovery rate increased by 65%<ALIMT >(PH_11)</ALIMT>Level 5: Gear Repair will remove tainted from fully repaired equipment<ALIMT >(PH_10)</ALIMT>Level 6: Gain access to the Legion ability<ALIMT >(PH_9)</ALIMT>Level 7: Thick Skin increases resistances by 14%<ALIMT >(PH_8)</ALIMT>Level 8: Strong Back increases construction speed by 20%<ALIMT >(PH_7)</ALIMT>Level 9: Increases versatility of Legion to level 1<ALIMT >(PH_6)</ALIMT>Level 10: When gear repair is active, a wayfarer will repair the gear of other pawns during casual interaction<ALIMT >(PH_5)</ALIMT>Level 11: Inner healing will slowly heal scars and other permanent injuries<ALIMT >(PH_4)</ALIMT>Level 12: Thick Skin increases resistances by 15% and grows barbs that can injure a melee attacker<ALIMT >(PH_3)</ALIMT>Level 13: Increases versatility of Legion to level 2<ALIMT >(PH_2)</ALIMT>Level 14: Burning Fury stamina consumption is reduced by 35%<ALIMT >(PH_1)</ALIMT>Level 15: Tempest strike consumes 25% less stamina per attack","增加额外的战斗能力或多功能性:
等级 1: 战机专注力提升 20%
等级 2: 厚厚的皮肤会增加 12% 的抗性
等级 3: 强壮背增加采矿速度 20%
等级 4: 内创恢复速度提高 65%
等级 5: 齿轮修理将从完全修理的设备上移除已污染
等级 6: 获得进入军团的能力
等级 7: 厚厚的皮肤会增加 14% 的抵抗力
等级 8: 强壮背部，提高建造速度 20%
等级 9: 将军团的多功能性提升至等级 1
等级 10: 当齿轮修理激活时，一名旅行者会在偶尔的互动中修理其他 pawns 的齿轮
等级 11: 内部伤口会慢慢治愈疤痕和其他永久性伤害
12 级: 厚厚的皮肤会提高抵抗能力 15%，并且会长出会伤害近战攻击者的钩刺
等级 13: 将军团的多功能性提升至 2 级
14 级: 灼烧火怒耐力消耗减少 35%
等级 15: 暴风雨来袭每击少消耗 25% 的耐力"
TM_WayfarerCraft_pwr,Enhancement,TM_WayfarerCraft_pwr,TM_English.xml,keyed,Enhancement,强化
TM_WayfarerCraft_eff,Mastermind,TM_WayfarerCraft_eff,TM_English.xml,keyed,Mastermind,策划
TM_WayfarerCraft_ver,Endurance,TM_WayfarerCraft_ver,TM_English.xml,keyed,Endurance,耐久度
TM_FieldTraining_pwr,Lethality,TM_FieldTraining_pwr,TM_English.xml,keyed,Lethality,致命性
TM_FieldTraining_eff,Balance,TM_FieldTraining_eff,TM_English.xml,keyed,Balance,平衡
TM_FieldTraining_ver,Survival,TM_FieldTraining_ver,TM_English.xml,keyed,Survival,生存能力
TM_Sprint_eff_desc,Reduces the stamina cost required to sustain Sprint by 4.5 stamina per skill level.,TM_Sprint_eff_desc,TM_English.xml,keyed,Reduces the stamina cost required to sustain Sprint by 4.5 stamina per skill level.,降低每个技能等级维持冲锋所需的耐力消耗 4.5 点。
TM_Sprint_pwr_desc,"Increases the speed of sprint but also increases physical drain.
Level 0: speed +30%, tiredness +40%
Level 1: speed +40%, tiredness +45%
Level 2: speed +50%, tiredness +50%
Level 3: speed +60%, tiredness +55%",TM_Sprint_pwr_desc,TM_English.xml,keyed,"Increases the speed of sprint but also increases physical drain.<ALIMT >(PH_4)</ALIMT>Level 0: speed +30%, tiredness +40%<ALIMT >(PH_3)</ALIMT>Level 1: speed +40%, tiredness +45%<ALIMT >(PH_2)</ALIMT>Level 2: speed +50%, tiredness +50%<ALIMT >(PH_1)</ALIMT>Level 3: speed +60%, tiredness +55%","提高 sprint 的速度，但也会增加体能消耗。
0 级: 速度 + 30%，疲劳度 + 40%
等级 1: 速度 + 40%，疲劳度 + 45%
等级 2: 速度 + 50%，疲劳度 + 50%
三级: 速度 + 60%，疲劳度 + 55%"
TM_Fortitude_pwr_desc,Increases the amount of damage mitigation by 1 per skill level.,TM_Fortitude_pwr_desc,TM_English.xml,keyed,Increases the amount of damage mitigation by 1 per skill level.,每技能等级增加 1 个伤害的减轻量。
TM_Fortitude_ver_desc,"Increases damage to stamina conversion by .5 stamina per damage for each level.
Conversion occurs pre-mitigation.
Base conversion rate is 1 stamina gain for 1 damage taken.",TM_Fortitude_ver_desc,TM_English.xml,keyed,Increases damage to stamina conversion by .5 stamina per damage for each level.<ALIMT >(PH_2)</ALIMT>Conversion occurs pre-mitigation.<ALIMT >(PH_1)</ALIMT>Base conversion rate is 1 stamina gain for 1 damage taken.,"每一级点的伤害对耐力折中率增加 0.5 点耐力。
教化发生预缓解。
基础转化率为 1 点伤害获得 1 点耐力增益。"
TM_Grapple_eff_desc,Decreases stamina cost of Grapple by 10% per level of base stamina cost.,TM_Grapple_eff_desc,TM_English.xml,keyed,Decreases stamina cost of Grapple by 10% per level of base stamina cost.,每提升一个基础耐力值，可以减少 10% 的耐力值消耗。
TM_Cleave_eff_desc,Decreases stamina Cleave consumes when it triggers by 10% of base stamina cost.,TM_Cleave_eff_desc,TM_English.xml,keyed,Decreases stamina Cleave consumes when it triggers by 10% of base stamina cost.,降低基础耐久消耗的 10%。
TM_Cleave_pwr_desc,"Cleave hits enemies near the target based on a percentage of the original damage done to the target.
Level 0: 35%
Level 1: 40%
Level 2: 45%
Level 3: 50%",TM_Cleave_pwr_desc,TM_English.xml,keyed,Cleave hits enemies near the target based on a percentage of the original damage done to the target.<ALIMT >(PH_4)</ALIMT>Level 0: 35%<ALIMT >(PH_3)</ALIMT>Level 1: 40%<ALIMT >(PH_2)</ALIMT>Level 2: 45%<ALIMT >(PH_1)</ALIMT>Level 3: 50%,"基于对目标造成的原始伤害的百分比，裂解击命中目标附近的敌人。
0 级: 35%
一级: 40%
等级 2: 45%
三级: 50%"
TM_Cleave_ver_desc,"Increases chance for cleave to double-strike by 15% per level.
Base chance is 0%.",TM_Cleave_ver_desc,TM_English.xml,keyed,Increases chance for cleave to double-strike by 15% per level.<ALIMT >(PH_1)</ALIMT>Base chance is 0%.,"每一关增加缝击双倍击的几率 15%。
基础几率是 0%。"
TM_Whirlwind_pwr_desc,Increases Whirlwind damage by 10% per skill level.,TM_Whirlwind_pwr_desc,TM_English.xml,keyed,Increases Whirlwind damage by 10% per skill level.,每技能等级增加 10% 的旋风伤害。
TM_Whirlwind_eff_desc,Decreases stamina cost of Whirlwind by 15% of base cost per skill level.,TM_Whirlwind_eff_desc,TM_English.xml,keyed,Decreases stamina cost of Whirlwind by 15% of base cost per skill level.,每级技能会降低 15% 的耐久值消耗。
TM_Whirlwind_ver_desc,"Adds a chance to knockdown enemies by 5% (per hit) for each skill level.
Base chance is 0%.",TM_Whirlwind_ver_desc,TM_English.xml,keyed,Adds a chance to knockdown enemies by 5% (per hit) for each skill level.<ALIMT >(PH_1)</ALIMT>Base chance is 0%.,"每个技能级别增加 5% 的击倒几率 (每击一次)。
基础几率是 0%。"
TM_Sprint_eff,Sprint Efficiency,TM_Sprint_eff,TM_English.xml,keyed,Sprint Efficiency,冲刺效率
TM_Sprint_pwr,Sprint Power,TM_Sprint_pwr,TM_English.xml,keyed,Sprint Power,Sprint 能力
TM_Fortitude_pwr,Fortitude Power,TM_Fortitude_pwr,TM_English.xml,keyed,Fortitude Power,坚韧的力量
TM_Fortitude_ver,Fortitude Versatility,TM_Fortitude_ver,TM_English.xml,keyed,Fortitude Versatility,坚韧多才多艺
TM_Grapple_eff,Grapple Efficiency,TM_Grapple_eff,TM_English.xml,keyed,Grapple Efficiency,格斗效率
TM_Cleave_pwr,Cleave Power,TM_Cleave_pwr,TM_English.xml,keyed,Cleave Power,裂解电源
TM_Cleave_eff,Cleave Efficiency,TM_Cleave_eff,TM_English.xml,keyed,Cleave Efficiency,裂解效率
TM_Cleave_ver,Cleave Versatility,TM_Cleave_ver,TM_English.xml,keyed,Cleave Versatility,裂解多功能
TM_Whirlwind_pwr,Whirlwind Power,TM_Whirlwind_pwr,TM_English.xml,keyed,Whirlwind Power,旋风式电源
TM_Whirlwind_eff,Whirlwind Efficiency,TM_Whirlwind_eff,TM_English.xml,keyed,Whirlwind Efficiency,旋风式效率
TM_Whirlwind_ver,Whirlwind Versatility,TM_Whirlwind_ver,TM_English.xml,keyed,Whirlwind Versatility,旋风式多功能
TM_SniperFocus_pwr_desc,"Advances training as a Sniper. Each level requires 2 skill points to train.
Level 0: Accuracy +3, Aiming delay -10%, Movement +10%
Level 1: Accuracy +7, Aiming delay -15%, Movement +15%
Level 2: Accuracy +11, Aiming delay -22%, Movement +20%
Level 3: Accuracy +15, Aiming delay -30%, Movement +25%",TM_SniperFocus_pwr_desc,TM_English.xml,keyed,"Advances training as a Sniper. Each level requires 2 skill points to train.<ALIMT >(PH_4)</ALIMT>Level 0: Accuracy +3, Aiming delay -10%, Movement +10%<ALIMT >(PH_3)</ALIMT>Level 1: Accuracy +7, Aiming delay -15%, Movement +15%<ALIMT >(PH_2)</ALIMT>Level 2: Accuracy +11, Aiming delay -22%, Movement +20%<ALIMT >(PH_1)</ALIMT>Level 3: Accuracy +15, Aiming delay -30%, Movement +25%","推进狙击手训练。每个级别需要训练 2 个技能点数。
等级 0: 精度 + 3，瞄准延迟-10%，移动 + 10%
等级 1: 精度 + 7，瞄准延迟-15%，移动 + 15%
等级 2: 精度 + 11，瞄准延迟-22%，移动 + 20%
等级 3: 精度 + 15，瞄准延迟-30%，移动 + 25%"
TM_DisablingShot_eff_desc,Decreases the stamina cost of Disabling Shot by 10% per skill level.,TM_DisablingShot_eff_desc,TM_English.xml,keyed,Decreases the stamina cost of Disabling Shot by 10% per skill level.,降低每个技能等级 10% 的禁用射击的耐力消耗。
TM_DisablingShot_ver_desc,"Disabling rounds now double as a tranquilizer by include fast acting sedatives that significantly slow movement speed after the target recovers from the shot. Through trial and error and research (mostly trial and error) the sniper learns the right dose for this sedative.
Level 0: No sedative
Level 1: 10-15s (weak)
Level 2: 20-25s (moderate)
Level 3: 30-45s (strong)",TM_DisablingShot_ver_desc,TM_English.xml,keyed,Disabling rounds now double as a tranquilizer by include fast acting sedatives that significantly slow movement speed after the target recovers from the shot. Through trial and error and research (mostly trial and error) the sniper learns the right dose for this sedative.<ALIMT >(PH_4)</ALIMT>Level 0: No sedative<ALIMT >(PH_3)</ALIMT>Level 1: 10-15s (weak)<ALIMT >(PH_2)</ALIMT>Level 2: 20-25s (moderate)<ALIMT >(PH_1)</ALIMT>Level 3: 30-45s (strong),"每发两倍镇静剂的禁用子弹，包括在目标从射击中恢复后显著减慢移动速度的速效镇静剂。通过试错和研究 (主要是试错)，狙击手知道了这种镇静剂的正确剂量。
等级 0: 没有镇静剂
等级 1: 10-15 秒 (弱)
等级 2: 20-25 秒 (中)
三级: 30-45 秒 (强)"
TM_Headshot_pwr_desc,"Improved ammo increases the velocity of rounds, resulting in greater likelihood of destroying a vital organ. Headshot gains 10% damage per skill point.",TM_Headshot_pwr_desc,TM_English.xml,keyed,"Improved ammo increases the velocity of rounds, resulting in greater likelihood of destroying a vital organ. Headshot gains 10% damage per skill point.",改进的弹药增加了子弹的速度，从而提高了摧毁重要器官的可能性。爆头每技能点可获得 10% 的伤害。
TM_Headshot_eff_desc,Decreases stamina cost of Headshot by 10% of base cost per skill level.,TM_Headshot_eff_desc,TM_English.xml,keyed,Decreases stamina cost of Headshot by 10% of base cost per skill level.,提高每项技能水平对头部攻击的能力消耗 10%。
TM_Headshot_ver_desc,"The sniper gains a burst of adrenaline that restores some stamina each time headshot kills a target.
Level 0: None
Level 1: 10% stamina restored
Level 2: 20% stamina restored
Level 3: 30% stamina restored",TM_Headshot_ver_desc,TM_English.xml,keyed,The sniper gains a burst of adrenaline that restores some stamina each time headshot kills a target.<ALIMT >(PH_4)</ALIMT>Level 0: None<ALIMT >(PH_3)</ALIMT>Level 1: 10% stamina restored<ALIMT >(PH_2)</ALIMT>Level 2: 20% stamina restored<ALIMT >(PH_1)</ALIMT>Level 3: 30% stamina restored,"狙击手会获得肾上腺素的爆发，每次爆头杀死目标时都会恢复一些耐力。
等级 0: 无
等级 1: 恢复 10% 点耐力
等级 2: 恢复耐力 20%
3 级: 恢复 30% 点耐力"
TM_AntiArmor_pwr_desc,"Improves the nanites used in Anti Armor rounds, increasing damage to armored targets by an additional 50% per skill point.",TM_AntiArmor_pwr_desc,TM_English.xml,keyed,"Improves the nanites used in Anti Armor rounds, increasing damage to armored targets by an additional 50% per skill point.",改进了纳米粒子在反装甲炮弹中的使用，每技能点额外增加 50% 的伤害。
TM_AntiArmor_eff_desc,Decreases stamina cost of Anti Armor by 10% of base cost per skill level.,TM_AntiArmor_eff_desc,TM_English.xml,keyed,Decreases stamina cost of Anti Armor by 10% of base cost per skill level.,反装甲每级技能消耗降低 10%
TM_AntiArmor_ver_desc,Increases the number and power of fragments caused by explosive rounds. Rounds do not explode if the target is not armored.,TM_AntiArmor_ver_desc,TM_English.xml,keyed,Increases the number and power of fragments caused by explosive rounds. Rounds do not explode if the target is not armored.,增加爆炸炮弹产生的碎片数量和威力。如果目标没有装备装甲，炮弹不会爆炸。
TM_ShadowSlayer_pwr_desc,Increases the damage each shot deals by 2 per skill level while invisibility is active.,TM_ShadowSlayer_pwr_desc,TM_English.xml,keyed,Increases the damage each shot deals by 2 per skill level while invisibility is active.,在隐身激活时，每击伤害增加 2 点/技能伤害。
TM_ShadowSlayer_eff_desc,Decreases stamina cost to activate the shadow slayer cloak by 6% per skill level.,TM_ShadowSlayer_eff_desc,TM_English.xml,keyed,Decreases stamina cost to activate the shadow slayer cloak by 6% per skill level.,降低每项技能需要消耗的耐力值，以激活 6% 的阴影杀手披风。
TM_ShadowSlayer_ver_desc,Increases duration of the shadow slayer cloaking field by 3 seconds per skill level. 40s default duration.,TM_ShadowSlayer_ver_desc,TM_English.xml,keyed,Increases duration of the shadow slayer cloaking field by 3 seconds per skill level. 40s default duration.,每个技能等级增加 3 秒阴影杀手掩体场的持续时间。40 秒默认时长。
TM_SniperFocus_pwr,Sniper Training,TM_SniperFocus_pwr,TM_English.xml,keyed,Sniper Training,狙击手训练
TM_DisablingShot_eff,Stamina Cost,TM_DisablingShot_eff,TM_English.xml,keyed,Stamina Cost,耐久度消耗
TM_DisablingShot_ver,Sedative Potency,TM_DisablingShot_ver,TM_English.xml,keyed,Sedative Potency,镇静效果
TM_Headshot_pwr,Improved Ammo,TM_Headshot_pwr,TM_English.xml,keyed,Improved Ammo,改进的弹药
TM_Headshot_eff,Stamina Cost,TM_Headshot_eff,TM_English.xml,keyed,Stamina Cost,耐久度消耗
TM_Headshot_ver,Adrenaline,TM_Headshot_ver,TM_English.xml,keyed,Adrenaline,肾上腺素
TM_AntiArmor_pwr,Nanites,TM_AntiArmor_pwr,TM_English.xml,keyed,Nanites,纳米机械
TM_AntiArmor_eff,Stamina Cost,TM_AntiArmor_eff,TM_English.xml,keyed,Stamina Cost,耐久度消耗
TM_AntiArmor_ver,Explosive Rounds,TM_AntiArmor_ver,TM_English.xml,keyed,Explosive Rounds,爆炸物
TM_ShadowSlayer_pwr,Stealth Advantage,TM_ShadowSlayer_pwr,TM_English.xml,keyed,Stealth Advantage,隐蔽优势
TM_ShadowSlayer_eff,Prediction Caching,TM_ShadowSlayer_eff,TM_English.xml,keyed,Prediction Caching,预测缓存
TM_ShadowSlayer_ver,Software Upgrade,TM_ShadowSlayer_ver,TM_English.xml,keyed,Software Upgrade,软件升级
TM_BladeFocus_pwr_desc,"Advances training as a bladedancer. Each level requires 2 skill points to train and upgrades the class trait.
Level 0: Melee Hit Chance +3, Movement +0.15, Mental Break Threshold -3%
Level 1: Melee Hit Chance +6, Movement +0.20, Mental Break Threshold -5%
Level 2: Melee Hit Chance +10, Movement +0.30, Mental Break Threshold -8%, Pain Threshold +5%
Level 3: Melee Hit Chance +15, Movement +0.40, Mental Break Threshold -10%, Pain Threshold +10%",TM_BladeFocus_pwr_desc,TM_English.xml,keyed,"Advances training as a bladedancer. Each level requires 2 skill points to train and upgrades the <ALIMT >class</ALIMT> trait.<ALIMT >(PH_4)</ALIMT>Level 0: Melee Hit Chance +3, Movement +0.15, Mental Break Threshold -3%<ALIMT >(PH_3)</ALIMT>Level 1: Melee Hit Chance +6, Movement +0.20, Mental Break Threshold -5%<ALIMT >(PH_2)</ALIMT>Level 2: Melee Hit Chance +10, Movement +0.30, Mental Break Threshold -8%, <ALIMT >pain</ALIMT> Threshold +5%<ALIMT >(PH_1)</ALIMT>Level 3: Melee Hit Chance +15, Movement +0.40, Mental Break Threshold -10%, <ALIMT >pain</ALIMT> Threshold +10%","提高刀刃舞者的技能训练进度。每个级别需要 2 个技能点数来训练和升级班级特性。
等级 0: 近战命中率 + 3，机动性 + 0.15，精神崩溃临界值-3%
等级 1: 近战命中率 + 6，机动性 + 0.20，精神崩溃临界值-5%
等级 2: 近战命中率 + 10，机动性 + 0.30，精神崩溃临界值-8%,疼痛临界值 + 5%
等级 3: 近战命中率 + 15，机动性 + 0.40，精神崩溃临界值-10%,疼痛临界值 + 10%"
TM_BladeArt_pwr_desc,"Improves mastery over the body.  Each level requires 2 skill points to train.
Level 0: Movement +10%, Manipulation +10%
Level 1: Movement +15%, Manipulation +15%
Level 2: Movement +20%, Manipulation +20%, Breathing +10%
Level 3: Movement +25%, Manipulation +25%, Breathing +15%, Blood Circulation +10%",TM_BladeArt_pwr_desc,TM_English.xml,keyed,"Improves mastery over the body.  Each level requires 2 skill points to train.<ALIMT >(PH_4)</ALIMT>Level 0: Movement +10%, Manipulation +10%<ALIMT >(PH_3)</ALIMT>Level 1: Movement +15%, Manipulation +15%<ALIMT >(PH_2)</ALIMT>Level 2: Movement +20%, Manipulation +20%, Breathing +10%<ALIMT >(PH_1)</ALIMT>Level 3: Movement +25%, Manipulation +25%, Breathing +15%, <ALIMT >blood</ALIMT> Circulation +10%","提高对身体的精通程度。每个级别需要训练 2 个技能点数。
等级 0: 移动 + 10%，操控 + 10%
等级 1: 移动 + 15%，操控 + 15%
等级 2: 移动 + 20%，操控 + 20%，呼吸 + 10%
等级 3: 移动 + 25%，操控 + 25%，呼吸 + 15%,血发行量 + 10%"
TM_SeismicSlash_pwr_desc,Increases the damage of Seismic Slash by 10% per level.,TM_SeismicSlash_pwr_desc,TM_English.xml,keyed,Increases the damage of Seismic Slash by 10% per level.,地震斜线的伤害每级增加 10%。
TM_SeismicSlash_eff_desc,Decreases the stamina cost of Seismic Slash by 10% per skill point.,TM_SeismicSlash_eff_desc,TM_English.xml,keyed,Decreases the stamina cost of Seismic Slash by 10% per skill point.,每技能点减少 10% 米的地震冲击耐力消耗。
TM_SeismicSlash_ver_desc,"Increases the number of strikes adjacent to the strike line by 2 per level.  Base level checks 2 adjacent squares, max level will check all 8 adjacent squares.
If nothing is occupying the square, the adjacent strike his nothing.",TM_SeismicSlash_ver_desc,TM_English.xml,keyed,"Increases the number of strikes adjacent to the strike line by 2 per level.  Base level checks 2 adjacent squares, max level will check all 8 adjacent squares.<ALIMT >(PH_1)</ALIMT>If nothing is occupying the square, the adjacent strike his nothing.","每一级增加与攻击线相邻的攻击次数 2。基础 level 将检查 2 个相邻的方块，最大 level 将检查所有 8 个相邻的方块。
如果什么都没有占用广场，相邻的攻击他没有。"
TM_BladeSpin_pwr_desc,"Increases the number of strikes by 1 per skill level.  Base number of strikes is 2.
Increases the hit chance of Blade Spin by 4% per level.  Base is 50%.",TM_BladeSpin_pwr_desc,TM_English.xml,keyed,Increases the number of strikes by 1 per skill level.  Base number of strikes is 2.<ALIMT >(PH_1)</ALIMT>Increases the hit chance of Blade Spin by 4% per level.  Base is 50%.,"每技能等级增加 1 次攻击次数。攻击基础为 2。
每关增加镰刃旋转的命中几率 4%。基地是 50%。"
TM_BladeSpin_eff_desc,Decreases the stamina cost of Blade Spin by 10% per skill point.,TM_BladeSpin_eff_desc,TM_English.xml,keyed,Decreases the stamina cost of Blade Spin by 10% per skill point.,减少镰刃旋转的耐力消耗 10%/技能点。
TM_BladeSpin_ver_desc,"Increases the radius of Blade Spin by .5 squares per skill level.  Base radius is 2 squares.
Increases the hit chance of Blade Spin by 4% per level.  Base is 50%.",TM_BladeSpin_ver_desc,TM_English.xml,keyed,Increases the radius of Blade Spin by .5 squares per skill level.  Base radius is 2 squares.<ALIMT >(PH_1)</ALIMT>Increases the hit chance of Blade Spin by 4% per level.  Base is 50%.,"每技能等级增加 0.5 格的镰刃旋转半径。基础半径为 2 个方块。
每关增加镰刃旋转的命中几率 4%。基地是 50%。"
TM_PhaseStrike_pwr_desc,Increases chance to critical strike by 15% per skill level.  Base chance is 10%.  Critical strikes deal 3x damage.,TM_PhaseStrike_pwr_desc,TM_English.xml,keyed,Increases chance to critical strike by 15% per skill level.  Base chance is 10%.  Critical strikes deal 3x damage.,每技能等级增加 15% 的暴击几率。基础几率是 10%。暴击造成 3 倍伤害。
TM_PhaseStrike_eff_desc,Decreases the stamina cost of Phase Strike by 8% per skill point.,TM_PhaseStrike_eff_desc,TM_English.xml,keyed,Decreases the stamina cost of Phase Strike by 8% per skill point.,降低阶段击的耐力消耗 8% 米/技能点。
TM_PhaseStrike_ver_desc,Increases the radius of phased strike by .5 squares per skill level.,TM_PhaseStrike_ver_desc,TM_English.xml,keyed,Increases the radius of phased strike by .5 squares per skill level.,每个技能等级增加 0.5 格的阶段攻击半径。
TM_BladeFocus_pwr,Blade Mastery,TM_BladeFocus_pwr,TM_English.xml,keyed,Blade Mastery,刀刃精通
TM_BladeArt_pwr,Body Mastery,TM_BladeArt_pwr,TM_English.xml,keyed,Body Mastery,极致体能
TM_SeismicSlash_pwr,Forceful Wave,TM_SeismicSlash_pwr,TM_English.xml,keyed,Forceful Wave,强力波
TM_SeismicSlash_eff,Flawless Movements,TM_SeismicSlash_eff,TM_English.xml,keyed,Flawless Movements,完美的动作
TM_SeismicSlash_ver,Expanding Wave,TM_SeismicSlash_ver,TM_English.xml,keyed,Expanding Wave,扩张波
TM_BladeSpin_pwr,Sharpened Blade,TM_BladeSpin_pwr,TM_English.xml,keyed,Sharpened Blade,锋利的镰刃
TM_BladeSpin_eff,Effortless Strike,TM_BladeSpin_eff,TM_English.xml,keyed,Effortless Strike,轻松攻击
TM_BladeSpin_ver,Improved Reach,TM_BladeSpin_ver,TM_English.xml,keyed,Improved Reach,改进距离
TM_PhaseStrike_pwr,Critical Phase,TM_PhaseStrike_pwr,TM_English.xml,keyed,Critical Phase,关键阶段
TM_PhaseStrike_eff,Dimension Blade,TM_PhaseStrike_eff,TM_English.xml,keyed,Dimension Blade,刀刃
TM_PhaseStrike_ver,Phased Reach,TM_PhaseStrike_ver,TM_English.xml,keyed,Phased Reach,阶段射程
TM_RangerTraining_pwr_desc,"Advances training as a ranger. Each level requires 2 skill points to train and upgrades the class trait.
Level 0: Move Speed +0.2c/s, Immunity +20%, Temperature comfort +-10, Aiming Delay -15%
Level 1: Move Speed +0.3c/s, Immunity +30%, Temperature comfort +-15, Aiming Delay -20%
Level 2: Move Speed +0.4c/s, Immunity +40%, Temperature comfort +-20, Aiming Delay -30%
Level 3: Move Speed +0.5c/s, Immunity +50%, Temperature comfort +-25, Aiming Delay -40%",TM_RangerTraining_pwr_desc,TM_English.xml,keyed,"Advances training as a ranger. Each level requires 2 skill points to train and upgrades the <ALIMT >class</ALIMT> trait.<ALIMT >(PH_4)</ALIMT>Level 0: Move Speed +0.2c/s, Immunity +20%, Temperature comfort +-10, Aiming Delay -15%<ALIMT >(PH_3)</ALIMT>Level 1: Move Speed +0.3c/s, Immunity +30%, Temperature comfort +-15, Aiming Delay -20%<ALIMT >(PH_2)</ALIMT>Level 2: Move Speed +0.4c/s, Immunity +40%, Temperature comfort +-20, Aiming Delay -30%<ALIMT >(PH_1)</ALIMT>Level 3: Move Speed +0.5c/s, Immunity +50%, Temperature comfort +-25, Aiming Delay -40%","推进护林员的训练。每个级别需要 2 个技能点数来训练和升级班级特性。
0 级: 移动速度 + 0.2c/s，免疫度 + 20%，温度舒适度 +-10，瞄准延时-15%
等级 1: 移动速度 + 0.3c/s，免疫度 + 30%，温度舒适度 +-15，瞄准延时-20%
等级 2: 移动速度 + 0.4c/s，免疫度 + 40%，温度舒适度 +-20，瞄准延时-30%
等级 3: 移动速度 + 0.5c/s，免疫度 + 50%，温度舒适度 +-25，瞄准延时-40%"
TM_BowTraining_pwr_desc,"Increases skill in bows.  Each level requires 2 skill points to train.
Level 0: +20% damage w/ bows, +20% Sight, +20% Hearing
Level 1: +40% damage w/ bows, +40% Sight, +40% Hearing
Level 2: +60% damage w/ bows, +60% Sight, +60% Hearing, +15% Breathing
Level 3: +80% damage w/ bows, +80% Sight, +80% Hearing, +25% Breathing, +10% Blood filtration",TM_BowTraining_pwr_desc,TM_English.xml,keyed,"Increases skill in bows.  Each level requires 2 skill points to train.<ALIMT >(PH_4)</ALIMT>Level 0: +20% damage w/ bows, +20% Sight, +20% Hearing<ALIMT >(PH_3)</ALIMT>Level 1: +40% damage w/ bows, +40% Sight, +40% Hearing<ALIMT >(PH_2)</ALIMT>Level 2: +60% damage w/ bows, +60% Sight, +60% Hearing, +15% Breathing<ALIMT >(PH_1)</ALIMT>Level 3: +80% damage w/ bows, +80% Sight, +80% Hearing, +25% Breathing, +10% <ALIMT >blood</ALIMT> filtration","提高弓箭技能。每个级别需要训练 2 个技能点数。
0 级: + 20% 点伤害 w/弓，+ 20% 视觉，+ 20% 听觉
等级 1: + 40% 伤害 w/弓，+ 40% 视觉，+ 40% 听觉
等级 2: + 60% 伤害 w/弓，+ 60% 视觉，+ 60% 听觉，+ 15% 呼吸
等级 3: + 80% 伤害 w/弓，+ 80% 视觉，+ 80% 听觉，+ 25% 呼吸，+ 10%血过滤"
TM_PoisonTrap_ver_desc,Increases the number of active traps the ranger can have by 1 per level. Base maximum is 2.,TM_PoisonTrap_ver_desc,TM_English.xml,keyed,Increases the number of active traps the ranger can have by 1 per level. Base maximum is 2.,使护林人每级可以拥有的激活陷阱数量增加 1 个。基础最大值是 2。
TM_AnimalFriend_pwr_desc,"The ranger can only bond with an animal if they have an empathy level that exceeds the wildness of the animal. Empathy also increases the chance of bonding with an animal and decreases the chance the animal turns manhunter.
Level 0: up to 70% wildness, 40% manhunter
Level 1: up to 80% wildness, 35% manhunter
Level 2: up to 90% wildness, 30% manhunter
Level 3: up to 100% wildness, 25% manhunter",TM_AnimalFriend_pwr_desc,TM_English.xml,keyed,"The ranger can only bond with an animal if they have an empathy level that exceeds the wildness of the animal. Empathy also increases the chance of bonding with an animal and decreases the chance the animal turns manhunter.<ALIMT >(PH_4)</ALIMT>Level 0: up to 70% wildness, 40% manhunter<ALIMT >(PH_3)</ALIMT>Level 1: up to 80% wildness, 35% manhunter<ALIMT >(PH_2)</ALIMT>Level 2: up to 90% wildness, 30% manhunter<ALIMT >(PH_1)</ALIMT>Level 3: up to 100% wildness, 25% manhunter","护林人的共鸣水平必须超过动物的野性才能与动物产生牵绊。同理心也会增加与动物的关系几率，并减少动物猎杀人类的几率。
等级 0: 最高 70% 野性，40% 猎杀人类
等级 1: 最高 80% 野性，35% 猎杀人类
等级 2: 最高 90% 野性，30% 猎杀人类
等级 3: 最高 100% 野性，25% 猎杀人类"
TM_AnimalFriend_eff_desc,Decreases the stamina cost to use and maintain Animal Bond by 15% per skill point.,TM_AnimalFriend_eff_desc,TM_English.xml,keyed,Decreases the stamina cost to use and maintain Animal Bond by 15% per skill point.,每技能点降低使用和维持动物牵绊所消耗的耐力值 15%。
TM_AnimalFriend_ver_desc,"Increases the power of the bond between the ranger and animal kin.
Level 0: Moving +20%, Manipulation +20%, Dodge chance +15%
Level 1: Moving +30%, Manipulation +30%, Blood pumping +20%, Dodge chance +20%
Level 2: Moving +40%, Manipulation +40%, Blood pumping +30%, Dodge chance +27%
Level 3: Moving +50%, Manipulation +50%, Blood pumping +40%, Dodge chance +35%",TM_AnimalFriend_ver_desc,TM_English.xml,keyed,"Increases the power of the bond between the ranger and animal kin.<ALIMT >(PH_4)</ALIMT>Level 0: Moving +20%, Manipulation +20%, Dodge chance +15%<ALIMT >(PH_3)</ALIMT>Level 1: Moving +30%, Manipulation +30%, <ALIMT >blood</ALIMT> pumping +20%, Dodge chance +20%<ALIMT >(PH_2)</ALIMT>Level 2: Moving +40%, Manipulation +40%, <ALIMT >blood</ALIMT> pumping +30%, Dodge chance +27%<ALIMT >(PH_1)</ALIMT>Level 3: Moving +50%, Manipulation +50%, <ALIMT >blood</ALIMT> pumping +40%, Dodge chance +35%","增加护林人与动物亲戚之间的牵绊强度。
等级 0: 移动中 + 20%，操纵中 + 20%，闪避几率 + 15%
等级 1: 移动中 + 30%，操控中 + 30%,血泵送 + 20%，闪避几率 + 20%
等级 2: 移动中 + 40%，操控中 + 40%,血泵送 + 30%，闪避几率 + 27%
等级 3: 移动中 + 50%，操控中 + 50%,血泵送 + 40%，闪避几率 + 35%"
TM_ArrowStorm_pwr_desc,Increases the damage of each arrow by 10% per skill point.,TM_ArrowStorm_pwr_desc,TM_English.xml,keyed,Increases the damage of each arrow by 10% per skill point.,每技能点增加每只箭 10% 的伤害。
TM_ArrowStorm_eff_desc,Decreases the stamina cost of Arrow Storm by 8% per skill point.,TM_ArrowStorm_eff_desc,TM_English.xml,keyed,Decreases the stamina cost of Arrow Storm by 8% per skill point.,每技能点减少箭矢风暴的耐力消耗 8% 米。
TM_ArrowStorm_ver_desc,"Increases the accuracy of Arrow Storm by 5% per skill level.  This is additive, so if the accuracy is 60%, 2 skill levels would increase the accuracy to 70%. Accuracy is derived from the accuracy of the equipped bow.",TM_ArrowStorm_ver_desc,TM_English.xml,keyed,"Increases the accuracy of Arrow Storm by 5% per skill level.  This is additive, so if the accuracy is 60%, 2 skill levels would increase the accuracy to 70%. Accuracy is derived from the accuracy of the equipped bow.",每技能等级提高箭矢风暴精度 5%。这是加成的，所以如果精度是 60%，2 个技能等级会将精度提高到 70%。精度来自于装备的弓的精度。
TM_RangerTraining_pwr,Ranger Training,TM_RangerTraining_pwr,TM_English.xml,keyed,Ranger Training,护林人训练
TM_BowTraining_pwr,Bow Mastery,TM_BowTraining_pwr,TM_English.xml,keyed,Bow Mastery,精通弓
TM_PoisonTrap_ver,More Traps,TM_PoisonTrap_ver,TM_English.xml,keyed,More Traps,更多陷阱
TM_AnimalFriend_pwr,Animal Empathy,TM_AnimalFriend_pwr,TM_English.xml,keyed,Animal Empathy,动物同理心
TM_AnimalFriend_eff,Calming Whisper,TM_AnimalFriend_eff,TM_English.xml,keyed,Calming Whisper,冷静的窃窃私语
TM_AnimalFriend_ver,Augmented Bond,TM_AnimalFriend_ver,TM_English.xml,keyed,Augmented Bond,增强牵绊
TM_ArrowStorm_pwr,Notched Arrows,TM_ArrowStorm_pwr,TM_English.xml,keyed,Notched Arrows,弓箭头
TM_ArrowStorm_eff,Smooth Draw,TM_ArrowStorm_eff,TM_English.xml,keyed,Smooth Draw,打磨
TM_ArrowStorm_ver,Unwavering Focus,TM_ArrowStorm_ver,TM_English.xml,keyed,Unwavering Focus,坚定不移的专注
TM_Disguise_eff_desc,Reduces the stamina cost required to apply Deception by 10% per skill level.,TM_Disguise_eff_desc,TM_English.xml,keyed,Reduces the stamina cost required to apply Deception by 10% per skill level.,每级技能消耗 10% 的能量。
TM_Disguise_pwr_desc,"Reduce the movement penalty while performing visual deception:
Level 0: -40% movement
Level 1: -20% movement
Level 2: 0% movement
Level 3: +20% movement",TM_Disguise_pwr_desc,TM_English.xml,keyed,Reduce the movement penalty while performing visual deception:<ALIMT >(PH_4)</ALIMT>Level 0: -40% movement<ALIMT >(PH_3)</ALIMT>Level 1: -20% movement<ALIMT >(PH_2)</ALIMT>Level 2: 0% movement<ALIMT >(PH_1)</ALIMT>Level 3: +20% movement,"在进行视觉欺骗时减少移动惩罚:
0 级:-40% 移动
等级 1:-20% 移动
等级 2: 0% 移动
等级 3: + 20% 移动"
TM_Disguise_ver_desc,Increases the duration of Deception by 8s per skill level. Deception lasts 30s by default.,TM_Disguise_ver_desc,TM_English.xml,keyed,Increases the duration of Deception by 8s per skill level. Deception lasts 30s by default.,每技能级别增加 8 秒欺骗的持续时间。默认情况下，欺骗持续 30 秒。
TM_Mimic_pwr_desc,This power level is applied to any ability the faceless mimics.,TM_Mimic_pwr_desc,TM_English.xml,keyed,This power level is applied to any ability the faceless mimics.,该等级的能量适用于任何不在场的能力。
TM_Mimic_eff_desc,Reduces the stamina cost required to Mimic another pawn by 8% per skill level.,TM_Mimic_eff_desc,TM_English.xml,keyed,Reduces the stamina cost required to Mimic another <ALIMT >(PH_1)</ALIMT> by 8% per skill level.,减少模仿他人所需的耐力消耗pawn每技能等级提升 8%。
TM_Mimic_ver_desc,This versatility level is applied to any ability the faceless mimics.,TM_Mimic_ver_desc,TM_English.xml,keyed,This versatility level is applied to any ability the faceless mimics.,此多功能性级别适用于任何不在场的能力。
TM_Transpose_eff_desc,Decreases stamina cost of Transpose by 8% per level of base stamina cost.,TM_Transpose_eff_desc,TM_English.xml,keyed,Decreases stamina cost of Transpose by 8% per level of base stamina cost.,降低每一级基础耐力消耗 8% 点。
TM_Transpose_ver_desc,"Level 1: the faceless is no longer disoriented following a transposition. The faceless gains 3 seconds of reversal.
Level 2: friendly targets are no longer disoriented following a transposition. The faceless gains 4 seconds of reversal.
Level 3: transpose no longer requires the target to be visible to the faceless. The faceless gains 5 seconds of reversal.",TM_Transpose_ver_desc,TM_English.xml,keyed,Level 1: the faceless is no longer disoriented following a transposition. The faceless gains 3 seconds of reversal.<ALIMT >(PH_2)</ALIMT>Level 2: friendly targets are no longer disoriented following a transposition. The faceless gains 4 seconds of reversal.<ALIMT >(PH_1)</ALIMT>Level 3: transpose no longer requires the target to be visible to the faceless. The faceless gains 5 seconds of reversal.,"等级 1: 转座后无面人不再迷失方向。匿名者获得 3 秒的逆转时间。
等级 2: 友方目标因换位后不再迷失方向。匿名者获得 4 秒的逆转时间。
等级 3: transpose 不再需要目标对无人脸的人是不可见的。匿名者获得 5 秒的逆转时间。"
TM_Reversal_eff_desc,Decreases stamina cost of Reversal by 10% per skill level.,TM_Reversal_eff_desc,TM_English.xml,keyed,Decreases stamina cost of Reversal by 10% per skill level.,每级技能会降低 10% 的耐力消耗。
TM_Reversal_pwr_desc,Increases the duration of Reversal by 2s per skill level. Reversal lasts 8s by default.,TM_Reversal_pwr_desc,TM_English.xml,keyed,Increases the duration of Reversal by 2s per skill level. Reversal lasts 8s by default.,每技能级别增加 2 秒逆转持续时间。逆转默认持续 8 秒。
TM_Reversal_ver_desc,Reversal siphons off a portion of kinetic energy to restore the stamina and life of the user.,TM_Reversal_ver_desc,TM_English.xml,keyed,Reversal siphons off a portion of kinetic energy to restore the stamina and life of the user.,逆转录能抽走一部分动能来恢复使用者的耐力和生命。
TM_Possess_pwr_desc,Increases the duration of possession by 5s per skill level. Possession lasts 20s by default.,TM_Possess_pwr_desc,TM_English.xml,keyed,Increases the duration of <ALIMT >possession</ALIMT> by 5s per skill level. <ALIMT >possession</ALIMT> lasts 20s by default.,增加的持续时间附身每技能等级乘以 5 秒。附身默认持续 20 秒。
TM_Possess_eff_desc,Decreases stamina cost of Possess by 6% of base cost per skill level.,TM_Possess_eff_desc,TM_English.xml,keyed,Decreases stamina cost of Possess by 6% of base cost per skill level.,降低每项技能消耗基础成本的 6%。
TM_Possess_ver_desc,Reduces the penalties when possessing an enemy pawn or increases the bonuses when possessing a friendly pawn.,TM_Possess_ver_desc,TM_English.xml,keyed,Reduces the penalties when possessing an enemy <ALIMT >(PH_2)</ALIMT> or increases the bonuses when possessing a friendly <ALIMT >(PH_1)</ALIMT>.,减少拥有敌人时的惩罚pawn或者在拥有友军时增加加成pawn没有。
TM_Disguise_eff,Patchwork Cloak,TM_Disguise_eff,TM_English.xml,keyed,Patchwork Cloak,拼布披风
TM_Disguise_ver,Mask of Deception,TM_Disguise_ver,TM_English.xml,keyed,Mask of Deception,欺骗面具
TM_Disguise_pwr,Body Mirroring,TM_Disguise_pwr,TM_English.xml,keyed,Body Mirroring,身体镜像
TM_Mimic_pwr,Powered Mimicry,TM_Mimic_pwr,TM_English.xml,keyed,Powered Mimicry,通电的模仿能力
TM_Mimic_eff,Nimble Mind,TM_Mimic_eff,TM_English.xml,keyed,Nimble Mind,灵质
TM_Mimic_ver,Versatile Mimicry,TM_Mimic_ver,TM_English.xml,keyed,Versatile Mimicry,多才多艺的模仿能力
TM_Transpose_eff,Common Ground,TM_Transpose_eff,TM_English.xml,keyed,Common Ground,共同点
TM_Transpose_ver,Extrapolation,TM_Transpose_ver,TM_English.xml,keyed,Extrapolation,外推
TM_Reversal_pwr,Sustained Reversal,TM_Reversal_pwr,TM_English.xml,keyed,Sustained Reversal,持续逆转
TM_Reversal_eff,Applied Momentum,TM_Reversal_eff,TM_English.xml,keyed,Applied Momentum,施加动能
TM_Reversal_ver,Kinetic Absorption,TM_Reversal_ver,TM_English.xml,keyed,Kinetic Absorption,动能吸收
TM_Possess_pwr,Mind Maze,TM_Possess_pwr,TM_English.xml,keyed,Mind Maze,心灵迷宫
TM_Possess_eff,Dominant Will,TM_Possess_eff,TM_English.xml,keyed,Dominant Will,支配意志
TM_Possess_ver,Synchronization,TM_Possess_ver,TM_English.xml,keyed,Synchronization,同步
TM_PsionicAugmentation_eff_desc,"By injecting psionic power into their legs and core, a psionic is able to rapidly accelerate their movement for a short time. 

In combat, this augmentation allows the psionic to rapidly propel themselves short distances and transfer that energy as a form of attack at the impact location. Psionics are shielded in a barrier while performing this psionic leap.
This attack occurs only if the psionic is drafted and unarmed.
Training in this skill improves the leap distance and impact force.

Out of combat, the psionic will infuse their stride with mental energy, drastically increasing movement speed for a short time. This ability only occurs when the psionic is near maximum psionic energy and has a work target at a sufficient distance. This will not interrupt ongoing tasks.
Training in this skill improves duration and movement speed.

Both augmentations occur automatically. This skill requires 2 ability points to level.",TM_PsionicAugmentation_eff_desc,TM_English.xml,keyed,"By injecting psionic power into their legs and core, a psionic is able to rapidly accelerate their movement for a short time. <ALIMT >(PH_9)</ALIMT><ALIMT >(PH_8)</ALIMT>In combat, this augmentation allows the psionic to rapidly propel themselves short distances and transfer that energy as a form of attack at the impact location. Psionics are shielded in a barrier while performing this psionic leap.<ALIMT >(PH_7)</ALIMT>This attack occurs only if the psionic is drafted and unarmed.<ALIMT >(PH_6)</ALIMT>Training in this skill improves the leap distance and impact force.<ALIMT >(PH_5)</ALIMT><ALIMT >(PH_4)</ALIMT>Out of combat, the psionic will infuse their stride with mental energy, drastically increasing movement speed for a short time. This ability only occurs when the psionic is near maximum psionic energy and has a work target at a sufficient distance. This will not interrupt ongoing tasks.<ALIMT >(PH_3)</ALIMT>Training in this skill improves duration and movement speed.<ALIMT >(PH_2)</ALIMT><ALIMT >(PH_1)</ALIMT>Both augmentations occur automatically. This skill requires 2 ability points to level.","通过向他们的腿部和核心注射灵能，灵能能够在短时间内快速加速他们的运动。

在战斗中，这种强化让灵能能够短距离地快速自我推进，并在撞击地点以攻击的形式传递能量。灵能者在进行此心灵跳跃时会被护盾。
此攻击只会在灵能者被征召且没有武器的情况下发生。
此技能的训练能够提升跳跃距离和撞击力。

战斗结束后，灵能者会给他们的步幅注入精神能量，在短时间内大幅提高移动速度。此能力只会在灵能距离接近最大值且工作目标距离足够远时出现。这将不会中断正在进行的任务。
此技能的训练能提高训练持续时间和移动速度。

这两种增强都是自动进行的。此技能需要 2 个能力点数才能提升。"
TM_PsionicAugmentation_pwr_desc,"By reinforcing physical strength with psionic power, a psionic is able to increase the speed and strength of their actions.

In combat, the this ability reinforces melee attacks with psionic energy, giving the psionic the ability to deliver a massive blow that can knock back or stun an opponent. 
This attack only occurs during melee when the psionic is unarmed.
Training in this skill increases the damage output and frequency of blows that apply knock back or stun.

Out of combat, the psionic greatly accelerates the movement of their hands, drastically increasing manipulation. This ability only occurs with the psionic is near maximum psionic energy and is performing work that benefits from manipulation. This will not interrupt ongoing tasks.
Training in this skill improves duration and the amount manipulation is boosted.

Both augmentations occur automatically. This skill requires 2 ability points to level.",TM_PsionicAugmentation_pwr_desc,TM_English.xml,keyed,"By reinforcing physical strength with psionic power, a psionic is able to increase the speed and strength of their actions.<ALIMT >(PH_9)</ALIMT><ALIMT >(PH_8)</ALIMT>In combat, the this ability reinforces melee attacks with psionic energy, giving the psionic the ability to deliver a massive blow that can knock back or stun an opponent. <ALIMT >(PH_7)</ALIMT>This attack only occurs during melee when the psionic is unarmed.<ALIMT >(PH_6)</ALIMT>Training in this skill increases the damage output and frequency of blows that apply knock back or stun.<ALIMT >(PH_5)</ALIMT><ALIMT >(PH_4)</ALIMT>Out of combat, the psionic greatly accelerates the movement of their hands, drastically increasing manipulation. This ability only occurs with the psionic is near maximum psionic energy and is performing work that benefits from manipulation. This will not interrupt ongoing tasks.<ALIMT >(PH_3)</ALIMT>Training in this skill improves duration and the amount manipulation is boosted.<ALIMT >(PH_2)</ALIMT><ALIMT >(PH_1)</ALIMT>Both augmentations occur automatically. This skill requires 2 ability points to level.","通过使用灵能增强体力，灵能能够提高他们的行动速度和力量。

在战斗中，这种能力会利用灵能增强近战攻击强度，使灵能者能够进行大幅度的反击或者击晕对手。
此攻击只会在灵能者没有武装的情况下进行近战。
该技能的训练会增加击退或眩晕的伤害输出和频率。

在战斗之外，灵能极大地加快了手的移动速度，大大增加了操纵能力。这种能力只会在灵能接近最大值时出现，并且会进行操作所带来的收益。这将不会中断正在进行的任务。
此技能的训练能提高操作时间和操作效率。

这两种增强都是自动进行的。此技能需要 2 个能力点数才能提升。"
TM_PsionicAugmentation_ver_desc,"The psionic focuses their psionic energy to crush an opponent with raw power. This only occurs in combat, but can be used in cohesion with other combat capabilities.
This ability has a minimum target range of 5 cells.
Training in this skill improves the maximum range, damage, and reduces the psionic energy required to perform the attack.

This augmentation occurs automatically but must be trained in at least once to become active. This skill requires 2 ability points to level.",TM_PsionicAugmentation_ver_desc,TM_English.xml,keyed,"The psionic focuses their psionic energy to crush an opponent with raw power. This only occurs in combat, but can be used in cohesion with other combat capabilities.<ALIMT >(PH_4)</ALIMT>This ability has a minimum target range of 5 cells.<ALIMT >(PH_3)</ALIMT>Training in this skill improves the maximum range, damage, and reduces the psionic energy required to perform the attack.<ALIMT >(PH_2)</ALIMT><ALIMT >(PH_1)</ALIMT>This augmentation occurs automatically but must be trained in at least once to become active. This skill requires 2 ability points to level.","灵能将他们的灵能集中在用原始力量摧毁对手上。这种情况只会在战斗中发生，但可以用于与其他战斗能力的凝聚力。
该能力的最小目标距离为 5 格。
该技能的训练增加了最大射程和伤害，并减少了执行攻击所需的灵能。

此强化会自动进行，但必须至少训练一次才能激活。此技能需要 2 个能力点数才能提升。"
TM_PsionicBarrier_pwr_desc,"Projectiles deflected by barrier have a chance to drain stamina instead of psionic energy. Each level improves this chance by 15%.
Level 0: 0%
Level 1: 15%
Level 2: 30%
Level 3: 45%",TM_PsionicBarrier_pwr_desc,TM_English.xml,keyed,Projectiles deflected by barrier have a chance to drain stamina instead of psionic energy. Each level improves this chance by 15%.<ALIMT >(PH_4)</ALIMT>Level 0: 0%<ALIMT >(PH_3)</ALIMT>Level 1: 15%<ALIMT >(PH_2)</ALIMT>Level 2: 30%<ALIMT >(PH_1)</ALIMT>Level 3: 45%,"被障碍物抵消的投射物有可能会消耗耐力而不是灵能。每一级提高这个几率 15%。
0 级: 0%
一级: 15%
等级 2: 30%
三级: 45%"
TM_PsionicBarrier_eff_desc,Reduces the amount of psionic energy drained when deflecting a projectile by 10% per skill point.,TM_PsionicBarrier_eff_desc,TM_English.xml,keyed,Reduces the amount of psionic energy drained when deflecting a projectile by 10% per skill point.,使投射物偏转时每技能点消耗的灵能能量减少 10%。
TM_PsionicBarrier_ver_desc,Increases the radius of barrier by 3/4th a cell per skill point. Default radius is 2.5 cells.,TM_PsionicBarrier_ver_desc,TM_English.xml,keyed,Increases the radius of barrier by 3/4th a cell per skill point. Default radius is 2.5 cells.,每技能点增加障碍半径 3/4 格。默认半径是 2.5 格。
TM_PsionicBlast_pwr_desc,"Power up psi blast, each level increases damage by 15%.",TM_PsionicBlast_pwr_desc,TM_English.xml,keyed,"Power up psi blast, each level increases damage by 15%.",通电 psi 冲击，每一级伤害增加 15%。
TM_PsionicBlast_eff_desc,Decreases stamina cost of Psionic Blast by 8% per level of base stamina cost.,TM_PsionicBlast_eff_desc,TM_English.xml,keyed,Decreases stamina cost of Psionic Blast by 8% per level of base stamina cost.,每级基础耐久降低 8% 的心灵冲击消耗。
TM_PsionicBlast_ver_desc,Increases the chance to project multiple blasts by 4% per level and reduces the psionic energy drained for each additional blast by 1.,TM_PsionicBlast_ver_desc,TM_English.xml,keyed,Increases the chance to project multiple blasts by 4% per level and reduces the psionic energy drained for each additional blast by 1.,每关增加投射多次冲击的几率 4%，每增加一次冲击消耗的灵能减少 1。
TM_PsionicDash_eff_desc,Decreases stamina cost of Psionic Dash by 10% and reduces psionic energy cost by 1 per skill level.,TM_PsionicDash_eff_desc,TM_English.xml,keyed,Decreases stamina cost of Psionic Dash by 10% and reduces psionic energy cost by 1 per skill level.,每提升一个技能等级，可以降低 10% 的能量消耗，以及降低 1 点能量消耗。
TM_PsionicDash_pwr_desc,Increases all damage output by psionic dash by 10% per skill level.,TM_PsionicDash_pwr_desc,TM_English.xml,keyed,Increases all damage output by psionic dash by 10% per skill level.,每技能等级提高所有伤害输出 10%
TM_PsionicDash_ver_desc,Increase the number of steps taken during while dashing by 1 per skill level.,TM_PsionicDash_ver_desc,TM_English.xml,keyed,Increase the number of steps taken during while dashing by 1 per skill level.,将冲锋时的步距增加每项技能级别 1。
TM_PsionicStorm_pwr_desc,Increases the damage of each psionic blast used during psionic storm by 10% per skill point.,TM_PsionicStorm_pwr_desc,TM_English.xml,keyed,Increases the damage of each psionic blast used during psionic storm by 10% per skill point.,每技能点提升心灵风暴中每一次心灵冲击的伤害 10%。
TM_PsionicStorm_eff_desc,"Reduces the minimum required psionic energy to use psionic storm by 5 per skill level.
Level 0: 65
Level 1: 60
Level 2: 55
Level 3: 50",TM_PsionicStorm_eff_desc,TM_English.xml,keyed,Reduces the minimum required psionic energy to use psionic storm by 5 per skill level.<ALIMT >(PH_4)</ALIMT>Level 0: 65<ALIMT >(PH_3)</ALIMT>Level 1: 60<ALIMT >(PH_2)</ALIMT>Level 2: 55<ALIMT >(PH_1)</ALIMT>Level 3: 50,"每项技能水平使用灵能风暴最少需要降低 5 点能量。
等级 0: 65
等级 1: 60
等级 2: 55
等级 3: 50"
TM_PsionicStorm_ver_desc,Increases the rate of fire by 10% per skill point.,TM_PsionicStorm_ver_desc,TM_English.xml,keyed,Increases the rate of fire by 10% per skill point.,每技能点增加 10% 的射速。
TM_PsionicAugmentation_eff,Augment Movement,TM_PsionicAugmentation_eff,TM_English.xml,keyed,Augment Movement,增强运动
TM_PsionicAugmentation_ver,Augment Mind,TM_PsionicAugmentation_ver,TM_English.xml,keyed,Augment Mind,增强意识
TM_PsionicAugmentation_pwr,Augment Manipulation,TM_PsionicAugmentation_pwr,TM_English.xml,keyed,Augment Manipulation,增强操作能力
TM_PsionicBarrier_pwr,Energy Symbiosis,TM_PsionicBarrier_pwr,TM_English.xml,keyed,Energy Symbiosis,能源共生
TM_PsionicBarrier_eff,Energy Conservation,TM_PsionicBarrier_eff,TM_English.xml,keyed,Energy Conservation,能量守恒
TM_PsionicBarrier_ver,Barrier Size,TM_PsionicBarrier_ver,TM_English.xml,keyed,Barrier Size,护盾尺寸
TM_PsionicBlast_pwr,Psi-a Wreck-en,TM_PsionicBlast_pwr,TM_English.xml,keyed,Psi-a Wreck-en,Psi-a 残骸
TM_PsionicBlast_eff,Mind and Body,TM_PsionicBlast_eff,TM_English.xml,keyed,Mind and Body,思想和身体
TM_PsionicBlast_ver,Energy Flood,TM_PsionicBlast_ver,TM_English.xml,keyed,Energy Flood,能量洪水
TM_PsionicDash_pwr,Super Psionic,TM_PsionicDash_pwr,TM_English.xml,keyed,Super Psionic,灵能
TM_PsionicDash_eff,Sprinter,TM_PsionicDash_eff,TM_English.xml,keyed,Sprinter,竞速者
TM_PsionicDash_ver,Long Dash,TM_PsionicDash_ver,TM_English.xml,keyed,Long Dash,长距离冲击
TM_PsionicStorm_pwr,Destructive Will,TM_PsionicStorm_pwr,TM_English.xml,keyed,Destructive Will,毁灭意志
TM_PsionicStorm_eff,Mental Reserves,TM_PsionicStorm_eff,TM_English.xml,keyed,Mental Reserves,精神储备
TM_PsionicStorm_ver,Unrelenting Storm,TM_PsionicStorm_ver,TM_English.xml,keyed,Unrelenting Storm,暴风雨
TM_Shroud_pwr_desc,Increases the defensive bonuses and retaliation damage of Shroud of Darkness by roughly 20% per skill point. (actual amount varies depending on level of hate),TM_Shroud_pwr_desc,TM_English.xml,keyed,Increases the defensive bonuses and retaliation damage of Shroud of Darkness by roughly 20% per skill point. (actual amount varies depending on level of hate),增加每项技能点大约 20% 的防御性加成和报复伤害 (实际效果取决于仇恨等级)
TM_Shroud_eff_desc,"Increases the amount of Hate generated when the Death Knight is wounded by 10%.  

Reduces the amount of hate consumed when Shroud of Darkness nullifies a projectile by 25% or retaliates against a melee attacker by 12%.",TM_Shroud_eff_desc,TM_English.xml,keyed,Increases the amount of Hate generated when the Death Knight is wounded by 10%.  <ALIMT >(PH_2)</ALIMT><ALIMT >(PH_1)</ALIMT>Reduces the amount of hate consumed when Shroud of Darkness nullifies a projectile by 25% or retaliates against a melee attacker by 12%.,"增加死亡骑士受伤时产生的仇恨量 10%。

当《黑暗地衣》无效化投射物或对近战攻击者报效 25% 时，消耗的仇恨量减少 12%。"
TM_Shroud_ver_desc,"Increases the chances for Shroud of Darkness to retaliate by 10% per skill point, or nullify a projectile by 6% per skill point.
Base retaliation chance: 0%
Base nullification chance: 30%",TM_Shroud_ver_desc,TM_English.xml,keyed,"Increases the chances for Shroud of Darkness to retaliate by 10% per skill point, or nullify a projectile by 6% per skill point.<ALIMT >(PH_2)</ALIMT>Base retaliation chance: 0%<ALIMT >(PH_1)</ALIMT>Base nullification chance: 30%","提高《黑暗中旅行战》每技能点 10% 的几率进行报复，或者每技能点取消一个投射物 6% 的几率。
基地报复几率: 0%
基础无效化几率: 30%"
TM_WaveOfFear_pwr_desc,Affected pawns are beset by a debilitating fear that increases aiming time and decreases movement and armor vs dark and light attacks. Training in this skill increases the effect and duration of this debuff.,TM_WaveOfFear_pwr_desc,TM_English.xml,keyed,Affected pawns are beset by a debilitating fear that increases aiming time and decreases movement and armor vs dark and light attacks. Training in this skill increases the effect and duration of this debuff.,受影响的 pawns 被一种使人虚弱的恐惧所困扰，这种恐惧会增加瞄准时间，同时会降低移动和护甲 vs 暗光攻击。该技能的训练会增加调试后的效果和持续时间。
TM_WaveOfFear_eff_desc,Reduces the stamina and hate costs for Wave of Fear by 10% per skill level.,TM_WaveOfFear_eff_desc,TM_English.xml,keyed,Reduces the stamina and hate costs for Wave of Fear by 10% per skill level.,每个技能等级降低 10% 的能量和仇恨消耗。
TM_WaveOfFear_ver_desc,"Increases the Wave of Fear effect radius by .8 cells per skill point. Default radius is 4 cells. 

The radius is further increase by .7 cells per every 10% of Hate.",TM_WaveOfFear_ver_desc,TM_English.xml,keyed,Increases the Wave of Fear effect radius by .8 cells per skill point. Default radius is 4 cells. <ALIMT >(PH_2)</ALIMT><ALIMT >(PH_1)</ALIMT>The radius is further increase by .7 cells per every 10% of Hate.,"每技能点增加恐惧波效果半径 0.8 格。默认半径为 4 格。

每 10% 的仇恨半径进一步增加 0.7 格。"
TM_Spite_pwr_desc,Increase Spite damage by 10% per skill level.,TM_Spite_pwr_desc,TM_English.xml,keyed,Increase Spite damage by 10% per skill level.,每技能等级提高 10% 的剩余伤害。
TM_Spite_eff_desc,Decreases stamina cost of Spite by 10% per skill level.,TM_Spite_eff_desc,TM_English.xml,keyed,Decreases stamina cost of Spite by 10% per skill level.,每级技能会降低 10% 的 “怨恨” 消耗。
TM_Spite_ver_desc,"Increases the chance Spite will overwhelm the emotions of the target, stunning them for a brief period.
Level 0: 0%
Level 1: 15%
Level 2: 30%
Level 3: 45%",TM_Spite_ver_desc,TM_English.xml,keyed,"Increases the chance Spite will overwhelm the emotions of the target, stunning them for a brief period.<ALIMT >(PH_4)</ALIMT>Level 0: 0%<ALIMT >(PH_3)</ALIMT>Level 1: 15%<ALIMT >(PH_2)</ALIMT>Level 2: 30%<ALIMT >(PH_1)</ALIMT>Level 3: 45%","提高怨恨压倒目标情绪的几率，使其暂时无法行动。
0 级: 0%
一级: 15%
等级 2: 30%
三级: 45%"
TM_LifeSteal_pwr_desc,Melee attacks life steal 15% of the damage dealt; each skill level increases the amount by 2%,TM_LifeSteal_pwr_desc,TM_English.xml,keyed,Melee attacks life steal 15% of the damage dealt; each skill level increases the amount by 2%,近身攻击提升 15% 受到的伤害，每个技能等级增加 2%
TM_LifeSteal_eff_desc,"Steals stamina and generates hate proportional to damage dealt.
Level 0: 0%
Level 1: 5%
Level 2: 10%
Level 3: 15%",TM_LifeSteal_eff_desc,TM_English.xml,keyed,Steals stamina and generates hate proportional to damage dealt.<ALIMT >(PH_4)</ALIMT>Level 0: 0%<ALIMT >(PH_3)</ALIMT>Level 1: 5%<ALIMT >(PH_2)</ALIMT>Level 2: 10%<ALIMT >(PH_1)</ALIMT>Level 3: 15%,"偷能力并产生与伤害成正比的仇恨。
0 级: 0%
一级: 5%
等级 2: 10%
三级: 15%"
TM_LifeSteal_ver_desc,"Each strike can heal a nearby ally (within 3 cells) by a % of damage dealt per skill level.
Level 0: 0%
Level 1: 11%
Level 2: 12%
Level 3: 13%",TM_LifeSteal_ver_desc,TM_English.xml,keyed,Each strike can heal a nearby ally (within 3 cells) by a % of damage dealt per skill level.<ALIMT >(PH_4)</ALIMT>Level 0: 0%<ALIMT >(PH_3)</ALIMT>Level 1: 11%<ALIMT >(PH_2)</ALIMT>Level 2: 12%<ALIMT >(PH_1)</ALIMT>Level 3: 13%,"每一次攻击都能让附近的盟友 (3 格以内) 痊愈，每项技能伤害的 %。
0 级: 0%
一级: 11%
等级 2: 12%
三级: 13%"
TM_GraveBlade_pwr_desc,Increases the damage of each grave blade by 12% per skill level.,TM_GraveBlade_pwr_desc,TM_English.xml,keyed,Increases the damage of each grave blade by 12% per skill level.,每提升一个技能等级，提升每个坟墓镰刃的伤害 12%。
TM_GraveBlade_eff_desc,Reduces the stamina cost of Grave Blade by 8% per skill level.,TM_GraveBlade_eff_desc,TM_English.xml,keyed,Reduces the stamina cost of Grave Blade by 8% per skill level.,每个技能等级降低坟墓镰刃的耐力消耗 8% 点。
TM_GraveBlade_ver_desc,Each strike has a 10% chance per skill point heal the caster by half the damage dealt and/or induce fear in the target.,TM_GraveBlade_ver_desc,TM_English.xml,keyed,Each strike has a 10% chance per skill point heal the caster by half the damage dealt and/or induce fear in the target.,每一击每技能点有 10% 的几率给施术者带来一半的伤害效果和/或使其畏惧。
TM_Shroud_pwr,Darkest Knight,TM_Shroud_pwr,TM_English.xml,keyed,Darkest Knight,最黑暗的骑士
TM_Shroud_eff,Billowing Hate,TM_Shroud_eff,TM_English.xml,keyed,Billowing Hate,滔天仇恨
TM_Shroud_ver,Clinging Darkness,TM_Shroud_ver,TM_English.xml,keyed,Clinging Darkness,阴魂不散
TM_WaveOfFear_pwr,Incite Terror,TM_WaveOfFear_pwr,TM_English.xml,keyed,Incite Terror,引发恐惧
TM_WaveOfFear_eff,Icy Hatred,TM_WaveOfFear_eff,TM_English.xml,keyed,Icy Hatred,冰冷的仇恨
TM_WaveOfFear_ver,Contagion,TM_WaveOfFear_ver,TM_English.xml,keyed,Contagion,传染病
TM_Spite_pwr,Intensity,TM_Spite_pwr,TM_English.xml,keyed,Intensity,强度
TM_Spite_eff,Unrelenting,TM_Spite_eff,TM_English.xml,keyed,Unrelenting,坚定不移
TM_Spite_ver,Staggering,TM_Spite_ver,TM_English.xml,keyed,Staggering,蹒跚
TM_LifeSteal_pwr,Unquenchable Hate,TM_LifeSteal_pwr,TM_English.xml,keyed,Unquenchable Hate,无法抑制的仇恨
TM_LifeSteal_eff,Double Tap,TM_LifeSteal_eff,TM_English.xml,keyed,Double Tap,双击
TM_LifeSteal_ver,Proximity Heal,TM_LifeSteal_ver,TM_English.xml,keyed,Proximity Heal,接近愈合
TM_GraveBlade_pwr,At Death's Door,TM_GraveBlade_pwr,TM_English.xml,keyed,At Death's Door,在死亡之门
TM_GraveBlade_eff,Ferryman,TM_GraveBlade_eff,TM_English.xml,keyed,Ferryman,登陆员
TM_GraveBlade_ver,Blood and Spirit,TM_GraveBlade_ver,TM_English.xml,keyed,<ALIMT >blood</ALIMT> and Spirit,血和灵魂
TM_Chi_pwr_desc,"Increases maximum amount of energy burned by 20%. Base max is 50 energy.
Affected pawns take .4 damage per energy burned and are stunned.",TM_Chi_pwr_desc,TM_English.xml,keyed,Increases maximum amount of energy burned by 20%. Base max is 50 energy.<ALIMT >(PH_1)</ALIMT>Affected pawns take .4 damage per energy burned and are stunned.,"增加燃烧的能量上限 20%。基础最大值是 50 能量。
受影响的 pawns 受到的伤害是每消耗一个能量能够承受 5.4 点的伤害。"
TM_Chi_eff_desc,Reduces the amount of ch'i required to use ch'i abilities by 6% per skill point.,TM_Chi_eff_desc,TM_English.xml,keyed,Reduces the amount of ch'i required to use ch'i abilities by 6% per skill point.,每技能点减少 6% 个使用 ch 'i 能力所需的 ch' i 量。
TM_Chi_ver_desc,Decreases ch'i decay by 20% per skill point.,TM_Chi_ver_desc,TM_English.xml,keyed,Decreases ch'i decay by 20% per skill point.,每技能点减少 ch 'i 衰减 20%
TM_MindOverBody_pwr_desc,Applies an additional stack of the Monk's passive buff (Mind Over Body) per skill level,TM_MindOverBody_pwr_desc,TM_English.xml,keyed,Applies an additional stack of the Monk's passive buff (Mind Over Body) per skill level,对每个技能等级额外堆叠对应的苦行 (意识大于身体)
TM_MindOverBody_ver_desc,"Increases the maximum damage mitigation by 2 per skill level. Damage mitigation is reduced by 1 for each kg of apparel weight.
Level 0: 7 damage
Level 1: 9 damage
Level 2: 11 damage
Level 3: 13 damage",TM_MindOverBody_ver_desc,TM_English.xml,keyed,Increases the maximum damage mitigation by 2 per skill level. Damage mitigation is reduced by 1 for each kg of apparel weight.<ALIMT >(PH_4)</ALIMT>Level 0: 7 damage<ALIMT >(PH_3)</ALIMT>Level 1: 9 damage<ALIMT >(PH_2)</ALIMT>Level 2: 11 damage<ALIMT >(PH_1)</ALIMT>Level 3: 13 damage,"每技能等级增加最大伤害减轻 2 个。每 kg 服装重量减少 1 个伤害。
0 级: 7 点伤害
一级: 9 点伤害
2 级: 11 点伤害
三级: 13 点伤害"
TM_Meditate_pwr_desc,"Increases regeneration rates for wounds, diseases and addictions by 10% per skill level.",TM_Meditate_pwr_desc,TM_English.xml,keyed,"Increases regeneration rates for wounds, diseases and addictions by 10% per skill level.",每项技能等级将伤口，疾病和成瘾的再生率提高 10%。
TM_Meditate_eff_desc,Increases ch'i gained during meditation by 10% per skill level.,TM_Meditate_eff_desc,TM_English.xml,keyed,Increases ch'i gained during meditation by 10% per skill level.,使冥想期间获得的 ch 'i 增加 10%/技能等级。
TM_Meditate_ver_desc,"Increases rest, joy and mood bonus gain while meditating by 10%.",TM_Meditate_ver_desc,TM_English.xml,keyed,"Increases rest, joy and mood bonus gain while meditating by 10%.",冥想时获得的休息、快乐和心情加成增加 10%。
TM_TigerStrike_pwr_desc,Increases damage of Tiger Strike by 15% per skill level and increases passive chance to multi-strike by 5% (base 30%),TM_TigerStrike_pwr_desc,TM_English.xml,keyed,Increases damage of <ALIMT >tiger</ALIMT> Strike by 15% per skill level and increases passive chance to multi-strike by 5% (base 30%),伤害增幅:虎🐅每技能等级攻击 15%，并增加 5% (基础 30%)
TM_TigerStrike_eff_desc,Decreases ch'i and stamina cost of Tiger Strike by 10%,TM_TigerStrike_eff_desc,TM_English.xml,keyed,Decreases ch'i and stamina cost of <ALIMT >tiger</ALIMT> Strike by 10%,降低耐久度虎🐅突击 10%
TM_TigerStrike_ver_desc,"Each skill level adds 1 additional attack to Tiger Strike. Each skill level also adds a chance to apply bonus attacks.
Level 0: Physical only
Level 1: Stun (10% per strike)
Level 2: Draining (40% per strike)
Level 3: Lethal Blow (10% per strike)

Draining attacks will absorb energy (mana, stamina) and convert it to ch'i
Lethal Blow targets a vital bodypart and strikes it with a precise attack that deals an additional 40% damage",TM_TigerStrike_ver_desc,TM_English.xml,keyed,"Each skill level adds 1 additional attack to <ALIMT >tiger</ALIMT> Strike. Each skill level also adds a chance to apply bonus attacks.<ALIMT >(PH_7)</ALIMT>Level 0: Physical only<ALIMT >(PH_6)</ALIMT>Level 1: Stun (10% per strike)<ALIMT >(PH_5)</ALIMT>Level 2: Draining (40% per strike)<ALIMT >(PH_4)</ALIMT>Level 3: Lethal Blow (10% per strike)<ALIMT >(PH_3)</ALIMT><ALIMT >(PH_2)</ALIMT>Draining attacks will absorb energy (mana, stamina) and convert it to ch'i<ALIMT >(PH_1)</ALIMT>Lethal Blow targets a vital bodypart and strikes it with a precise attack that deals an additional 40% damage","每个技能等级增加 1 次额外攻击虎🐅出击。每个技能级别还会增加一次应用加成攻击的几率。
等级 0: 仅物理
等级 1: 眩晕 (每击 10%)
等级 2: 抽干 (每击 40%)
等级 3: 致命一击 (每击 10%)

抽干攻击将会消耗能量 (法力，耐力) 并将其教化为杀戮
致命一击的目标是身体的一部分，并对其进行精确的攻击，造成额外的 40% 的伤害。"
TM_DragonStrike_pwr_desc,Increases the damage of Dragon Strike by 10% per skill level.,TM_DragonStrike_pwr_desc,TM_English.xml,keyed,Increases the damage of <ALIMT >dragon</ALIMT> Strike by 10% per skill level.,增加伤害龙🐉每技能等级打击 10%。
TM_DragonStrike_eff_desc,Reduces the stamina and ch'i cost of Dragon Strike by 10% per skill level.,TM_DragonStrike_eff_desc,TM_English.xml,keyed,Reduces the stamina and ch'i cost of <ALIMT >dragon</ALIMT> Strike by 10% per skill level.,降低耐久度和耐久度龙🐉每技能等级打击 10%。
TM_DragonStrike_ver_desc,Increases passive chance that Dragon Strike will trigger by 5% per skill level. Base 30%. Only triggers when confronted with multiple opponents. Also increases the distance Dragon Strike knocks back a nearby target by 15% per skill level.,TM_DragonStrike_ver_desc,TM_English.xml,keyed,Increases passive chance that <ALIMT >dragon</ALIMT> Strike will trigger by 5% per skill level. Base 30%. Only triggers when confronted with multiple opponents. Also increases the distance <ALIMT >dragon</ALIMT> Strike knocks back a nearby target by 15% per skill level.,增加被动式几率龙🐉每项技能等级将触发 5%。基地 30%。仅在面对多个对手时触发。还会增加距离龙🐉每项技能可击退附近的目标 15% 次。
TM_ThunderStrike_pwr_desc,Increases the damage of Thunder Strike by 12% per skill level.,TM_ThunderStrike_pwr_desc,TM_English.xml,keyed,Increases the damage of Thunder Strike by 12% per skill level.,每级技能增加 12% 的雷击伤害。
TM_ThunderStrike_eff_desc,Reduces the ch'i cost of Thunder Strike by 10% per skill level.,TM_ThunderStrike_eff_desc,TM_English.xml,keyed,Reduces the ch'i cost of Thunder Strike by 10% per skill level.,迅雷每关技能消耗降低 10%
TM_ThunderStrike_ver_desc,Increased charge creates additional bolts that fork outward from the Monk in a fan pattern.,TM_ThunderStrike_ver_desc,TM_English.xml,keyed,Increased charge creates additional bolts that fork outward from the Monk in a fan pattern.,增加电荷会产生额外的门闩，使其以扇形从修道者身上向外叉开。
TM_Chi_pwr,Disrupting Burst,TM_Chi_pwr,TM_English.xml,keyed,Disrupting Burst,扰动脉冲
TM_Chi_eff,Life Sieve,TM_Chi_eff,TM_English.xml,keyed,Life Sieve,生命筛选
TM_Chi_ver,Spirit Capacitor,TM_Chi_ver,TM_English.xml,keyed,Spirit Capacitor,灵质电容
TM_MindOverBody_pwr,Martial Arts,TM_MindOverBody_pwr,TM_English.xml,keyed,Martial Arts,武术
TM_MindOverBody_ver,Ignore Damage,TM_MindOverBody_ver,TM_English.xml,keyed,Ignore Damage,无视伤害
TM_Meditate_pwr,Cleansing Meditation,TM_Meditate_pwr,TM_English.xml,keyed,Cleansing Meditation,净化冥想
TM_Meditate_eff,Deep Meditation,TM_Meditate_eff,TM_English.xml,keyed,Deep Meditation,冥想
TM_Meditate_ver,Renewing Meditation,TM_Meditate_ver,TM_English.xml,keyed,Renewing Meditation,冥想
TM_TigerStrike_pwr,Tiger's Fury,TM_TigerStrike_pwr,TM_English.xml,keyed,<ALIMT >tiger</ALIMT>'s Fury,虎🐅之怒
TM_TigerStrike_eff,Flowing Stance,TM_TigerStrike_eff,TM_English.xml,keyed,Flowing Stance,流动姿态
TM_TigerStrike_ver,Tiger's Cunning,TM_TigerStrike_ver,TM_English.xml,keyed,<ALIMT >tiger</ALIMT>'s Cunning,虎🐅狡猾
TM_DragonStrike_pwr,Dragon's Fury,TM_DragonStrike_pwr,TM_English.xml,keyed,<ALIMT >dragon</ALIMT>'s Fury,龙🐉之怒
TM_DragonStrike_eff,Lurking Dragon,TM_DragonStrike_eff,TM_English.xml,keyed,Lurking <ALIMT >dragon</ALIMT>,潜伏中龙🐉
TM_DragonStrike_ver,Winged Feet,TM_DragonStrike_ver,TM_English.xml,keyed,Winged Feet,翼足
TM_ThunderStrike_pwr,Thunder's Fury,TM_ThunderStrike_pwr,TM_English.xml,keyed,Thunder's Fury,雷霆之怒
TM_ThunderStrike_eff,Electric Spirit,TM_ThunderStrike_eff,TM_English.xml,keyed,Electric Spirit,电灵
TM_ThunderStrike_ver,Shatter,TM_ThunderStrike_ver,TM_English.xml,keyed,Shatter,粉碎
TM_ProvisionerAura_pwr_desc,Increases the effectiveness of all aspects of Commander's provisions.,TM_ProvisionerAura_pwr_desc,TM_English.xml,keyed,Increases the effectiveness of all aspects of Commander's provisions.,提高指挥官装备的各方面的效力。
TM_ProvisionerAura_eff_desc,Reduces energy activation cost and upkeep cost by 12.5% per skill point.,TM_ProvisionerAura_eff_desc,TM_English.xml,keyed,Reduces energy activation cost and upkeep cost by 12.5% per skill point.,每技能点降低 12.5% 的能量激活成本和维持成本。
TM_ProvisionerAura_ver_desc,"Expands the scope of provisions.
Level 0: reduces rest and food decay
Level 1: maintains equipped weapons and gear
Level 2: improves natural health regeneration
Level 3: adds a 15% boost to stamina and mana regeneration",TM_ProvisionerAura_ver_desc,TM_English.xml,keyed,Expands the scope of provisions.<ALIMT >(PH_4)</ALIMT>Level 0: reduces rest and food decay<ALIMT >(PH_3)</ALIMT>Level 1: maintains equipped weapons and gear<ALIMT >(PH_2)</ALIMT>Level 2: improves natural health regeneration<ALIMT >(PH_1)</ALIMT>Level 3: adds a 15% boost to stamina and mana regeneration,"扩大供应范围。
等级 0: 减少休息和食物腐烂
等级 1: 维持装备的武器和装备
等级 2: 改善自然健康再生
等级 3: 提升 15% 的耐力和法力再生能力"
TM_TaskMasterAura_pwr_desc,Increases the work effectiveness of pawns under a task master.,TM_TaskMasterAura_pwr_desc,TM_English.xml,keyed,Increases the work effectiveness of pawns under a task master.,提升主任务下的 pawns 工作效率
TM_TaskMasterAura_eff_desc,Reduces energy activation cost and upkeep cost by 11% per skill point.,TM_TaskMasterAura_eff_desc,TM_English.xml,keyed,Reduces energy activation cost and upkeep cost by 11% per skill point.,每技能点降低 11% 的能量激活成本和维持成本。
TM_TaskMasterAura_ver_desc,Increases the reach of the Task Master Aura by 2 cells per skill point; base reach is 15c. Increases the frequency the effect is applied by 5%.,TM_TaskMasterAura_ver_desc,TM_English.xml,keyed,Increases the reach of the Task Master Aura by 2 cells per skill point; base reach is 15c. Increases the frequency the effect is applied by 5%.,每技能点提升任务大师灵语的射程 2 格，射程 15c。增加该效果应用的频率 5%。
TM_CommanderAura_pwr_desc,Improves effect of Commander's Aura and reduces the amount of time between motivational speeches by 10%.,TM_CommanderAura_pwr_desc,TM_English.xml,keyed,Improves effect of Commander's Aura and reduces the amount of time between motivational speeches by 10%.,改善指挥官的灵媒效果，并将两次激动人心的演讲间隔缩短 10%。
TM_CommanderAura_eff_desc,Reduces energy activation cost and upkeep cost by 10% per skill point.,TM_CommanderAura_eff_desc,TM_English.xml,keyed,Reduces energy activation cost and upkeep cost by 10% per skill point.,每技能点降低 10% 的能量激活成本和维持成本。
TM_CommanderAura_ver_desc,Increases the reach of Commander's Aura by 2 cells per skill point; base reach is 15c. Increases duration of aura effect on pawns by 10% per skill point; base duration is .5hrs (game time).,TM_CommanderAura_ver_desc,TM_English.xml,keyed,Increases the reach of Commander's Aura by 2 cells per skill point; base reach is 15c. Increases duration of aura effect on pawns by 10% per skill point; base duration is .5hrs (game time).,每技能点增加指挥官的灵光射程 2 格，射程 15c。每技能点增加 pawns 身上的光环效果持续时间 10%; 基础持续时间为 0.05 小时 (游戏时间)。
TM_StayAlert_pwr_desc,"Increases the amount of rest gained by each affected pawn by 10% per skill level and extends the duration pawns stay alert. This is a flat bonus, unaffected by the number of pawns receiving the order.",TM_StayAlert_pwr_desc,TM_English.xml,keyed,"Increases the amount of rest gained by each affected <ALIMT >(PH_1)</ALIMT> by 10% per skill level and extends the duration pawns stay alert. This is a flat bonus, unaffected by the number of pawns receiving the order.",增加每个受影响者获得的休息时间pawn每项技能提升 10%，并延长 pawns 保持警戒的持续时间。这是一个固定的奖励，不受接受订单的 pawns 数量的影响。
TM_StayAlert_eff_desc,Reduces the stamina required to order Stay Alert! by 10% per skill level.,TM_StayAlert_eff_desc,TM_English.xml,keyed,Reduces the stamina required to order Stay Alert! by 10% per skill level.,降低维持警惕所需的耐力!每技能等级提升 10%。
TM_MoveOut_pwr_desc,"Increases the movement bonus by 10% per skill level. This is a flat bonus, unaffected by the number of pawns receiving the order.",TM_MoveOut_pwr_desc,TM_English.xml,keyed,"Increases the movement bonus by 10% per skill level. This is a flat bonus, unaffected by the number of pawns receiving the order.",每技能等级增加 10% 的移动加成。这是一个固定的奖励，不受接受订单的 pawns 数量的影响。
TM_MoveOut_eff_desc,Reduces the stamina required to order Move Out! by 10% per skill level.,TM_MoveOut_eff_desc,TM_English.xml,keyed,Reduces the stamina required to order Move Out! by 10% per skill level.,减少命令搬出所需的耐力!每技能等级提升 10%。
TM_HoldTheLine_pwr_desc,"Increases the effectiveness of Hold The Line and increases the amount each affected pawn is shielded. This is a flat bonus, unaffected by the number of pawns receiving the order.",TM_HoldTheLine_pwr_desc,TM_English.xml,keyed,"Increases the effectiveness of Hold The Line and increases the amount each affected <ALIMT >(PH_1)</ALIMT> is shielded. This is a flat bonus, unaffected by the number of pawns receiving the order.",增加持有线的效果，并增加每个受影响的金额pawn被护盾了。这是一个固定的奖励，不受接受订单的 pawns 数量的影响。
TM_HoldTheLine_eff_desc,Reduces the stamina required to order Hold The Line! by 10% per skill level.,TM_HoldTheLine_eff_desc,TM_English.xml,keyed,Reduces the stamina required to order Hold The Line! by 10% per skill level.,降低按住线所需的耐力!每技能等级提升 10%。
TM_ProvisionerAura_pwr,Adept Accounting,TM_ProvisionerAura_pwr,TM_English.xml,keyed,Adept Accounting,精于会计
TM_ProvisionerAura_eff,Efficient Manager,TM_ProvisionerAura_eff,TM_English.xml,keyed,Efficient Manager,高效管理者
TM_ProvisionerAura_ver,Supply Broker,TM_ProvisionerAura_ver,TM_English.xml,keyed,Supply Broker,补给商人
TM_TaskMasterAura_pwr,Drill Master,TM_TaskMasterAura_pwr,TM_English.xml,keyed,Drill Master,钻头大师
TM_TaskMasterAura_eff,Greater Good,TM_TaskMasterAura_eff,TM_English.xml,keyed,Greater Good,更大利益
TM_TaskMasterAura_ver,Voice Projection,TM_TaskMasterAura_ver,TM_English.xml,keyed,Voice Projection,声音投射
TM_CommanderAura_pwr,Visionary Leader,TM_CommanderAura_pwr,TM_English.xml,keyed,Visionary Leader,有远见的领袖
TM_CommanderAura_eff,Mask of the Commander,TM_CommanderAura_eff,TM_English.xml,keyed,Mask of the Commander,指挥官面具
TM_CommanderAura_ver,Motivating Personality,TM_CommanderAura_ver,TM_English.xml,keyed,Motivating Personality,激发人格
TM_StayAlert_pwr,Command Authority,TM_StayAlert_pwr,TM_English.xml,keyed,Command Authority,命令权威
TM_StayAlert_eff,Command Presence,TM_StayAlert_eff,TM_English.xml,keyed,Command Presence,有命令在场
TM_MoveOut_pwr,Command Authority,TM_MoveOut_pwr,TM_English.xml,keyed,Command Authority,命令权威
TM_MoveOut_eff,Command Presence,TM_MoveOut_eff,TM_English.xml,keyed,Command Presence,有命令在场
TM_HoldTheLine_pwr,Command Authority,TM_HoldTheLine_pwr,TM_English.xml,keyed,Command Authority,命令权威
TM_HoldTheLine_eff,Command Presence,TM_HoldTheLine_eff,TM_English.xml,keyed,Command Presence,有命令在场
TM_PistolSpec_pwr_desc,"Equipped pistols gain the following improvements for each skill level:
Damage 		+3%
Shot Count 	+2%
Cooldown 	-2.5%
Warmup 		-2.5%
Burst Time 	-3%
Range 		+1%
Acc. Short 	+1.5%
Acc. Medium	+0.5%",TM_PistolSpec_pwr_desc,TM_English.xml,keyed,Equipped pistols gain the following improvements for each skill level:<ALIMT >(PH_8)</ALIMT>Damage 		+3%<ALIMT >(PH_7)</ALIMT>Shot Count 	+2%<ALIMT >(PH_6)</ALIMT>Cooldown 	-2.5%<ALIMT >(PH_5)</ALIMT>Warmup 		-2.5%<ALIMT >(PH_4)</ALIMT>Burst Time 	-3%<ALIMT >(PH_3)</ALIMT>Range 		+1%<ALIMT >(PH_2)</ALIMT>Acc. Short 	+1.5%<ALIMT >(PH_1)</ALIMT>Acc. Medium	+0.5%,"装备的手枪每个技能等级都有如下提升:
伤害 + 3%
射击次数 + 2%
冷却-2.5%
预热-2.5%
爆发时间-3%
射程 + 1% 米
Acc。短发 + 1.5%
Acc。中 + 0.5%"
TM_PistolSpec_eff_desc,"Increases chance to ignore cooldown after each pistol shot burst.
Level 0: 25%
Level 1: 30%
Level 2: 35%
Level 3: 40%",TM_PistolSpec_eff_desc,TM_English.xml,keyed,Increases chance to ignore cooldown after each pistol shot burst.<ALIMT >(PH_4)</ALIMT>Level 0: 25%<ALIMT >(PH_3)</ALIMT>Level 1: 30%<ALIMT >(PH_2)</ALIMT>Level 2: 35%<ALIMT >(PH_1)</ALIMT>Level 3: 40%,"增加每次手枪射击后忽略冷却时间的几率。
0 级: 25%
一级: 30%
等级 2: 35%
三级: 40%"
TM_PistolSpec_ver_desc,"Improves the Pistol Whip ability.
Level 0: (Stun) 6-9 damage, (Blunt) 6-8 damage, 35% chance to disarm
Level 1: (Stun) 7-10 damage, (Blunt) 7-9 damage, 40% chance to disarm, -10% energy cost
Level 2: (Stun) 8-11 damage, (Blunt) 8-10 damage, 45% chance to disarm, -20% energy cost
Level 3: (Stun) 9-12 damage, (Blunt) 9-11 damage, 50% chance to disarm, -30% energy cost",TM_PistolSpec_ver_desc,TM_English.xml,keyed,"Improves the Pistol <ALIMT >whip</ALIMT> ability.<ALIMT >(PH_4)</ALIMT>Level 0: (Stun) 6-9 damage, (Blunt) 6-8 damage, 35% chance to disarm<ALIMT >(PH_3)</ALIMT>Level 1: (Stun) 7-10 damage, (Blunt) 7-9 damage, 40% chance to disarm, -10% energy cost<ALIMT >(PH_2)</ALIMT>Level 2: (Stun) 8-11 damage, (Blunt) 8-10 damage, 45% chance to disarm, -20% energy cost<ALIMT >(PH_1)</ALIMT>Level 3: (Stun) 9-12 damage, (Blunt) 9-11 damage, 50% chance to disarm, -30% energy cost","改进手枪鞭子能力。
0 级 :( 击晕) 6-9 点伤害，(钝器) 6-8 点伤害，35% 几率解除
等级 1: (眩晕) 7-10 点伤害，(钝击) 7-9 点伤害，40% 几率解除，-10% 能量消耗
等级 2: (眩晕) 8-11 点伤害，(钝击) 8-10 点伤害，45% 几率解除，-20% 能量消耗
等级 3: (眩晕) 9-12 点伤害，(钝击) 9-11 点伤害，50% 几率解除，-30% 能量消耗"
TM_RifleSpec_pwr_desc,"Equipped rifles gain the following improvements for each skill level:
Damage 		+1%
Shot Count 	+3%
Cooldown 	-1%
Warmup 		-1%
Burst Time 	-2%
Range 		+2%
Acc. Short 	+1%
Acc. Medium	+1%
Acc. Long	+1%",TM_RifleSpec_pwr_desc,TM_English.xml,keyed,Equipped rifles gain the following improvements for each skill level:<ALIMT >(PH_9)</ALIMT>Damage 		+1%<ALIMT >(PH_8)</ALIMT>Shot Count 	+3%<ALIMT >(PH_7)</ALIMT>Cooldown 	-1%<ALIMT >(PH_6)</ALIMT>Warmup 		-1%<ALIMT >(PH_5)</ALIMT>Burst Time 	-2%<ALIMT >(PH_4)</ALIMT>Range 		+2%<ALIMT >(PH_3)</ALIMT>Acc. Short 	+1%<ALIMT >(PH_2)</ALIMT>Acc. Medium	+1%<ALIMT >(PH_1)</ALIMT>Acc. Long	+1%,"装备的步枪每项技能都有如下提升:
伤害 + 1%
射击次数 + 3%
冷却-1%
预热-1%
爆发时间-2%
射程 + 2% 米
Acc。短发 + 1%
Acc。中 + 1%
Acc。长 + 1%"
TM_RifleSpec_eff_desc,Increases round count of Suppressing Fire by 12.5% and reduces energy cost by 8% per skill level.,TM_RifleSpec_eff_desc,TM_English.xml,keyed,Increases round count of Suppressing Fire by 12.5% and reduces energy cost by 8% per skill level.,每技能等级增加 12.5% 的压制伤害加成，能量消耗降低 8%。
TM_RifleSpec_ver_desc,Increases explosion damage of the Mk203 Grenade Launcher by 1.5 and reduces energy cost by 8% per skill level.,TM_RifleSpec_ver_desc,TM_English.xml,keyed,Increases explosion damage of the Mk203 Grenade Launcher by 1.5 and reduces energy cost by 8% per skill level.,提高 Mk203 榴弹发射器的爆炸伤害 1.5，并降低 8% 的能量消耗。
TM_ShotgunSpec_pwr_desc,"Equipped shotguns gain the following improvements for each skill level:
Damage 		+2%
Cooldown 	-3%
Warmup 		-3%
Burst Time 	-2%
Range 		+1%
Acc. Touch	+1%
Acc. Short 	+1.5%
Acc. Medium	+0.5%",TM_ShotgunSpec_pwr_desc,TM_English.xml,keyed,Equipped shotguns gain the following improvements for each skill level:<ALIMT >(PH_8)</ALIMT>Damage 		+2%<ALIMT >(PH_7)</ALIMT>Cooldown 	-3%<ALIMT >(PH_6)</ALIMT>Warmup 		-3%<ALIMT >(PH_5)</ALIMT>Burst Time 	-2%<ALIMT >(PH_4)</ALIMT>Range 		+1%<ALIMT >(PH_3)</ALIMT>Acc. <ALIMT >touch</ALIMT>	+1%<ALIMT >(PH_2)</ALIMT>Acc. Short 	+1.5%<ALIMT >(PH_1)</ALIMT>Acc. Medium	+0.5%,"装备的霰弹枪在每个技能级别上获得以下改进:
伤害 + 2%
冷却-3%
预热-3%
爆发时间-2%
射程 + 1% 米
Acc。触摸+ 1%
Acc。短发 + 1.5%
Acc。中 + 0.5%"
TM_ShotgunSpec_eff_desc,Increases pellet count of Buckshot by 3 and reduces energy cost by 8% per skill level.,TM_ShotgunSpec_eff_desc,TM_English.xml,keyed,Increases pellet count of Buckshot by 3 and reduces energy cost by 8% per skill level.,每技能等级增加 3 粒炮弹，能量消耗降低 8%。
TM_ShotgunSpec_ver_desc,Increases damage of Breaching Charge by 15% and reduces energy cost by 8% per skill level.,TM_ShotgunSpec_ver_desc,TM_English.xml,keyed,Increases damage of Breaching Charge by 15% and reduces energy cost by 8% per skill level.,每级技能伤害提升 15%，能量消耗降低 8%。
TM_CQC_pwr_desc,Increases damage of CQC strike by 2 per skill level. Base 10-14 damage.,TM_CQC_pwr_desc,TM_English.xml,keyed,Increases damage of CQC strike by 2 per skill level. Base 10-14 damage.,每技能等级增加 2 点 CQC 伤害。基地 10-14 点伤害。
TM_CQC_eff_desc,Reduces energy cost to use CQC by 10% per skill level.,TM_CQC_eff_desc,TM_English.xml,keyed,Reduces energy cost to use CQC by 10% per skill level.,每技能级别降低使用 CQC 的能量消耗 10%。
TM_CQC_ver_desc,"Increases chance to perform a CQC attack:
Level 0: 20%
Level 1: 25%
Level 2: 28%
Level 3: 30%",TM_CQC_ver_desc,TM_English.xml,keyed,Increases chance to perform a CQC attack:<ALIMT >(PH_4)</ALIMT>Level 0: 20%<ALIMT >(PH_3)</ALIMT>Level 1: 25%<ALIMT >(PH_2)</ALIMT>Level 2: 28%<ALIMT >(PH_1)</ALIMT>Level 3: 30%,"增加执行 CQC 攻击的几率:
0 级: 20%
一级: 25%
等级 2: 28%
三级: 30%"
TM_FirstAid_pwr_desc,Increases number of wounds tended by 1 per skill level. Base 2 wounds tended.,TM_FirstAid_pwr_desc,TM_English.xml,keyed,Increases number of wounds tended by 1 per skill level. Base 2 wounds tended.,每技能等级增加 1 的伤口治疗次数。已治疗基础 2 伤口。
TM_FirstAid_eff_desc,Reduces energy cost to use Self Aid by 10% per skill level.,TM_FirstAid_eff_desc,TM_English.xml,keyed,Reduces energy cost to use Self Aid by 10% per skill level.,每技能等级降低 10% 的能量消耗。
TM_FirstAid_ver_desc,"Improves the tend quality of Self Aid
Level 0: 0-40%
Level 1: 10-50%
Level 2: 20-60%
Level 3: 30-70%",TM_FirstAid_ver_desc,TM_English.xml,keyed,Improves the tend quality of Self Aid<ALIMT >(PH_4)</ALIMT>Level 0: 0-40%<ALIMT >(PH_3)</ALIMT>Level 1: 10-50%<ALIMT >(PH_2)</ALIMT>Level 2: 20-60%<ALIMT >(PH_1)</ALIMT>Level 3: 30-70%,"提高治疗质量
0 级: 0-40%
一级: 10-50%
等级 2: 20-60%
三级: 30-70%"
TM_60mmMortar_pwr_desc,"Increases blast damage and radius.
Level 0: 14-20 damage, 2c radius
Level 1: 15-22 damage, 2.35c radius
Level 2: 16-24 damage, 2.7c radius
Level 3: 17-26 damage, 3.05c radius",TM_60mmMortar_pwr_desc,TM_English.xml,keyed,"Increases blast damage and radius.<ALIMT >(PH_4)</ALIMT>Level 0: 14-20 damage, 2c radius<ALIMT >(PH_3)</ALIMT>Level 1: 15-22 damage, 2.35c radius<ALIMT >(PH_2)</ALIMT>Level 2: 16-24 damage, 2.7c radius<ALIMT >(PH_1)</ALIMT>Level 3: 17-26 damage, 3.05c radius","增加爆炸伤害和半径。
0 级: 14-20 点伤害，半径 2c
一级: 15-22 点伤害，半径 2.35c
等级 2: 伤害 16-24，半径 2.7c
三级: 17-26 点伤害，3.05c 半径"
TM_60mmMortar_eff_desc,Reduces energy cost to deploy a 60mm Mortar system by 8% and increases accuracy by 10% per skill level .,TM_60mmMortar_eff_desc,TM_English.xml,keyed,Reduces energy cost to deploy a 60mm Mortar system by 8% and increases accuracy by 10% per skill level .,部署 60毫米迫击炮系统的能源成本降低 8%，精度提高 10%。
TM_60mmMortar_ver_desc,Increases the max range and reduces the delay between rounds. Rank 3 increases round count to 4.,TM_60mmMortar_ver_desc,TM_English.xml,keyed,Increases the max range and reduces the delay between rounds. Rank 3 increases round count to 4.,增加最大射程并减少炮弹之间的延迟。等级 3 将回合数增加至 4。
TM_PistolSpec_pwr,Pistol Specialization,TM_PistolSpec_pwr,TM_English.xml,keyed,Pistol Specialization,手枪专精
TM_PistolSpec_eff,Double Tap,TM_PistolSpec_eff,TM_English.xml,keyed,Double Tap,双击
TM_PistolSpec_ver,Pistol Whip,TM_PistolSpec_ver,TM_English.xml,keyed,Pistol <ALIMT >whip</ALIMT>,手枪鞭子
TM_RifleSpec_pwr,Rifle Specialization,TM_RifleSpec_pwr,TM_English.xml,keyed,Rifle Specialization,步枪专精
TM_RifleSpec_eff,Bullet Storm,TM_RifleSpec_eff,TM_English.xml,keyed,Bullet Storm,子弹风暴
TM_RifleSpec_ver,Grenadier,TM_RifleSpec_ver,TM_English.xml,keyed,Grenadier,雇佣掷弹兵
TM_ShotgunSpec_pwr,Shotgun Specialization,TM_ShotgunSpec_pwr,TM_English.xml,keyed,Shotgun Specialization,霰弹枪专业化
TM_ShotgunSpec_eff,Shell Shock,TM_ShotgunSpec_eff,TM_English.xml,keyed,<ALIMT >shell</ALIMT> Shock,贝壳休克
TM_ShotgunSpec_ver,Shape Charge,TM_ShotgunSpec_ver,TM_English.xml,keyed,Shape Charge,塑造电荷
TM_CQC_pwr,Force,TM_CQC_pwr,TM_English.xml,keyed,Force,强制
TM_CQC_eff,Quickness,TM_CQC_eff,TM_English.xml,keyed,Quickness,疾速
TM_CQC_ver,Balance,TM_CQC_ver,TM_English.xml,keyed,Balance,平衡
TM_FirstAid_pwr,Troll's Blood,TM_FirstAid_pwr,TM_English.xml,keyed,Troll's <ALIMT >blood</ALIMT>,巨魔血
TM_FirstAid_eff,Natural Tendency,TM_FirstAid_eff,TM_English.xml,keyed,Natural Tendency,自然倾向
TM_FirstAid_ver,Second Skin,TM_FirstAid_ver,TM_English.xml,keyed,Second Skin,次肤
TM_60mmMortar_pwr,High Explosive,TM_60mmMortar_pwr,TM_English.xml,keyed,High Explosive,高爆率
TM_60mmMortar_eff,Mortar Expert,TM_60mmMortar_eff,TM_English.xml,keyed,Mortar Expert,迫击炮专家
TM_60mmMortar_ver,Quality Shells,TM_60mmMortar_ver,TM_English.xml,keyed,Quality <ALIMT >shells</ALIMT>,品质贝壳
TM_ShadowWalk_pwr_desc,"Applies a short duration invisibility to the caster after performing Shadow Walk.
Level 0: N/A
Level 1: 2s invisibility
Level 2: 3s invisibility
Level 3: 4s invisibility",TM_ShadowWalk_pwr_desc,TM_English.xml,keyed,Applies a short duration invisibility to the caster after performing Shadow Walk.<ALIMT >(PH_4)</ALIMT>Level 0: N/A<ALIMT >(PH_3)</ALIMT>Level 1: 2s invisibility<ALIMT >(PH_2)</ALIMT>Level 2: 3s invisibility<ALIMT >(PH_1)</ALIMT>Level 3: 4s invisibility,"在执行阴影行走后，对施法者应用短时间隐形。
等级 0: N/A
等级 1: 2s 隐形
等级 2: 3s 隐形
等级 3: 4s 隐形"
TM_ShadowWalk_eff_desc,Reduces the amount of mana required to use shadow walk by 8% per skill point.,TM_ShadowWalk_eff_desc,TM_English.xml,keyed,Reduces the amount of mana required to use shadow walk by 8% per skill point.,每项技能点减少使用阴影行走所需的法力值 8%。
TM_ShadowWalk_ver_desc,"Creates an excess of shadow for restoration and protection for the caster and friendly target pawns.
Level 0: N/A
Level 1: heals the caster
Level 2: heals the target
Level 3: briefly cloaks the target",TM_ShadowWalk_ver_desc,TM_English.xml,keyed,Creates an excess of shadow for restoration and protection for the caster and friendly target pawns.<ALIMT >(PH_4)</ALIMT>Level 0: N/A<ALIMT >(PH_3)</ALIMT>Level 1: heals the caster<ALIMT >(PH_2)</ALIMT>Level 2: heals the target<ALIMT >(PH_1)</ALIMT>Level 3: briefly cloaks the target,"创建一个多余的阴影来恢复和保护施法者和友军的目标 pawns。
等级 0: N/A
等级 1: 治愈施术者
等级 2: 治愈目标
等级 3: 暂时遮蔽目标"
TM_ShadowStrike_pwr_desc,Increases damage of shadow strike by 5% per skill point.,TM_ShadowStrike_pwr_desc,TM_English.xml,keyed,Increases damage of shadow strike by 5% per skill point.,每技能点增加 5% 的影击伤害。
TM_ShadowStrike_eff_desc,Reduces stamina cost by 4% per skill point.,TM_ShadowStrike_eff_desc,TM_English.xml,keyed,Reduces stamina cost by 4% per skill point.,每技能点降低 4% 的耐力消耗。
TM_ShadowStrike_ver_desc,"Adds survivability and lethality to shadow strike:
Level 0: N/A
Level 1: gain 2s of invisibility
Level 2: invisibility +1s
Level 3: initiates shadow strike with a splash of nightshade that applies nightshade toxin to all enemies 2m around the target
Level 4: increases toxin severity
Level 5: splash radius +1m",TM_ShadowStrike_ver_desc,TM_English.xml,keyed,Adds survivability and lethality to shadow strike:<ALIMT >(PH_6)</ALIMT>Level 0: N/A<ALIMT >(PH_5)</ALIMT>Level 1: gain 2s of invisibility<ALIMT >(PH_4)</ALIMT>Level 2: invisibility +1s<ALIMT >(PH_3)</ALIMT>Level 3: initiates shadow strike with a splash of nightshade that applies nightshade toxin to all enemies 2m around the target<ALIMT >(PH_2)</ALIMT>Level 4: increases toxin severity<ALIMT >(PH_1)</ALIMT>Level 5: splash radius +1m,"为阴影打击增加生存能力和致命性:
等级 0: N/A
等级 1: 隐形 2 秒
等级 2: 隐形 + 1 秒
等级 3: 对目标周围 2 米处的所有敌人发起阴影打击
等级 4: 毒素增加
等级 5: 喷溅半径 + 1 米"
TM_Nightshade_pwr_desc,Increases toxic severity of each attack by 20% per skill point.,TM_Nightshade_pwr_desc,TM_English.xml,keyed,Increases toxic severity of each attack by 20% per skill point.,每技能点提高每一次攻击的中毒严重度 20%。
TM_Nightshade_eff_desc,Reduces nightshade upkeep cost by 6% per skill point.,TM_Nightshade_eff_desc,TM_English.xml,keyed,Reduces nightshade upkeep cost by 6% per skill point.,每技能点降低 6% 的夜光维持成本。
TM_Nightshade_ver_desc,Increases maximum amount of nightshade toxin doses by 20% per skill point.,TM_Nightshade_ver_desc,TM_English.xml,keyed,Increases maximum amount of nightshade toxin doses by 20% per skill point.,每技能点增加最大龙眼毒素剂量 20%。
TM_VeilOfShadows_pwr_desc,Increases duration of invisibility and shadow fog by 1s per skill point. Grants 10s of invisibility by default.,TM_VeilOfShadows_pwr_desc,TM_English.xml,keyed,Increases duration of invisibility and shadow fog by 1s per skill point. Grants 10s of invisibility by default.,每技能点增加 1 秒隐形和影雾的持续时间。默认授予 10 个隐身等级。
TM_VeilOfShadows_eff_desc,Reduces stamina cost of Veil of Shadows by 6% per skill point.,TM_VeilOfShadows_eff_desc,TM_English.xml,keyed,Reduces stamina cost of Veil of Shadows by 6% per skill point.,每项技能点可以消耗 6% 的能量与能量。
TM_VeilOfShadows_ver_desc,Increases radius of shadow fog by 10% per skill point and cloak of shadows also applies movement and manipulation bonuses of 20% per skill point.,TM_VeilOfShadows_ver_desc,TM_English.xml,keyed,Increases radius of shadow fog by 10% per skill point and cloak of shadows also applies movement and manipulation bonuses of 20% per skill point.,每技能点增加 10% 的影雾半径和暗影披风也应用每技能点 20% 的移动和操纵加成。
TM_ShadowWalk_pwr,Lingering Shadow,TM_ShadowWalk_pwr,TM_English.xml,keyed,Lingering Shadow,挥之不去的阴影
TM_ShadowWalk_eff,Contrast,TM_ShadowWalk_eff,TM_English.xml,keyed,Contrast,对比度
TM_ShadowWalk_ver,Shadow's Caress,TM_ShadowWalk_ver,TM_English.xml,keyed,Shadow's <ALIMT >caress</ALIMT>,阴影爱抚
TM_ShadowStrike_pwr,Vicious Strikes,TM_ShadowStrike_pwr,TM_English.xml,keyed,Vicious Strikes,凶残的攻击
TM_ShadowStrike_eff,Hidden Approach,TM_ShadowStrike_eff,TM_English.xml,keyed,Hidden Approach,隐藏接近
TM_ShadowStrike_ver,Toxic Shadow,TM_ShadowStrike_ver,TM_English.xml,keyed,Toxic Shadow,毒影
TM_Nightshade_pwr,Toxin Potency,TM_Nightshade_pwr,TM_English.xml,keyed,Toxin Potency,毒素效力
TM_Nightshade_eff,Forager,TM_Nightshade_eff,TM_English.xml,keyed,Forager,觅食者
TM_Nightshade_ver,Toxic Reserves,TM_Nightshade_ver,TM_English.xml,keyed,Toxic Reserves,中毒储备
TM_VeilOfShadows_pwr,Clinging Shadow,TM_VeilOfShadows_pwr,TM_English.xml,keyed,Clinging Shadow,阴影
TM_VeilOfShadows_eff,Shadow Saint,TM_VeilOfShadows_eff,TM_English.xml,keyed,Shadow Saint,暗影圣人
TM_VeilOfShadows_ver,Overwhelming Darkness,TM_VeilOfShadows_ver,TM_English.xml,keyed,Overwhelming Darkness,极其黑暗
TM_Herbalist_pwr_desc,Increases the carrying capacity of apothecary herbs by 10 per skill level.,TM_Herbalist_pwr_desc,TM_English.xml,keyed,Increases the carrying capacity of apothecary herbs by 10 per skill level.,每技能级别增加 10 种药师草的携带能力。
TM_Herbalist_eff_desc,Reduces the rate ingredients expire by 10% per skill level.,TM_Herbalist_eff_desc,TM_English.xml,keyed,Reduces the rate ingredients expire by 10% per skill level.,每级技能减少 10% 的原料过期几率。
TM_Herbalist_ver_desc,Increase the number of useful ingredients found during harvesting by 10% per skill level.,TM_Herbalist_ver_desc,TM_English.xml,keyed,Increase the number of useful ingredients found during harvesting by 10% per skill level.,每项技能可让收获的有用原料增加 10%。
TM_PoisonFlask_pwr_desc,Increases the duration of the poison flask's fog by 1s per skill level. Base 6s.,TM_PoisonFlask_pwr_desc,TM_English.xml,keyed,Increases the duration of the poison flask's fog by 1s per skill level. Base 6s.,每技能级别增加一个毒瓶的雾持续时间 1 s。基地 6 秒。
TM_PoisonFlask_eff_desc,Reduces amount of ingredients needed to create a poison flask by 8% per skill level.,TM_PoisonFlask_eff_desc,TM_English.xml,keyed,Reduces amount of ingredients needed to create a poison flask by 8% per skill level.,每个技能级别可将制作毒瓶所需的原料减少 8%。
TM_PoisonFlask_ver_desc,"Increases the radius of poison flask's fog by .8c per skill level, Base 4c.",TM_PoisonFlask_ver_desc,TM_English.xml,keyed,"Increases the radius of poison flask's fog by .8c per skill level, Base 4c.",每增加一个技能等级，增加毒瓶的雾半径 0.8 度。
TM_Elixir_pwr_desc,Increases the duration of Elixir's potent stage by 2.4hrs.,TM_Elixir_pwr_desc,TM_English.xml,keyed,Increases the duration of Elixir's potent stage by 2.4hrs.,增加仙丹效力阶段的持续时间 2.4 小时。
TM_Elixir_eff_desc,Reduces ingredients to produce an Elixir by 8% per skill level.,TM_Elixir_eff_desc,TM_English.xml,keyed,Reduces ingredients to produce an Elixir by 8% per skill level.,每技能等级减少原料产量 8%。
TM_Elixir_ver_desc,"The herbal Elixir's benefits can be expanded with the right ingredients:
Level 0: reduces rest decay and increases health regeneration while active
Level 1: actively fights infections
Level 2: actively fights diseases
Level 3: slowly heals permanent injuries",TM_Elixir_ver_desc,TM_English.xml,keyed,The herbal Elixir's benefits can be expanded with the right ingredients:<ALIMT >(PH_4)</ALIMT>Level 0: reduces rest decay and increases health regeneration while active<ALIMT >(PH_3)</ALIMT>Level 1: actively fights infections<ALIMT >(PH_2)</ALIMT>Level 2: actively fights diseases<ALIMT >(PH_1)</ALIMT>Level 3: slowly heals permanent injuries,"草药长生不老药的好处可以用正确的成分来扩大:
等级 0: 减少休息衰减并提高活跃时的健康再生
等级 1: 积极抵抗感染
等级 2: 主动与疾病战斗
等级 3: 缓慢治愈疤痕"
TM_SoothingBalm_pwr_desc,Increases the tend quality of treated wounds by 10% per skill level. Base 50-70%.,TM_SoothingBalm_pwr_desc,TM_English.xml,keyed,Increases the tend quality of treated wounds by 10% per skill level. Base 50-70%.,每技能等级提高治疗伤口的治疗质量 10%。基地 50-70%。
TM_SoothingBalm_eff_desc,Reduces the amount of ingredients used to create soothing balm by 8% per skill level.,TM_SoothingBalm_eff_desc,TM_English.xml,keyed,Reduces the amount of ingredients used to create soothing balm by 8% per skill level.,每技能等级减少 8% 的舒缓膏所需原料。
TM_SoothingBalm_ver_desc,Increases the number of wounds tended by soothing balm.,TM_SoothingBalm_ver_desc,TM_English.xml,keyed,Increases the number of wounds tended by soothing balm.,增加舒缓膏治疗的伤口数量。
TM_FireSuppressionFlask_eff_desc,Reduces amount of ingredients needed to create a fire suppression flask by 15% per skill level.,TM_FireSuppressionFlask_eff_desc,TM_English.xml,keyed,Reduces amount of ingredients needed to create a fire suppression flask by 15% per skill level.,每个技能级别可减少 15% 的制作所需原料。
TM_Herbalist_pwr,Herbalist Bag,TM_Herbalist_pwr,TM_English.xml,keyed,Herbalist Bag,草药师包
TM_Herbalist_eff,Preservation,TM_Herbalist_eff,TM_English.xml,keyed,Preservation,保存
TM_Herbalist_ver,Forager,TM_Herbalist_ver,TM_English.xml,keyed,Forager,觅食者
TM_PoisonFlask_pwr,Lingering Cloud,TM_PoisonFlask_pwr,TM_English.xml,keyed,Lingering Cloud,持续阴云
TM_PoisonFlask_eff,Ingredient Efficiency,TM_PoisonFlask_eff,TM_English.xml,keyed,Ingredient Efficiency,原料效率
TM_PoisonFlask_ver,Expanding Cloud,TM_PoisonFlask_ver,TM_English.xml,keyed,Expanding Cloud,扩展云
TM_Elixir_pwr,Potency,TM_Elixir_pwr,TM_English.xml,keyed,Potency,效力
TM_Elixir_eff,Ingredient Efficiency,TM_Elixir_eff,TM_English.xml,keyed,Ingredient Efficiency,原料效率
TM_Elixir_ver,Chemistry,TM_Elixir_ver,TM_English.xml,keyed,Chemistry,化学
TM_SoothingBalm_pwr,Tending Salve,TM_SoothingBalm_pwr,TM_English.xml,keyed,Tending Salve,治疗
TM_SoothingBalm_eff,Ingredient Efficiency,TM_SoothingBalm_eff,TM_English.xml,keyed,Ingredient Efficiency,原料效率
TM_SoothingBalm_ver,Anesthetic,TM_SoothingBalm_ver,TM_English.xml,keyed,Anesthetic,麻醉
TM_FireSuppressionFlask_eff,Ingredient Efficiency,TM_FireSuppressionFlask_eff,TM_English.xml,keyed,Ingredient Efficiency,原料效率
TM_ApothecaryHerbsGizmoLabel,Herbs,TM_ApothecaryHerbsGizmoLabel,TM_English.xml,keyed,Herbs,药草
TM_Taunt_pwr,Challenger,TM_Taunt_pwr,TM_English.xml,keyed,Challenger,挑战者
TM_Taunt_eff,Book of Insults,TM_Taunt_eff,TM_English.xml,keyed,Book of Insults,侮辱书
TM_Taunt_ver,Bellowing Roar,TM_Taunt_ver,TM_English.xml,keyed,Bellowing Roar,吼叫
TM_Taunt_pwr_desc,"Increases the chance taunt is successful and max number of targets.
Level 0: 60%, 5 targets max
Level 1: 65%, 6 targets max
Level 2: 70%, 7 targets max
Level 3: 75%, 8 targets max",TM_Taunt_pwr_desc,TM_English.xml,keyed,"Increases the chance taunt is successful and max number of targets.<ALIMT >(PH_4)</ALIMT>Level 0: 60%, 5 targets max<ALIMT >(PH_3)</ALIMT>Level 1: 65%, 6 targets max<ALIMT >(PH_2)</ALIMT>Level 2: 70%, 7 targets max<ALIMT >(PH_1)</ALIMT>Level 3: 75%, 8 targets max","增加嘲弄成功的几率和目标的最大数量。
0 级: 60% 个，最多 5 个目标
等级 1: 65%，最多 6 个目标
等级 2: 70%，最多 7 个目标
三级: 75%，最多 8 个目标"
TM_Taunt_eff_desc,Reduces energy cost by 10% per skill level.,TM_Taunt_eff_desc,TM_English.xml,keyed,Reduces energy cost by 10% per skill level.,每技能等级降低能量消耗 10%。
TM_Taunt_ver_desc,Increases the radius of taunt by 2 cells; default is 15 cells.,TM_Taunt_ver_desc,TM_English.xml,keyed,Increases the radius of taunt by 2 cells; default is 15 cells.,将嘲弄半径增加 2 个方块，默认值为 15 个方块。
TM_Explosion_pwr,Destruction,TM_Explosion_pwr,TM_English.xml,keyed,Destruction,毁灭
TM_Explosion_eff,Chant,TM_Explosion_eff,TM_English.xml,keyed,Chant,吟诵
TM_Explosion_ver,Ocular Refinement,TM_Explosion_ver,TM_English.xml,keyed,Ocular Refinement,眼睛精炼
TM_Explosion_pwr_desc,Increases damage of Explosion by 2% per skill level.,TM_Explosion_pwr_desc,TM_English.xml,keyed,Increases damage of Explosion by 2% per skill level.,每技能等级增加 2% 的爆炸伤害。
TM_Explosion_eff_desc,Reduces energy cost of Explosion by 1% per skill level.,TM_Explosion_eff_desc,TM_English.xml,keyed,Reduces energy cost of Explosion by 1% per skill level.,每技能级别降低爆炸的能量消耗 1%。
TM_Explosion_ver_desc,Reduces the time it takes Explosion to activate by 1% and increases the radius of Explosion by 1 cells at levels 10/20/30; default is 12 cells.,TM_Explosion_ver_desc,TM_English.xml,keyed,Reduces the time it takes Explosion to activate by 1% and increases the radius of Explosion by 1 cells at levels 10/20/30; default is 12 cells.,将爆炸激活所需的时间减少 1%，并在 10/20/30 级别增加爆炸半径 1 格; 默认为 12 格。
TM_MedicalSupply_ver,Capacity,TM_MedicalSupply_ver,TM_English.xml,keyed,Capacity,容量
TM_MedicalSupply_ver_desc,Increases the maximum amount of Medical Supply carried by 10 per skill level.,TM_MedicalSupply_ver_desc,TM_English.xml,keyed,Increases the maximum amount of Medical Supply carried by 10 per skill level.,提高每个技能级别携带的最大医疗补给量 10。
TM_Medigel_eff,Combat Medic,TM_Medigel_eff,TM_English.xml,keyed,Combat Medic,经验丰富的医疗兵
TM_Medigel_eff_desc,Reduces the energy cost of Medigel by 5% per skill level.,TM_Medigel_eff_desc,TM_English.xml,keyed,Reduces the energy cost of Medigel by 5% per skill level.,每项技能消耗的 Medigel 减少 5%
TM_CombatDrugs_pwr,Potency,TM_CombatDrugs_pwr,TM_English.xml,keyed,Potency,效力
TM_CombatDrugs_pwr_desc,"Increases the number of effects applied:
Level 0: 1 effect
Level 1: 2 effects
Level 2: 3 effects
Level 3: all 4 effects",TM_CombatDrugs_pwr_desc,TM_English.xml,keyed,Increases the number of effects applied:<ALIMT >(PH_4)</ALIMT>Level 0: 1 effect<ALIMT >(PH_3)</ALIMT>Level 1: 2 effects<ALIMT >(PH_2)</ALIMT>Level 2: 3 effects<ALIMT >(PH_1)</ALIMT>Level 3: all 4 effects,"增加应用的效果数量:
0:1 级效果
等级 1: 效果 2
等级 2: 3 个效果
等级 3: 所有 4 个效果"
TM_CombatDrugs_ver,Stabilization,TM_CombatDrugs_ver,TM_English.xml,keyed,Stabilization,稳定
TM_CombatDrugs_ver_desc,Lasts 120s plus 20s per skill level.,TM_CombatDrugs_ver_desc,TM_English.xml,keyed,Lasts 120s plus 20s per skill level.,每技能等级持续 120 秒加 20 秒。
TM_TabMagic,Magic,TM_TabMagic,TM_English.xml,keyed,Magic,神奇
TM_TabMight,Might,TM_TabMight,TM_English.xml,keyed,Might,可能
TM_TabCustom,Class,TM_TabCustom,TM_English.xml,keyed,<ALIMT >class</ALIMT>,班级
TM_Header,magic,TM_Header,TM_English.xml,keyed,magic,神奇
TM_HeaderMight,might,TM_HeaderMight,TM_English.xml,keyed,might,可能
TM_Level,level,TM_Level,TM_English.xml,keyed,level,等级
TM_Spells,magic spells,TM_Spells,TM_English.xml,keyed,magic spells,魔咒
TM_Skills,might skills,TM_Skills,TM_English.xml,keyed,might skills,可能技能
TM_PointsAvail,Points Available,TM_PointsAvail,TM_English.xml,keyed,Points Available,可用点数
TM_MagicXPDesc,Magic XP is gained as characters use spells.  XP gain is equivalent to the difficulty of the spell.  Characters will also gain XP slowly if they are at max mana.,TM_MagicXPDesc,TM_English.xml,keyed,Magic XP is gained as characters use spells.  XP gain is equivalent to the difficulty of the spell.  Characters will also gain XP slowly if they are at max mana.,角色使用法术时可获得魔术经验。经验值加成相当于法术的难度。如果角色处于最大法力值，则缓慢获得经验点数。
TM_MightXPDesc,Might XP is gained as characters use combat skills.  XP gain is equivalent to the difficulty of the skill.  Characters will also gain XP slowly if they are fully rested.,TM_MightXPDesc,TM_English.xml,keyed,Might XP is gained as characters use combat skills.  XP gain is equivalent to the difficulty of the skill.  Characters will also gain XP slowly if they are fully rested.,角色使用战斗技能时可能会获得经验值。经验值加成相当于技能的难度。如果角色完全休息，他们也会慢慢获得经验值。
TM_CheckPointsForMoreInfo,Hover your mouse over skill attributes for more information on improvements.,TM_CheckPointsForMoreInfo,TM_English.xml,keyed,Hover your mouse over skill attributes for more information on improvements.,将鼠标移动到技能属性上方以了解更多改进信息。
TM_MagicLevelUp,{0} has gained a deeper understanding of magic and can train a new magic skill.,TM_MagicLevelUp,TM_English.xml,keyed,<ALIMT >(PH_1)</ALIMT> has gained a deeper understanding of magic and can train a new magic skill.,{0}对魔术有了更深的理解，可以训练一个新的魔术技能。
TM_MightLevelUp,{0} has grown stronger and is ready to develop a combat skill.,TM_MightLevelUp,TM_English.xml,keyed,<ALIMT >(PH_1)</ALIMT> has grown stronger and is ready to develop a combat skill.,{0}变得更强大，准备开发一个战斗技能。
TM_NotEnoughAbilityPoints,Requires {1} ability points. Pawn has {0}.,TM_NotEnoughAbilityPoints,TM_English.xml,keyed,Requires <ALIMT >(PH_2)</ALIMT> ability points. Pawn has <ALIMT >(PH_1)</ALIMT>.,需要{1}能力点数。Pawn 有{0}没有。
TM_Power,Lightning Storm power,TM_Power,TM_English.xml,keyed,Lightning Storm power,闪电风暴威力
TM_Efficiency,Lightning Storm Efficiency,TM_Efficiency,TM_English.xml,keyed,Lightning Storm Efficiency,闪电风暴效率
TM_Versatility,Lightning Storm versatility,TM_Versatility,TM_English.xml,keyed,Lightning Storm versatility,闪电风暴多功能
TM_TechnomancerPathWarning,**Only one technomancy path can be chosen; once a path is selected all other paths will be closed**,TM_TechnomancerPathWarning,TM_English.xml,keyed,**Only one technomancy path can be chosen; once a path is selected all other paths will be closed**,* * 只能选择一个技术路径; 一旦选择了一个路径，所有其他路径都将关闭 * *
TM_SuperSoldierPathWarning,**Only one weapon specialization can be chosen; once a path is selected all other paths will be closed**,TM_SuperSoldierPathWarning,TM_English.xml,keyed,**Only one weapon specialization can be chosen; once a path is selected all other paths will be closed**,* * 只能选择一个武器专门化; 一旦选择了一个路径，所有其他的路径都将被关闭 * *
TM_SpellLocked,Locked: learn {0} using a scroll,TM_SpellLocked,TM_English.xml,keyed,Locked: learn <ALIMT >(PH_1)</ALIMT> using a scroll,锁定: 学习{0}使用滚动图
TM_MasterSpellLocked,Locked: learn {0} using a master scroll,TM_MasterSpellLocked,TM_English.xml,keyed,Locked: learn <ALIMT >(PH_1)</ALIMT> using a master scroll,锁定: 学习{0}使用主滚动
Poppi_fuelGrowth,Chemical extraction,Poppi_fuelGrowth,TM_English.xml,keyed,Chemical extraction,化学提取
TM_ArmorHarmony,Virtue,TM_ArmorHarmony,TM_English.xml,keyed,Virtue,美德
TM_AbilityDescBaseManaCost,Base Mana Cost: {0} ,TM_AbilityDescBaseManaCost,TM_English.xml,keyed,Base Mana Cost: <ALIMT >(PH_1)</ALIMT> ,基础法力消耗:{0}
TM_AbilityDescAdjustedManaCost,Adjusted Mana Cost: {0} ,TM_AbilityDescAdjustedManaCost,TM_English.xml,keyed,Adjusted Mana Cost: <ALIMT >(PH_1)</ALIMT> ,调整后的法力消耗:{0}
TM_AbilityDescBaseStaminaCost,Base Stamina Cost: {0} ,TM_AbilityDescBaseStaminaCost,TM_English.xml,keyed,Base Stamina Cost: <ALIMT >(PH_1)</ALIMT> ,基础耐力消耗:{0}
TM_AbilityDescAdjustedStaminaCost,Adjusted Stamina Cost: {0} ,TM_AbilityDescAdjustedStaminaCost,TM_English.xml,keyed,Adjusted Stamina Cost: <ALIMT >(PH_1)</ALIMT> ,调整后的耐力消耗:{0}
TM_AbilityDescBaseBloodCost,Base Blood Cost: {0} ,TM_AbilityDescBaseBloodCost,TM_English.xml,keyed,Base <ALIMT >blood</ALIMT> Cost: <ALIMT >(PH_1)</ALIMT> ,角根血花费:{0}
TM_AbilityDescAdjustedBloodCost,Adjusted Blood Cost: {0} ,TM_AbilityDescAdjustedBloodCost,TM_English.xml,keyed,Adjusted <ALIMT >blood</ALIMT> Cost: <ALIMT >(PH_1)</ALIMT> ,已调整血花费:{0}
TM_AbilityDescBaseResourceCost,Base {0} Cost: {1} ,TM_AbilityDescBaseResourceCost,TM_English.xml,keyed,Base <ALIMT >(PH_2)</ALIMT> Cost: <ALIMT >(PH_1)</ALIMT> ,角根{0}花费:{1}
TM_AbilityDescAdjustedResourceCost,Adjusted {0} Cost: {1} ,TM_AbilityDescAdjustedResourceCost,TM_English.xml,keyed,Adjusted <ALIMT >(PH_2)</ALIMT> Cost: <ALIMT >(PH_1)</ALIMT> ,已调整{0}花费:{1}
TM_AbilityDescBaseChiCost,Base Chi Cost: {0} ,TM_AbilityDescBaseChiCost,TM_English.xml,keyed,Base Chi Cost: <ALIMT >(PH_1)</ALIMT> ,基础气成本:{0}
TM_AbilityDescAdjustedChiCost,Adjusted Chi Cost: {0} ,TM_AbilityDescAdjustedChiCost,TM_English.xml,keyed,Adjusted Chi Cost: <ALIMT >(PH_1)</ALIMT> ,调整气成本:{0}
TM_AbilityDescPortalTime,Portal collapse in {0} seconds,TM_AbilityDescPortalTime,TM_English.xml,keyed,Portal collapse in <ALIMT >(PH_1)</ALIMT> seconds,传送门塌陷{0}秒
TM_AbilityDescSummonDuration,Summon duration: {0} seconds,TM_AbilityDescSummonDuration,TM_English.xml,keyed,Summon duration: <ALIMT >(PH_1)</ALIMT> seconds,召唤持续时间:{0}秒
TM_AdjustedCooldown,Adjusted Cooldown: {0} seconds,TM_AdjustedCooldown,TM_English.xml,keyed,Adjusted Cooldown: <ALIMT >(PH_1)</ALIMT> seconds,已调整冷却时间:{0}秒
TM_PsionicInitialCost,Initial Psionic Energy Cost: {0},TM_PsionicInitialCost,TM_English.xml,keyed,Initial Psionic Energy Cost: <ALIMT >(PH_1)</ALIMT>,初始灵能消耗:{0}
TM_PsionicBlastAddCost,Subsequent Blast Energy Cost: {0},TM_PsionicBlastAddCost,TM_English.xml,keyed,Subsequent Blast Energy Cost: <ALIMT >(PH_1)</ALIMT>,后续爆破能量消耗:{0}
TM_RequiresHateAmount,Required Hate: {0},TM_RequiresHateAmount,TM_English.xml,keyed,Required Hate: <ALIMT >(PH_1)</ALIMT>,恶恨条件:{0}
TM_Replicate,Replication Scan,TM_Replicate,TM_English.xml,keyed,Replication Scan,复制扫描
TM_ReplicateDesc,"The Arcane Forge is capable of scanning a single item and replicating its design. If successful, the forge stores the design blueprints of the scanned item and the item can then be crafted at the forge.\n\nReplicated items require the same material as the standard item to craft, but any research requirements or crafting skill requirements are bypassed. All replicated items require a high intelligence to reproduce and the forge can only be operated by a mage.\n\n*Admin note: the forge can perform scans at no cost, but the active design is replaced by the default recipe if the game is reloaded.\n\nReplication has no use limit, but is benefits most when used to create items you do not have the research to create, to alter the crafting requirements, to take advantage of the dramatically increased crafting speed of the arcane forge or to benefit from the quality bonus when operated by a high level mage.",TM_ReplicateDesc,TM_English.xml,keyed,"The Arcane Forge is capable of scanning a single item and replicating its design. If successful, the forge stores the design blueprints of the scanned item and the item can then be crafted at the forge.<ALIMT >(PH_6)</ALIMT><ALIMT >(PH_5)</ALIMT>Replicated items require the same material as the standard item to craft, but any research requirements or crafting skill requirements are bypassed. All replicated items require a high intelligence to reproduce and the forge can only be operated by a mage.<ALIMT >(PH_4)</ALIMT><ALIMT >(PH_3)</ALIMT>*Admin note: the forge can perform scans at no cost, but the active design is replaced by the default recipe if the game is reloaded.<ALIMT >(PH_2)</ALIMT><ALIMT >(PH_1)</ALIMT>Replication has no use limit, but is benefits most when used to create items you do not have the research to create, to alter the crafting requirements, to take advantage of the dramatically increased crafting speed of the arcane forge or to benefit from the quality bonus when operated by a high level mage.","神秘的锻造台能够扫描单个物品并复制其设计。如果成功，锻造将存储扫描物品的设计蓝图，然后可以在锻造台上制作该物品。

复制的物品所需材料与标准物品的工艺材料相同，但任何研究要求或制作技能要求都会被忽略。所有被复制的物品都需要很高的智能才能复制，锻造台上只能由一个法师操作。

* 管理员注意: 锻造可以免费执行扫描，但如果游戏被重新载入，激活的设计会被默认的配方所取代。

复制没有使用限制，但是当被用于制作你没有足够研究成果的物品时，复制将会获得更大的收益，从而改变制作需求。以利用神秘锻造工艺大幅提升的制作速度，或在高级法师操作时从效果加成中受益。"
TM_ReplicateDisabled,Replication Disabled,TM_ReplicateDisabled,TM_English.xml,keyed,Replication Disabled,禁用复制
TM_ReplicateDisabledDesc,Clear bills related to replication and allow a new replication.,TM_ReplicateDisabledDesc,TM_English.xml,keyed,Clear bills related to replication and allow a new replication.,清除与复制相关的清单并允许新的复制。
TM_PromoteWanderer,Promote To Wanderer,TM_PromoteWanderer,TM_English.xml,keyed,Promote To Wanderer,晋升为流浪者
TM_PromoteWandererDesc,"Promotes the Gifted pawn to the Wanderer class. The Wanderer has no class abilities but can learn all classless standalone abilities (cantrips) using scrolls, and can improve cantrips beyond their normal potential.

*To become a mage class, the pawn must read a torn arcane script or arcane tome.*

**Once promoted, the pawn cannot become another mage class, the decision is permanent and cannot be reverted - this includes the Wanderer class.**",TM_PromoteWandererDesc,TM_English.xml,keyed,"Promotes the Gifted <ALIMT >(PH_7)</ALIMT> to the Wanderer <ALIMT >class</ALIMT>. The Wanderer has no <ALIMT >class</ALIMT> abilities but can learn all classless standalone abilities (cantrips) using scrolls, and can improve cantrips beyond their normal potential.<ALIMT >(PH_6)</ALIMT><ALIMT >(PH_5)</ALIMT>*To become a mage <ALIMT >class</ALIMT>, the <ALIMT >(PH_4)</ALIMT> must read a torn arcane script or arcane tome.*<ALIMT >(PH_3)</ALIMT><ALIMT >(PH_2)</ALIMT>**Once promoted, the <ALIMT >(PH_1)</ALIMT> cannot become another mage <ALIMT >class</ALIMT>, the decision is permanent and cannot be reverted - this includes the Wanderer <ALIMT >class</ALIMT>.**","提升天才pawn敬漫游者班级没有。漫游者没有班级能力，但可以使用卷轴学习所有无类独立能力 (cantrips)，并可以提高 cantrips 超出其正常潜力。

* 成为一名法师班级,这个pawn必须阅读撕裂的神秘剧本或神秘巨著。*

* * 晋升后,pawn无法成为其他法师班级,该决定是永久的，不能被恢复 -- 这包括流浪者班级。* *"
TM_PromoteWayfarer,Promote To Wayfarer,TM_PromoteWayfarer,TM_English.xml,keyed,Promote To Wayfarer,晋升为旅行者
TM_PromoteWayfarerDesc,"Promotes the Gifted pawn to the Wayfarer class. The Wayfarer has no class abilities but can learn all classless standalone abilities using scrolls, and can improve combat abilities beyond their normal potential.

*To become a might class, the pawn must read a book teaching a Combat Form.*

**Once promoted, the pawn cannot become another fighter class, the decision is permanent and cannot be reverted - this includes the Wayfarer class.**",TM_PromoteWayfarerDesc,TM_English.xml,keyed,"Promotes the Gifted <ALIMT >(PH_7)</ALIMT> to the Wayfarer <ALIMT >class</ALIMT>. The Wayfarer has no <ALIMT >class</ALIMT> abilities but can learn all classless standalone abilities using scrolls, and can improve combat abilities beyond their normal potential.<ALIMT >(PH_6)</ALIMT><ALIMT >(PH_5)</ALIMT>*To become a might <ALIMT >class</ALIMT>, the <ALIMT >(PH_4)</ALIMT> must read a book teaching a Combat Form.*<ALIMT >(PH_3)</ALIMT><ALIMT >(PH_2)</ALIMT>**Once promoted, the <ALIMT >(PH_1)</ALIMT> cannot become another fighter <ALIMT >class</ALIMT>, the decision is permanent and cannot be reverted - this includes the Wayfarer <ALIMT >class</ALIMT>.**","提升天才pawn对旅行者班级没有。旅行者没有班级能力，但可以使用卷轴学习所有无类别的独立能力，并可以提高超出其正常潜力的战斗能力。

* 成为可能班级,这个pawn必须阅读教授战斗形式的书籍。*

* * 晋升后,pawn无法成为其他斗士班级,该决定是永久的，不能被还原-这包括旅行者班级。* *"
TM_ActivateGolem,Activate,TM_ActivateGolem,TM_English.xml,keyed,Activate,激活
TM_ActivateGolemDesc,"Begins the process to activate the golem - after activating, the golem will move about as a normal pawn. Any upgrades or repairs being performed in the dormant state will be discarded. Requires a minimum of {0} energy to activate.",TM_ActivateGolemDesc,TM_English.xml,keyed,"Begins the process to activate the golem - after activating, the golem will move about as a normal <ALIMT >(PH_2)</ALIMT>. Any upgrades or repairs being performed in the dormant state will be discarded. Requires a minimum of <ALIMT >(PH_1)</ALIMT> energy to activate.",开始激活傀儡 -- 激活后，傀儡将会正常地四处移动pawn没有。任何在休眠状态下进行的升级或维修都将被丢弃。需要最少{0}能量激活。
TM_DeActivateGolem,Deactivate,TM_DeActivateGolem,TM_English.xml,keyed,Deactivate,无效化
TM_DeActivateGolemDesc,"Orders the golem to become dormant. The golem will attempt to return to its assigned dormant location. If this location is unreachable, the golem will deactivate at its current location. If the location is available, issuing this command a second time will override the return command and immediately deactivate the golem at it's current position.",TM_DeActivateGolemDesc,TM_English.xml,keyed,"Orders the golem to become dormant. The golem will attempt to return to its assigned dormant location. If this location is unreachable, the golem will deactivate at its current location. If the location is available, issuing this command a second time will override the return command and immediately deactivate the golem at it's current position.",命令傀儡休眠。傀儡将尝试返回到其指定的休眠位置。如果无法到达此位置，魔像将在其当前位置停用。如果该位置可用，再次发出此命令将覆盖返回命令，并立即停用当前位置的傀儡。
TM_ActivateGolemDisabled,Disabled - {0},TM_ActivateGolemDisabled,TM_English.xml,keyed,Disabled - <ALIMT >(PH_1)</ALIMT>,禁用-{0}
TM_AssignGolemRestPosition,Dormant position,TM_AssignGolemRestPosition,TM_English.xml,keyed,Dormant position,休眠位置
TM_AssignGolemRestPositionDesc,Assigns the location the golem should deactivate.,TM_AssignGolemRestPositionDesc,TM_English.xml,keyed,Assigns the location the golem should deactivate.,指定傀儡应该停用的位置。
TM_DormantPositionUnreachable,Selected position is unreachable or occupied - canceling,TM_DormantPositionUnreachable,TM_English.xml,keyed,Selected position is unreachable or occupied - canceling,所选职位无法到达或已被占用-取消
TM_GolemStationaryDefenseToggle,defense protocol,TM_GolemStationaryDefenseToggle,TM_English.xml,keyed,defense protocol,辩护律师
TM_GolemStationaryDefenseToggleDesc,Toggles stationary defenses. The golem remains in a dormant state while using stationary defenses.,TM_GolemStationaryDefenseToggleDesc,TM_English.xml,keyed,Toggles stationary defenses. The golem remains in a dormant state while using stationary defenses.,切换固定防御。傀儡在使用固定防御时保持休眠状态。
TM_GolemActiveDefenseToggle,engagement protocol,TM_GolemActiveDefenseToggle,TM_English.xml,keyed,engagement protocol,交战协议
TM_GolemActiveDefenseToggleDesc,Toggles active defenses. The golem will activate if an enemy enters its threat range. Threat range may be adjusted a golem by selecting the dormant golem and opening the golem tab.,TM_GolemActiveDefenseToggleDesc,TM_English.xml,keyed,Toggles active defenses. The golem will activate if an enemy enters its threat range. Threat range may be adjusted a golem by selecting the dormant golem and opening the golem tab.,开关已激活的防御系统。如果敌人进入其威胁范围，傀儡将会激活。可以通过选择休眠的傀儡并打开 “傀儡” 选项卡来调整威胁范围。
TM_UpgradesVerbatum,Upgrades,TM_UpgradesVerbatum,TM_English.xml,keyed,Upgrades,升级
TM_GolemThreatRange,Threat range: ,TM_GolemThreatRange,TM_English.xml,keyed,Threat range: ,威胁范围:
TM_GolemThreatRangeDesc,Determines the distance the golem will detect and activate to engage a hostile target; this value also determines the distance an active golem will engage a threat. Setting this value to 0 will prevent a dormant golem from activating from a nearby threat.,TM_GolemThreatRangeDesc,TM_English.xml,keyed,Determines the distance the golem will detect and activate to engage a hostile target; this value also determines the distance an active golem will engage a threat. Setting this value to 0 will prevent a dormant golem from activating from a nearby threat.,决定傀儡检测到敌人并激活其与敌对目标交战的距离; 此数值还决定了活跃的傀儡与威胁交战的距离。将此数值设置为 0 将会阻止一个休眠的傀儡从附近的威胁中激活。
TM_GolemAbilityMinimum,Ability threshold: ,TM_GolemAbilityMinimum,TM_English.xml,keyed,Ability threshold: ,能力临界值:
TM_GolemAbilityMinimumDesc,Determines the minimum energy percent required to use abilities that cost energy; the golem will not use abilities that require energy if the energy percent is less than this value. Setting this value to 100% will disable ability use.,TM_GolemAbilityMinimumDesc,TM_English.xml,keyed,Determines the minimum energy percent required to use abilities that cost energy; the golem will not use abilities that require energy if the energy percent is less than this value. Setting this value to 100% will disable ability use.,确定使用消耗能量的能力所需的最小能量百分比; 如果能量百分比小于此值，魔体会不会使用需要能量的能力。将此数值设置为 100% 将禁用能力使用。
TM_GolemRestMinimum,Rest threshold: ,TM_GolemRestMinimum,TM_English.xml,keyed,Rest threshold: ,休息临界值:
TM_GolemRestMinimumDesc,The energy percent that the golem will attempt to return to its dormant position to de-activate and recharge energy; the golem will automatically de-activate at 0%.,TM_GolemRestMinimumDesc,TM_English.xml,keyed,The energy percent that the golem will attempt to return to its dormant position to de-activate and recharge energy; the golem will automatically de-activate at 0%.,傀儡试图回到其休眠位置以进行无激活和补充能量的能量百分比; 傀儡将在 0% 时自动无激活。
TM_GolemAwakenMinimum,Activate threshold: ,TM_GolemAwakenMinimum,TM_English.xml,keyed,Activate threshold: ,激活阈值:
TM_GolemAwakenMinimumDesc,The energy percent at which that the golem will activate to perform tasks; set to 10% or less to disable automatic activation.,TM_GolemAwakenMinimumDesc,TM_English.xml,keyed,The energy percent at which that the golem will activate to perform tasks; set to 10% or less to disable automatic activation.,魔人在执行任务时获得激活的能量百分比; 设置为 10% 或更低，以禁用自动激活。
TM_GolemMasterDesc,Assigns a golemancer as the master of this golem; assigning a master allows the golem improved behavior to protect the assigned golemancer.,TM_GolemMasterDesc,TM_English.xml,keyed,Assigns a golemancer as the master of this golem; assigning a master allows the golem improved behavior to protect the assigned golemancer.,指定一名傀儡种作为这个傀儡的主人; 指定一个傀儡种可以改善行为来保护指定的傀儡种。
TM_GolemFollowsMaster,Follow master,TM_GolemFollowsMaster,TM_English.xml,keyed,Follow master,跟随主人
TM_GolemFollowsMasterDesc,"When enabled, the golem will prioritize following and protecting its master above all other work related tasks. The golem must have a master assigned.",TM_GolemFollowsMasterDesc,TM_English.xml,keyed,"When enabled, the golem will prioritize following and protecting its master above all other work related tasks. The golem must have a master assigned.",启用后，傀儡将优先考虑跟随和保护其主人，而不是其他所有与工作相关的任务。傀儡必须有被指派的主人。
TM_GolemDraftedFollow,Drafted only,TM_GolemDraftedFollow,TM_English.xml,keyed,Drafted only,仅被征召
TM_GolemDraftedFollowDesc,Follows master only when master is drafted.,TM_GolemDraftedFollowDesc,TM_English.xml,keyed,Follows master only when master is drafted.,只有当主人被征召时，才跟随主人。
TM_GolemDormantWhenUpgrading,Stay dormant when upgrading,TM_GolemDormantWhenUpgrading,TM_English.xml,keyed,Stay dormant when upgrading,升级时保持休眠
TM_GolemDormantWhenUpgradingDesc,"When enabled, the golem will remain in a dormant state if there are queued bills. A golem will always remain dormant when a bill is in progress (unfinished upgrade).",TM_GolemDormantWhenUpgradingDesc,TM_English.xml,keyed,"When enabled, the golem will remain in a dormant state if there are queued bills. A golem will always remain dormant when a bill is in progress (unfinished upgrade).",启用后，如果有排队的账单，魔像将保持在休眠状态。一个傀儡将永远保持休眠状态，当一个清单正在进行 (未完成的升级)。
TM_GolemUseAbilitiesWhileDormant,Use abilities while dormant,TM_GolemUseAbilitiesWhileDormant,TM_English.xml,keyed,Use abilities while dormant,休眠时使用能力
TM_GolemUseAbilitiesWhileDormantDesc,"When disabled, a dormant golem will never use abilities.",TM_GolemUseAbilitiesWhileDormantDesc,TM_English.xml,keyed,"When disabled, a dormant golem will never use abilities.",当禁用时，休眠的傀儡将永远不会使用能力。
TM_GolemRestrictedAggression,Restricted aggression,TM_GolemRestrictedAggression,TM_English.xml,keyed,Restricted aggression,有限的侵略
TM_GolemRestrictedAggressionDesc,"When enabled, the golem will not activate or pursue targets through doors or beyond its allowed zone.",TM_GolemRestrictedAggressionDesc,TM_English.xml,keyed,"When enabled, the golem will not activate or pursue targets through doors or beyond its allowed zone.",当启用时，魔人将不会通过门或超出其允许的区域来激活或追逐目标。
TM_GolemName,Golem name,TM_GolemName,TM_English.xml,keyed,Golem name,傀儡名字
TM_GolemNameDesc,Change golem name,TM_GolemNameDesc,TM_English.xml,keyed,Change golem name,更改魔像名称
TM_GolemMasterLabel,Golemancer,TM_GolemMasterLabel,TM_English.xml,keyed,Golemancer,魔械猎人
TM_ActivatesGolem_Time,Activates the golem - this typically takes a small amount of time. The golem will not be able to activate if it is undergoing upgrades.,TM_ActivatesGolem_Time,TM_English.xml,keyed,Activates the golem - this typically takes a small amount of time. The golem will not be able to activate if it is undergoing upgrades.,激活傀儡-这通常需要少量的时间。如果傀儡正在升级，它将无法激活。
TM_DeActivatesGolem_Time,Deactivates the golem - this will send the golem back to their resting position and may take some time.,TM_DeActivatesGolem_Time,TM_English.xml,keyed,Deactivates the golem - this will send the golem back to their resting position and may take some time.,停用傀儡-这将把傀儡送回其休息位置，可能需要一些时间。
TM_GolemAssignAreaDesc,Allow area,TM_GolemAssignAreaDesc,TM_English.xml,keyed,Allow area,允许活动区域
TM_RemovePossession,Leave body,TM_RemovePossession,TM_English.xml,keyed,Leave body,离开身体
TM_RemovePossessionDesc,The spirit leaves the body willingly and the characteristics of the pawn return to its state prior to possession.,TM_RemovePossessionDesc,TM_English.xml,keyed,The spirit leaves the body willingly and the characteristics of the <ALIMT >(PH_1)</ALIMT> return to its state prior to <ALIMT >possession</ALIMT>.,灵魂心甘情愿地离开身体，以及pawn回到其之前的状态:附身没有。
TM_GolemDoScreenShake,Golem screen shake,TM_GolemDoScreenShake,TM_English.xml,keyed,Golem screen shake,魔屏震动
TM_GolemDoScreenShakeDesc,"When disabled, golems will not cause the screen to shake when they activate or deactivate.",TM_GolemDoScreenShakeDesc,TM_English.xml,keyed,"When disabled, golems will not cause the screen to shake when they activate or deactivate.",禁用时，魔像不会导致屏幕在它们激活或停用时震动。
TM_EndSymbiosis,End Symbiosis,TM_EndSymbiosis,TM_English.xml,keyed,End Symbiosis,结束共生
TM_EndSymbiosisDesc,The empath detaches their will from the host and returns to his or her body. This option is only available if the host is near the symbiote.,TM_EndSymbiosisDesc,TM_English.xml,keyed,The empath detaches their will from the host and returns to his or her body. This option is only available if the host is near the symbiote.,读心者会将其意志与宿主分离，并回归其身体。只有当宿主在共生体附近时，此选项才可用。
TM_GolemAssignArea,Restricts golem to this area,TM_GolemAssignArea,TM_English.xml,keyed,Restricts golem to this area,限制傀儡到此区域
TM_GolemCharge,Energy: {0}%,TM_GolemCharge,TM_English.xml,keyed,Energy: <ALIMT >(PH_1)</ALIMT>,能量:{0}%
TM_SetVerbatum,Set,TM_SetVerbatum,TM_English.xml,keyed,Set,已简单固定
TM_SelectPortalDestination,Activate Portal,TM_SelectPortalDestination,TM_English.xml,keyed,Activate Portal,激活传送门
TM_UsePortal,Use Portal,TM_UsePortal,TM_English.xml,keyed,Use Portal,使用传送门
TM_DeactivatePortal,Deactivate Portal,TM_DeactivatePortal,TM_English.xml,keyed,Deactivate Portal,停用传送门
TM_ChargePortal,Charge Portal: {0}%,TM_ChargePortal,TM_English.xml,keyed,Charge Portal: <ALIMT >(PH_1)</ALIMT>,电荷传送门:{0}%
TM_CommandMakePortalStockpileDesc,"Creates a stockpile around the portal. When transporting items, the portal will move all items within this stockpile.",TM_CommandMakePortalStockpileDesc,TM_English.xml,keyed,"Creates a stockpile around the portal. When transporting items, the portal will move all items within this stockpile.",在门户周围创建储存区。在运输物品时，传送门会移动该储存区内的所有物品。
TM_CommandMakePortalStockpileLabel,Portal stockpile,TM_CommandMakePortalStockpileLabel,TM_English.xml,keyed,Portal stockpile,传送门储存区
TM_PortalStockpile,Transport Items,TM_PortalStockpile,TM_English.xml,keyed,Transport Items,运输物品
TM_PortalFailed,"{0} failed when attempting to use the portal - if this persists, try deactivating the portal and resetting the target location.",TM_PortalFailed,TM_English.xml,keyed,"<ALIMT >(PH_1)</ALIMT> failed when attempting to use the portal - if this persists, try deactivating the portal and resetting the target location.",{0}尝试使用门户失败-如果这种情况仍然存在，请尝试停用门户并重置目标位置。
TM_PortalDestinationInvalid,"Invalid destination cell - destination must be a known, visible, and player occupied map.",TM_PortalDestinationInvalid,TM_English.xml,keyed,"Invalid destination cell - destination must be a known, visible, and player occupied map.",无效的目标格-目标必须是已知的、可见的、玩家已占用的地图。
TM_NoValidPortalDestination,"No valid portal destination selected, exiting without assignment.",TM_NoValidPortalDestination,TM_English.xml,keyed,"No valid portal destination selected, exiting without assignment.",没有选择任何有效的传送门目的地，将在没有分配的情况下离开。
TM_PortalNoGatewayLearned,{0} has not mastered the Gateway spell,TM_PortalNoGatewayLearned,TM_English.xml,keyed,<ALIMT >(PH_1)</ALIMT> has not mastered the Gateway spell,{0}尚未掌握破门咒
TM_NeedManaToActivatePortal,Activate: {0} of .70 mana,TM_NeedManaToActivatePortal,TM_English.xml,keyed,Activate: <ALIMT >(PH_1)</ALIMT> of .70 mana,激活:{0}0.70 法力值
TM_ChargeManaStorage,Charge: {0}%,TM_ChargeManaStorage,TM_English.xml,keyed,Charge: <ALIMT >(PH_1)</ALIMT>,充能:{0}%
TabEnchantment,Enchanted,TabEnchantment,TM_English.xml,keyed,Enchanted,被迷住了
TM_DropGem,Drop {0},TM_DropGem,TM_English.xml,keyed,Drop <ALIMT >(PH_1)</ALIMT>,丢下{0}
TM_PickupGem,Equip {0} for enchanting,TM_PickupGem,TM_English.xml,keyed,Equip <ALIMT >(PH_1)</ALIMT> for enchanting,装备{0}为迷人
TM_CannotReach,Cannot reach,TM_CannotReach,TM_English.xml,keyed,Cannot reach,无法到达
TM_EnchantItem,Enchant {0},TM_EnchantItem,TM_English.xml,keyed,Enchant <ALIMT >(PH_1)</ALIMT>,附魔{0}
TM_CannotDrop,Cannot drop {0},TM_CannotDrop,TM_English.xml,keyed,Cannot drop <ALIMT >(PH_1)</ALIMT>,无法丢下{0}
TM_NeedManaForEnchant,Enchantment: {0} of .5 mana,TM_NeedManaForEnchant,TM_English.xml,keyed,Enchantment: <ALIMT >(PH_1)</ALIMT> of .5 mana,迷人:{0}.5 法力值
TabGolem,Golem,TabGolem,TM_English.xml,keyed,Golem,魔人
TM_GolemAbilities,{0}'s Abilities,TM_GolemAbilities,TM_English.xml,keyed,<ALIMT >(PH_1)</ALIMT>'s Abilities,{0}的能力
TM_GolemAbilitiesButton,Abilities,TM_GolemAbilitiesButton,TM_English.xml,keyed,Abilities,能力
TM_GolemAbilityEnabledDesc,Toggles use of {0}: {1},TM_GolemAbilityEnabledDesc,TM_English.xml,keyed,Toggles use of <ALIMT >(PH_2)</ALIMT>: <ALIMT >(PH_1)</ALIMT>,切换使用频率{0}:{1}
TM_GolemWorkTypeEnabledDesc,Toggles use of {0},TM_GolemWorkTypeEnabledDesc,TM_English.xml,keyed,Toggles use of <ALIMT >(PH_1)</ALIMT>,切换使用频率{0}
TM_GolemShowDormant,Show dormant frame,TM_GolemShowDormant,TM_English.xml,keyed,Show dormant frame,显示休眠框架
TM_GolemShowDormantDesc,Shows a frame over this golem's dormant position. Use the mod options menu to toggle this for all golems.,TM_GolemShowDormantDesc,TM_English.xml,keyed,Shows a frame over this golem's dormant position. Use the mod options menu to toggle this for all golems.,显示此傀儡休眠位置上方的框架。使用 mod 选项菜单为所有魔像切换。
TM_MaxMPLabel,Max Energy Increase: {0}%,TM_MaxMPLabel,TM_English.xml,keyed,Max Energy Increase: <ALIMT >(PH_1)</ALIMT>,能量增幅:{0}%
TM_MPRegenRateLabel,Energy Regen Increase: {0}%,TM_MPRegenRateLabel,TM_English.xml,keyed,Energy Regen Increase: <ALIMT >(PH_1)</ALIMT>,能量再生增加:{0}%
TM_CoolDownLabel,Ability Cooldown Reduction: {0}%,TM_CoolDownLabel,TM_English.xml,keyed,Ability Cooldown Reduction: <ALIMT >(PH_1)</ALIMT>,能力冷却时间减少:{0}%
TM_MPCostLabel,Ability Cost Reduction: {0}%,TM_MPCostLabel,TM_English.xml,keyed,Ability Cost Reduction: <ALIMT >(PH_1)</ALIMT>,能力成本降低:{0}%
TM_XPGainLabel,XP Gain Increase: {0}%,TM_XPGainLabel,TM_English.xml,keyed,XP Gain Increase: <ALIMT >(PH_1)</ALIMT>,经验值加成:{0}%
TM_ArcaneResLabel,Ability Resistance: {0}%,TM_ArcaneResLabel,TM_English.xml,keyed,Ability Resistance: <ALIMT >(PH_1)</ALIMT>,能力抵抗:{0}%
TM_ArcaneDmgLabel,Ability Bonus: {0}%,TM_ArcaneDmgLabel,TM_English.xml,keyed,Ability Bonus: <ALIMT >(PH_1)</ALIMT>,能力加成:{0}%
TM_ArcaneSpectre,Arcane Spectre,TM_ArcaneSpectre,TM_English.xml,keyed,Arcane Spectre,神秘幽灵
TM_PhantomShift,Phantom Shift,TM_PhantomShift,TM_English.xml,keyed,Phantom Shift,幻象转移
TM_ArcalleumCooldown,Arcalleum Cooldown: {0}%,TM_ArcalleumCooldown,TM_English.xml,keyed,Arcalleum Cooldown: <ALIMT >(PH_1)</ALIMT>,虚空冷却时间:{0}%
TM_EA_Hediff,{0}: {1} {2}% on hit,TM_EA_Hediff,TM_English.xml,keyed,<ALIMT >(PH_3)</ALIMT>: <ALIMT >(PH_2)</ALIMT> <ALIMT >(PH_1)</ALIMT> on hit,{0}:{1}{2}%命中
TM_EA_Damage,{0}: {1}-{2} {3} damage {4}% on hit,TM_EA_Damage,TM_English.xml,keyed,<ALIMT >(PH_5)</ALIMT>: <ALIMT >(PH_4)</ALIMT>-<ALIMT >(PH_3)</ALIMT> <ALIMT >(PH_2)</ALIMT> damage <ALIMT >(PH_1)</ALIMT> on hit,{0}:{1}X{2}{3}伤害{4}%命中
TM_Enchanted,Enchanted!,TM_Enchanted,TM_English.xml,keyed,Enchanted!,被迷住了!
TM_Use,Use {0},TM_Use,TM_English.xml,keyed,Use <ALIMT >(PH_1)</ALIMT>,使用{0}
TM_Read,Read {0},TM_Read,TM_English.xml,keyed,Read <ALIMT >(PH_1)</ALIMT>,阅读{0}
TM_Inject,Inject {0},TM_Inject,TM_English.xml,keyed,Inject <ALIMT >(PH_1)</ALIMT>,注射{0}
TM_MCU_BaseMana,Base mana gain: {0},TM_MCU_BaseMana,TM_English.xml,keyed,Base mana gain: <ALIMT >(PH_1)</ALIMT>,基础法力点数:{0}
TM_MCU_BaseRegen,Mana regen bonus: {0},TM_MCU_BaseRegen,TM_English.xml,keyed,Mana regen bonus: <ALIMT >(PH_1)</ALIMT>,法力再生加成:{0}
TM_MCU_ManaSurge,Mana surge: +{0},TM_MCU_ManaSurge,TM_English.xml,keyed,Mana surge: +<ALIMT >(PH_1)</ALIMT>,法力冲击: +{0}
TM_MCU_Syrrium,Syrrium boost: +{0},TM_MCU_Syrrium,TM_English.xml,keyed,Syrrium boost: +<ALIMT >(PH_1)</ALIMT>,Syrrium boost: +{0}
TM_MCU_EnergyDrainBonus,Modified mana gain: {0},TM_MCU_EnergyDrainBonus,TM_English.xml,keyed,Modified mana gain: <ALIMT >(PH_1)</ALIMT>,修改后的法力点数:{0}
TM_MCU_RegenBonus,Energy regen bonus: +{0},TM_MCU_RegenBonus,TM_English.xml,keyed,Energy regen bonus: +<ALIMT >(PH_1)</ALIMT>,能量再生加成: +{0}
TM_MCU_ManaWeakness,Mana weakness: -{0},TM_MCU_ManaWeakness,TM_English.xml,keyed,Mana weakness: -<ALIMT >(PH_1)</ALIMT>,法力虚弱:-{0}
TM_MCU_Minion,Minion cost: -{0},TM_MCU_Minion,TM_English.xml,keyed,Minion cost: -<ALIMT >(PH_1)</ALIMT>,仆从成本:-{0}
TM_MCU_Sprite,Sprite cost: -{0},TM_MCU_Sprite,TM_English.xml,keyed,Sprite cost: -<ALIMT >(PH_1)</ALIMT>,雪碧成本:-{0}
TM_MCU_Undead,Undead cost: -{0},TM_MCU_Undead,TM_English.xml,keyed,Undead cost: -<ALIMT >(PH_1)</ALIMT>,不死生物消耗:-{0}
TM_MCU_ManaDrain,Mana drain: -{0},TM_MCU_ManaDrain,TM_English.xml,keyed,Mana drain: -<ALIMT >(PH_1)</ALIMT>,法力消耗:-{0}
TM_MCU_ManaSickness,Mana sickness: -{0},TM_MCU_ManaSickness,TM_English.xml,keyed,Mana sickness: -<ALIMT >(PH_1)</ALIMT>,法力虚弱:-{0}
TM_MCU_Paracyte,Paracytic drain: -{0},TM_MCU_Paracyte,TM_English.xml,keyed,Paracytic drain: -<ALIMT >(PH_1)</ALIMT>,机械体耗散:-{0}
TM_MCU_ManaNet,Total mana upkeep: {0},TM_MCU_ManaNet,TM_English.xml,keyed,Total mana upkeep: <ALIMT >(PH_1)</ALIMT>,总法力维持:{0}
TM_MCU_CurrentLevel,Current Level:,TM_MCU_CurrentLevel,TM_English.xml,keyed,Current Level:,当前等级:
TM_MCU_NextLevel,Next Level:,TM_MCU_NextLevel,TM_English.xml,keyed,Next Level:,下一级:
TM_MCU_PointsToLearn,{0} points to ,TM_MCU_PointsToLearn,TM_English.xml,keyed,<ALIMT >(PH_1)</ALIMT> points to ,{0}点数至
TM_UndeadVerbatum,Undead,TM_UndeadVerbatum,TM_English.xml,keyed,Undead,不死灵
